Actual,Predicted
0.722351758032472,0.6804129311223625
-1.3843670883058157,-1.298050133581805
-1.3843670883058157,-0.49628331629889055
-1.3843670883058157,-1.5753682984700723
0.722351758032472,-0.4291060417143878
-1.3843670883058157,-0.9852972842765896
-1.3843670883058157,-0.8090094065564586
-1.3843670883058157,-1.1070770858797476
-1.3843670883058157,-1.2816255302838115
0.722351758032472,0.6407074320444873
0.722351758032472,1.4368269217432736
-1.3843670883058157,-1.4679860931891844
0.722351758032472,0.9216799381619253
-1.3843670883058157,-0.6902836995933818
-1.3843670883058157,-1.2690001648182596
-1.3843670883058157,-0.6833866061082808
0.722351758032472,1.3807374562580779
-1.3843670883058157,-1.3244502483363019
-1.3843670883058157,-1.0888422050248157
-1.3843670883058157,-0.927424064217131
0.722351758032472,0.365681727525454
0.722351758032472,0.3653140292563606
0.722351758032472,0.631166500048907
0.722351758032472,1.0306207683055901
0.722351758032472,0.20813650410400542
0.722351758032472,0.5728223360798915
-1.3843670883058157,-0.799691258846419
0.722351758032472,0.4641283744775274
0.722351758032472,0.27695176072562666
-1.3843670883058157,-1.0609923643863892
-1.3843670883058157,-1.2576732686872925
0.722351758032472,0.5178744301648962
0.722351758032472,0.30884122975438666
-1.3843670883058157,-0.6494114565558003
0.722351758032472,0.3325240897133438
-1.3843670883058157,-1.2947442960401725
0.722351758032472,1.166722066671246
-1.3843670883058157,-1.0076098678248393
0.722351758032472,0.6980334443042749
0.722351758032472,-0.4384103718301464
0.722351758032472,1.1757324247112675
0.722351758032472,1.3423520958837898
0.722351758032472,0.6878938158285725
0.722351758032472,1.5121492228138869
-1.3843670883058157,0.36266154114849836
-1.3843670883058157,-1.0685487787481645
0.722351758032472,0.49494898471191784
-1.3843670883058157,-1.0969652718008116
0.722351758032472,0.7275053517290982
-1.3843670883058157,-1.2296868923414723
0.722351758032472,0.3762277046166931
0.722351758032472,-0.4702173033666279
0.722351758032472,0.25993269039213374
-1.3843670883058157,-1.203737736916264
-1.3843670883058157,-1.0533308190037283
0.722351758032472,-0.5173707014976017
0.722351758032472,0.37134090492132876
0.722351758032472,0.835632269535651
0.722351758032472,0.3520598300962918
0.722351758032472,1.067361985040011
0.722351758032472,-0.39070652320186733
-1.3843670883058157,-1.0905730044054498
-1.3843670883058157,-1.272887304506567
-1.3843670883058157,-1.642925959603684
-1.3843670883058157,-1.2888588170073043
0.722351758032472,0.9356062244212998
0.722351758032472,1.2530687817586172
0.722351758032472,0.48474220305121907
0.722351758032472,0.8185165175715913
0.722351758032472,1.0379477221820599
0.722351758032472,1.1477470179711298
0.722351758032472,0.663520109752947
0.722351758032472,1.2166992406616428
0.722351758032472,1.0002818831401963
0.722351758032472,0.4001516799025753
-1.3843670883058157,-1.2352400643867705
0.722351758032472,1.1450113162621243
-1.3843670883058157,-1.0046306523901696
-1.3843670883058157,-1.19093261156265
0.722351758032472,0.6326843902140121
0.722351758032472,0.47095601893768424
-1.3843670883058157,-0.732275040764975
0.722351758032472,1.2631561351679896
-1.3843670883058157,-0.5644635637949404
0.722351758032472,0.6486495142015455
0.722351758032472,0.27161730765758496
0.722351758032472,0.8849514660622416
0.722351758032472,0.4946089382608202
0.722351758032472,0.7822202480050583
0.722351758032472,0.5345557981273198
-1.3843670883058157,-1.3697841194134046
-1.3843670883058157,-1.240259836194237
0.722351758032472,1.073401234595694
0.722351758032472,-0.49720638398745504
0.722351758032472,1.2612022499028197
-1.3843670883058157,-0.8076883604952072
-1.3843670883058157,-1.1387069410231856
0.722351758032472,0.9354733500282023
-1.3843670883058157,-0.8938543785610648
0.722351758032472,0.6243579521975543
0.722351758032472,1.0913249722962646
-1.3843670883058157,-1.060253044591732
0.722351758032472,0.4683757904990514
0.722351758032472,0.46133915534651826
-1.3843670883058157,-1.36204081466988
0.722351758032472,0.5344513536111112
0.722351758032472,0.477214300761315
-1.3843670883058157,-1.4145354578301284
0.722351758032472,0.260919897018727
0.722351758032472,0.5140464104787724
0.722351758032472,-0.46061864055634266
-1.3843670883058157,-0.5258554595817131
0.722351758032472,0.841805940145468
0.722351758032472,0.3001229171754993
0.722351758032472,0.44267262558451803
-1.3843670883058157,-1.1765614137005564
0.722351758032472,0.6730318718072125
-1.3843670883058157,-1.5050674362186096
-1.3843670883058157,-1.2233142680661464
-1.3843670883058157,-1.235472426100093
-1.3843670883058157,-1.3274692354913031
0.722351758032472,0.5641527452002065
0.722351758032472,0.9391347383576963
0.722351758032472,0.7508451254523304
0.722351758032472,0.25871278794138475
-1.3843670883058157,-1.5301304686906243
-1.3843670883058157,-1.2101805274970938
-1.3843670883058157,-1.3261584192128466
-1.3843670883058157,-1.1930124720250586
0.722351758032472,0.6463008041055739
0.722351758032472,0.5168150337696332
0.722351758032472,0.3648158148101832
-1.3843670883058157,-1.1784624014213216
-1.3843670883058157,-1.0808905445207078
0.722351758032472,-0.6515959376259758
-1.3843670883058157,-0.9141130801434038
0.722351758032472,1.2046397507735715
0.722351758032472,-0.34550006002133615
0.722351758032472,1.0426018144401454
-1.3843670883058157,-1.3159180973137676
-1.3843670883058157,-0.9912110381260376
0.722351758032472,0.6043137628912193
0.722351758032472,0.46684411769830003
-1.3843670883058157,-1.20367300120735
0.722351758032472,0.3661421335392948
-1.3843670883058157,-0.7634468365745559
-1.3843670883058157,-1.3999130563441886
0.722351758032472,0.6629235260428165
0.722351758032472,-0.27055017170686324
0.722351758032472,0.26642909715175545
0.722351758032472,0.6826515397467575
-1.3843670883058157,-1.0136727255854308
0.722351758032472,0.3134252937438734
0.722351758032472,0.5311094754243205
-1.3843670883058157,-0.6249893221130179
0.722351758032472,1.287248150502498
0.722351758032472,0.3146586519057566
0.722351758032472,0.7568331003159102
0.722351758032472,0.24104477719819362
-1.3843670883058157,-0.7361015176607502
-1.3843670883058157,-1.0211214681073586
0.722351758032472,0.19085015110185033
-1.3843670883058157,-1.0333726066068654
0.722351758032472,-0.3632382097583114
0.722351758032472,0.35403137826553177
-1.3843670883058157,-1.3574512070939542
0.722351758032472,0.2906870096692582
0.722351758032472,0.16593811041765472
0.722351758032472,0.6540799374898948
-1.3843670883058157,-1.3073740121088449
0.722351758032472,0.5666787729432389
-1.3843670883058157,-1.1496984042476668
0.722351758032472,1.158164856777014
0.722351758032472,0.6859399732408805
-1.3843670883058157,-1.0506648477383638
-1.3843670883058157,-1.3394192147451198
0.722351758032472,0.6659992181512912
0.722351758032472,1.407778465877536
-1.3843670883058157,-0.9768506251722868
0.722351758032472,0.8824784665189823
0.722351758032472,0.7331008930718671
0.722351758032472,1.0130270095037952
0.722351758032472,0.4692415892027062
0.722351758032472,0.5099672120260667
0.722351758032472,1.1425641128180035
0.722351758032472,1.1291950762903866
0.722351758032472,1.1995255498642603
0.722351758032472,0.8013902984524482
0.722351758032472,0.3580231188716957
-1.3843670883058157,-0.8395946908700775
-1.3843670883058157,-1.407274112371983
0.722351758032472,1.159195961617399
-1.3843670883058157,-1.2166299814115022
0.722351758032472,0.773253395135744
-1.3843670883058157,-1.340038613416282
0.722351758032472,1.094311356755647
-1.3843670883058157,-0.886583425798223
-1.3843670883058157,-0.8296523304559746
0.722351758032472,0.2750214332961267
0.722351758032472,1.135359756403143
0.722351758032472,-0.49572443917713305
-1.3843670883058157,-1.303027184157727
0.722351758032472,0.5632061878967224
-1.3843670883058157,-1.1752004548341122
0.722351758032472,1.4473115095987814
0.722351758032472,0.5606960314874417
0.722351758032472,0.32890764510032744
-1.3843670883058157,-1.3818832256106652
0.722351758032472,0.6040511490361923
-1.3843670883058157,-0.9625967273921452
-1.3843670883058157,-1.0869985371781583
0.722351758032472,0.8139138764152217
-1.3843670883058157,-1.1002790799444169
-1.3843670883058157,-1.1843660691357605
0.722351758032472,0.9784537325148818
-1.3843670883058157,-1.0731524210760388
-1.3843670883058157,-0.5533278398294305
-1.3843670883058157,-1.1424325580573464
-1.3843670883058157,-1.0101206595718693
0.722351758032472,1.2134810055219005
0.722351758032472,0.43467317145838325
-1.3843670883058157,-1.2690159973840967
-1.3843670883058157,-1.3403767491652137
0.722351758032472,0.45670798819025116
0.722351758032472,0.6228369133996362
0.722351758032472,0.5326025814938061
0.722351758032472,0.34086091216938386
0.722351758032472,0.32590792584434336
-1.3843670883058157,-0.9790491329389949
0.722351758032472,0.3995379286239161
0.722351758032472,1.0371829195238003
0.722351758032472,0.4261563715851624
0.722351758032472,0.2516530636216838
0.722351758032472,0.18773511337375826
-1.3843670883058157,-1.2670427154665298
-1.3843670883058157,-1.4127448840569101
-1.3843670883058157,-1.4924040517581414
0.722351758032472,0.7933261385328289
0.722351758032472,0.6887824282695348
-1.3843670883058157,-0.8464049153760858
0.722351758032472,0.5103053490610908
0.722351758032472,0.6900803796299396
0.722351758032472,1.0511260799443827
0.722351758032472,0.652545662690574
0.722351758032472,0.6296225251509894
0.722351758032472,0.35700735853349896
-1.3843670883058157,-1.3392605246558773
0.722351758032472,0.5719296868272862
0.722351758032472,1.3281003216258092
-1.3843670883058157,-1.0971527978177888
0.722351758032472,0.677300935427882
0.722351758032472,1.086915407582858
-1.3843670883058157,-1.3111970025117277
0.722351758032472,0.3930561793965279
0.722351758032472,0.8786965083304284
0.722351758032472,1.2744870750014718
-1.3843670883058157,-0.7878528387826506
0.722351758032472,0.12540304366320254
0.722351758032472,0.8061915790478827
-1.3843670883058157,-0.736524430206962
0.722351758032472,0.7590608845783672
0.722351758032472,-0.18467346078893232
0.722351758032472,1.0256378253437464
0.722351758032472,0.5573411653455159
0.722351758032472,-0.14385480651999194
-1.3843670883058157,-1.0603408558403538
0.722351758032472,0.7445076632448876
0.722351758032472,0.46274858937546437
-1.3843670883058157,-1.0237791159695822
-1.3843670883058157,-1.2129454775526034
-1.3843670883058157,-1.3928377896277422
-1.3843670883058157,-1.1359422217428499
0.722351758032472,-0.3236281420196555
0.722351758032472,0.43837922440265675
0.722351758032472,1.307850923785891
0.722351758032472,0.4596238479055439
-1.3843670883058157,-1.265106225241435
-1.3843670883058157,-1.195506446025652
0.722351758032472,0.38032048709427735
-1.3843670883058157,-0.8152352345199496
0.722351758032472,0.6250593311537654
0.722351758032472,0.25555960825540214
0.722351758032472,0.16052403026826279
-1.3843670883058157,-1.1291207104411103
0.722351758032472,0.5456415801848945
-1.3843670883058157,-1.3537327176419778
0.722351758032472,-0.42917135982761173
-1.3843670883058157,-0.8144541842190802
-1.3843670883058157,-0.6241606747196362
-1.3843670883058157,-1.1434761596410885
0.722351758032472,0.6165920503006054
0.722351758032472,0.34870839607748383
0.722351758032472,0.6542783325963449
0.722351758032472,0.08729173263705503
-1.3843670883058157,-1.0570529469117544
-1.3843670883058157,-0.7562265978455406
-1.3843670883058157,-0.8514674043913464
0.722351758032472,0.5605831793404074
0.722351758032472,0.5737806865364125
-1.3843670883058157,-1.2068118210665713
0.722351758032472,0.5566305228364189
-1.3843670883058157,-1.0381008977934294
0.722351758032472,-0.031310097258717806
0.722351758032472,0.7671207537940045
-1.3843670883058157,-1.330945690735696
0.722351758032472,0.6474003221718491
0.722351758032472,1.2072165297297
0.722351758032472,0.6215569171471803
-1.3843670883058157,-1.2860767399308028
0.722351758032472,0.3724455097140186
-1.3843670883058157,-1.1252313727000796
-1.3843670883058157,-1.4154822227775201
0.722351758032472,1.3566070164946384
0.722351758032472,0.22178700354636394
0.722351758032472,0.40591854549997464
0.722351758032472,0.5290652860016897
-1.3843670883058157,-1.1855970502645445
0.722351758032472,0.7235497748600853
0.722351758032472,1.3060752283631665
0.722351758032472,0.5742496910620422
0.722351758032472,0.390396628659067
0.722351758032472,0.4027957713721232
0.722351758032472,1.3714820620427468
0.722351758032472,1.3684008207000402
-1.3843670883058157,-0.39161998883524674
0.722351758032472,0.634021235262788
-1.3843670883058157,-1.362271707721471
-1.3843670883058157,-0.6440566205215347
-1.3843670883058157,-1.3515403353421656
0.722351758032472,0.2379001060284065
0.722351758032472,1.1647514167579929
0.722351758032472,-0.46853200477028384
-1.3843670883058157,-0.9163383518754825
-1.3843670883058157,-0.902142285553744
0.722351758032472,0.24087216569901027
0.722351758032472,0.38350096051006255
0.722351758032472,-0.48358574492782397
0.722351758032472,1.184710400717052
-1.3843670883058157,-1.0441059821995156
0.722351758032472,0.30311021561653595
0.722351758032472,1.1959345443356049
0.722351758032472,0.9939229989951476
0.722351758032472,1.3123034797037785
-1.3843670883058157,-1.2292030800465092
0.722351758032472,0.8970785917158716
0.722351758032472,0.6571113276672872
0.722351758032472,1.366040584063854
0.722351758032472,0.8033481472122993
0.722351758032472,0.4068069113333438
-1.3843670883058157,-1.1496178373166286
0.722351758032472,0.5483628771136361
0.722351758032472,0.33104755035001965
-1.3843670883058157,-0.4992592490308248
-1.3843670883058157,-1.161250849684915
0.722351758032472,0.3563647240448725
0.722351758032472,1.1294829240190025
0.722351758032472,0.6647067922645139
0.722351758032472,1.2595161130824266
-1.3843670883058157,-1.1009513755171965
0.722351758032472,1.2962799763079644
0.722351758032472,0.30294533528104717
0.722351758032472,0.5720469574877068
0.722351758032472,1.048961553083526
-1.3843670883058157,-1.3422690435878724
-1.3843670883058157,-1.4479245703892638
0.722351758032472,1.0650821508736703
-1.3843670883058157,-1.3946672294913016
0.722351758032472,0.4478265484391969
0.722351758032472,0.5553275486262431
0.722351758032472,0.39271649712422085
0.722351758032472,1.0713147059500847
-1.3843670883058157,-1.0339300626283083
0.722351758032472,0.49716019450649773
-1.3843670883058157,-0.7521725964025258
-1.3843670883058157,-1.148000293811591
0.722351758032472,1.1725065716861929
0.722351758032472,0.7341017895371599
0.722351758032472,0.3952821384709406
-1.3843670883058157,-0.8201705993232011
-1.3843670883058157,-1.3758250971430428
-1.3843670883058157,-1.6686272471269739
-1.3843670883058157,-0.7778214760174353
0.722351758032472,0.4881415743011247
0.722351758032472,0.30720598133132504
0.722351758032472,0.4350267301961437
0.722351758032472,0.45356978456194263
-1.3843670883058157,-1.4895423978144415
0.722351758032472,-0.41201295573522917
0.722351758032472,0.6674848354301502
0.722351758032472,0.6046243740603215
-1.3843670883058157,-1.302747406717645
0.722351758032472,0.6310524003118879
0.722351758032472,0.612047634019964
-1.3843670883058157,-1.257800636534471
-1.3843670883058157,-1.2544298062940673
0.722351758032472,0.6214468567141064
-1.3843670883058157,-0.9052591372498124
-1.3843670883058157,-1.2994792492133485
0.722351758032472,0.2987393959002733
-1.3843670883058157,-0.6921021203352992
0.722351758032472,0.6481063394670116
0.722351758032472,1.2014541787233104
0.722351758032472,1.3055194525476903
0.722351758032472,1.400383455124707
0.722351758032472,0.6288284364845714
0.722351758032472,0.5658000278531178
-1.3843670883058157,-0.9168842142791576
0.722351758032472,0.4244500160410968
-1.3843670883058157,-1.148858867314435
0.722351758032472,0.8171161428795005
-1.3843670883058157,-0.8197150679088663
0.722351758032472,0.7110036068368796
-1.3843670883058157,-1.0617071792649146
-1.3843670883058157,-1.3014296497864106
0.722351758032472,0.46593600199052254
-1.3843670883058157,-1.0606290255502522
0.722351758032472,0.6098777341406988
-1.3843670883058157,-1.3812101530818541
0.722351758032472,0.23244934788210747
0.722351758032472,0.3890412813596018
0.722351758032472,-0.02953194364695566
0.722351758032472,1.5291062146434413
0.722351758032472,0.451481582120399
0.722351758032472,0.41221134964085593
-1.3843670883058157,-1.0655368258086062
0.722351758032472,0.09257761531266917
-1.3843670883058157,-1.5885664674503337
0.722351758032472,0.5026166633657011
-1.3843670883058157,-1.1703438614342778
0.722351758032472,0.5843951234956312
0.722351758032472,0.3270193682781761
0.722351758032472,-0.2885565318334374
-1.3843670883058157,-1.4000664894831227
-1.3843670883058157,-1.4746809324889611
0.722351758032472,0.5585559312885858
0.722351758032472,0.7111049590988109
-1.3843670883058157,-1.2519000881296793
0.722351758032472,1.1539952286569415
-1.3843670883058157,-1.2986982496842634
0.722351758032472,0.3587801025874704
-1.3843670883058157,-1.2904858901432747
0.722351758032472,0.8238557766626887
-1.3843670883058157,-1.221965274143643
0.722351758032472,0.5477706744851397
0.722351758032472,1.3698501276709565
-1.3843670883058157,-0.6632290086732366
0.722351758032472,0.5727068587616578
0.722351758032472,0.4435901679493942
-1.3843670883058157,-1.0642869028339033
0.722351758032472,1.1529097809900404
0.722351758032472,1.0803426777567782
0.722351758032472,1.0544349889673166
-1.3843670883058157,-0.9957155439922141
-1.3843670883058157,-1.087678895399532
-1.3843670883058157,-0.6678915220607355
0.722351758032472,1.294468463269978
0.722351758032472,0.4748211473921605
0.722351758032472,0.3161266463522755
-1.3843670883058157,-0.8035489542880975
0.722351758032472,-0.6662870066279352
0.722351758032472,0.46871309252835947
0.722351758032472,0.2764728744684881
-1.3843670883058157,-1.024577972413216
0.722351758032472,0.18844148325446897
-1.3843670883058157,-1.2085839996414978
-1.3843670883058157,-1.2535507044547867
0.722351758032472,0.9917262416820053
0.722351758032472,0.21482444924936883
-1.3843670883058157,-1.4315268668246068
-1.3843670883058157,-0.5203389584629561
-1.3843670883058157,-1.2537786875616064
-1.3843670883058157,-1.451336367352004
0.722351758032472,-0.3340177457704947
0.722351758032472,0.6945465977770239
-1.3843670883058157,-1.1266466238368906
-1.3843670883058157,-0.9145570980181058
-1.3843670883058157,-0.8036863455064611
0.722351758032472,1.108235804172053
0.722351758032472,0.6823549814078503
0.722351758032472,0.829546470537759
-1.3843670883058157,-1.015249823728102
-1.3843670883058157,-0.8793058896203938
0.722351758032472,0.6922470861095628
-1.3843670883058157,-1.3739953662223547
0.722351758032472,0.38680780002425086
0.722351758032472,0.7480177731872629
0.722351758032472,0.23058036481634758
0.722351758032472,1.019712335726994
-1.3843670883058157,-0.8353847152812448
0.722351758032472,0.5101161189373419
0.722351758032472,0.3956198458864244
-1.3843670883058157,-1.1953848488079324
0.722351758032472,0.6717341318570095
0.722351758032472,1.1102461426271146
0.722351758032472,0.47248300077216077
-1.3843670883058157,-1.282306683167411
-1.3843670883058157,-1.2302821240133477
-1.3843670883058157,-1.2583831223480368
-1.3843670883058157,-1.0674847448071785
-1.3843670883058157,-1.3290567269240872
0.722351758032472,0.1826755561029424
0.722351758032472,0.599313440591582
0.722351758032472,0.42844420746131695
-1.3843670883058157,-0.735368028941584
-1.3843670883058157,-1.3984827111786409
0.722351758032472,0.5671679737841556
0.722351758032472,0.4693233452870712
0.722351758032472,0.6527323189195181
-1.3843670883058157,-1.6990892648851914
0.722351758032472,1.200652089870883
-1.3843670883058157,-0.9785930339056405
-1.3843670883058157,-0.8229867514295091
0.722351758032472,0.4667356231187696
0.722351758032472,-0.47831662324701324
-1.3843670883058157,-1.2448057163380999
-1.3843670883058157,-1.0668814058365843
0.722351758032472,0.07006586380154944
0.722351758032472,1.018868606835245
-1.3843670883058157,0.10214068864767056
0.722351758032472,1.4815859751237839
0.722351758032472,-0.3678583833053961
0.722351758032472,0.7789240098006841
0.722351758032472,0.3761768887551513
0.722351758032472,0.5471043638103902
0.722351758032472,0.7498355194669702
0.722351758032472,0.5418701678307419
-1.3843670883058157,-1.0405346527747357
0.722351758032472,0.5597257009673354
0.722351758032472,0.4359333094255985
0.722351758032472,0.7240914023412942
0.722351758032472,0.18000890046909712
0.722351758032472,0.2960767075268811
0.722351758032472,1.0856183735262057
-1.3843670883058157,-1.4339369205893455
0.722351758032472,0.40299793855350585
0.722351758032472,0.6542421738634666
0.722351758032472,1.188123096083673
-1.3843670883058157,-1.1674306850487983
0.722351758032472,0.2588031202762473
-1.3843670883058157,-0.9506764891694264
0.722351758032472,0.5425577602533914
-1.3843670883058157,-1.3518983581717579
0.722351758032472,0.6236578853272562
0.722351758032472,0.9572145491462508
0.722351758032472,0.6433957527821498
-1.3843670883058157,-1.6881217876831207
0.722351758032472,0.19414907971582207
-1.3843670883058157,-1.3106222246099153
0.722351758032472,1.3874654693891122
0.722351758032472,0.3741632089833008
0.722351758032472,0.39134888282846836
0.722351758032472,0.7219784590201858
0.722351758032472,0.7509569836037037
0.722351758032472,0.4677769336815414
-1.3843670883058157,-1.4212254391463326
0.722351758032472,0.5380122829266497
0.722351758032472,1.1148931358805596
-1.3843670883058157,-1.1793763994762576
0.722351758032472,0.31984410362078863
0.722351758032472,1.031040798269498
-1.3843670883058157,-1.3825289897397508
0.722351758032472,0.7165303922278249
0.722351758032472,0.4405302731728208
0.722351758032472,0.48642280743012567
0.722351758032472,0.716649889199699
0.722351758032472,0.14868319549977116
0.722351758032472,0.4078534287767984
0.722351758032472,-0.1239085821024773
-1.3843670883058157,-1.1964614059002558
0.722351758032472,0.5184646703307104
-1.3843670883058157,0.27038217412896004
0.722351758032472,0.7344017354147278
0.722351758032472,0.524332209414364
-1.3843670883058157,-0.5888232382356334
0.722351758032472,0.6982182460231064
0.722351758032472,0.8607885575523532
0.722351758032472,1.0399062135997443
0.722351758032472,-0.4923992165114806
0.722351758032472,0.9845682115989686
-1.3843670883058157,-0.9136984204185147
0.722351758032472,1.1752200161128843
0.722351758032472,0.7299303883961082
0.722351758032472,0.6353948191995952
0.722351758032472,-0.4505266797148225
-1.3843670883058157,-1.360070427203491
0.722351758032472,0.48302867898165613
0.722351758032472,1.2399709326390291
0.722351758032472,1.2555646294830116
0.722351758032472,0.2613621349223869
0.722351758032472,0.3295314440431606
0.722351758032472,0.5840034840069016
0.722351758032472,1.0320840458917004
0.722351758032472,1.2827231510004897
0.722351758032472,0.8149353850425235
-1.3843670883058157,-1.2686581147023366
-1.3843670883058157,-0.727631114651845
-1.3843670883058157,-1.21944219092241
-1.3843670883058157,-1.3445355467416151
0.722351758032472,1.3024202706682528
0.722351758032472,1.2264011986287957
0.722351758032472,0.47919278683948086
-1.3843670883058157,-0.5844391085672527
0.722351758032472,-0.4162139463410435
0.722351758032472,-0.17179563880008059
-1.3843670883058157,-1.0878259848005813
-1.3843670883058157,-1.3145873422440353
0.722351758032472,1.0480892890465907
0.722351758032472,0.5908828165421603
0.722351758032472,0.31598854135761334
0.722351758032472,0.7086300043925403
-1.3843670883058157,-1.203077080889723
0.722351758032472,0.641950170084174
-1.3843670883058157,-1.3694167676996605
0.722351758032472,0.7185014611145882
0.722351758032472,1.0545232797265274
-1.3843670883058157,-1.2447662397739312
-1.3843670883058157,-1.2648343433597002
0.722351758032472,1.204340694647109
0.722351758032472,0.5086948785696169
-1.3843670883058157,-0.8807462047398409
-1.3843670883058157,-0.4417159515797602
-1.3843670883058157,-0.9234155278751909
0.722351758032472,0.6402133103702806
0.722351758032472,1.3700016655233473
-1.3843670883058157,-1.2815135289725614
0.722351758032472,0.4000795118299787
0.722351758032472,-0.25381429231810515
0.722351758032472,0.5124225396008758
-1.3843670883058157,-1.269001933993619
0.722351758032472,0.7620449153887531
0.722351758032472,0.5514363186855235
-1.3843670883058157,-2.096572046641633
0.722351758032472,0.9911628261116324
0.722351758032472,-0.14435118374544847
-1.3843670883058157,-0.9731164050463458
-1.3843670883058157,-1.3272095248608473
-1.3843670883058157,-1.0989093765850375
0.722351758032472,-0.6353271118821301
0.722351758032472,0.5905881655917816
0.722351758032472,-0.4644154732774462
0.722351758032472,0.4259593494500299
-1.3843670883058157,-1.4062699313212788
-1.3843670883058157,-1.0972022100082013
0.722351758032472,0.865220570003541
0.722351758032472,0.6412315850297138
0.722351758032472,-0.5690866750714684
0.722351758032472,0.7961703500464331
0.722351758032472,0.9472851807762869
0.722351758032472,0.7199731444853928
-1.3843670883058157,-0.4968848862110152
-1.3843670883058157,-0.9724622459056398
0.722351758032472,1.5154164168825899
0.722351758032472,0.4114670640079612
-1.3843670883058157,-0.9698919373264647
0.722351758032472,0.33267254825617665
0.722351758032472,0.848747977316905
0.722351758032472,0.8547422271045012
0.722351758032472,0.593252028816225
0.722351758032472,0.4482108350110816
0.722351758032472,0.6422023341248172
0.722351758032472,0.7207441019939297
0.722351758032472,0.6070585053015746
0.722351758032472,0.6569543983963163
-1.3843670883058157,-1.171831950254546
-1.3843670883058157,-0.8088460518703362
0.722351758032472,0.2726614214655211
-1.3843670883058157,-0.6151968416296143
0.722351758032472,0.5012743180722227
0.722351758032472,0.6587934077391816
0.722351758032472,0.4350362960615475
0.722351758032472,-0.3365873580182494
0.722351758032472,1.0855967719031852
0.722351758032472,0.9283664353927729
0.722351758032472,0.7100347654608706
0.722351758032472,0.5830234509865458
-1.3843670883058157,-1.2367246922932305
0.722351758032472,1.3304177476972878
0.722351758032472,0.6410115590638906
0.722351758032472,0.5353157136797592
0.722351758032472,-0.13488002579447567
0.722351758032472,0.7932672792727286
0.722351758032472,0.47559474025735504
-1.3843670883058157,-0.8612310401689222
0.722351758032472,0.0015348153465670755
0.722351758032472,1.158202599029177
-1.3843670883058157,-0.9906466702999782
0.722351758032472,0.7196579904905108
0.722351758032472,0.6941131644809716
0.722351758032472,0.5422215344056555
0.722351758032472,1.2910324163060105
0.722351758032472,0.3042105127221324
-1.3843670883058157,-1.0948608388611185
0.722351758032472,0.5015128557185359
0.722351758032472,0.36626425153577236
-1.3843670883058157,-0.5121388872227088
0.722351758032472,0.9921142036346254
0.722351758032472,1.1928255414915698
-1.3843670883058157,-0.8998375385840528
0.722351758032472,0.3226650945026226
0.722351758032472,0.9342637076069172
0.722351758032472,1.0662099549551578
0.722351758032472,0.8716023459332808
0.722351758032472,0.9352986998460414
0.722351758032472,1.3508019142682524
0.722351758032472,0.6976619114437254
-1.3843670883058157,-1.099353242662507
0.722351758032472,-0.5241677284701122
-1.3843670883058157,-1.0242658399384177
0.722351758032472,0.6928052822819856
0.722351758032472,0.20794453366477406
0.722351758032472,0.4756487795203369
-1.3843670883058157,-1.1321308851735643
-1.3843670883058157,-1.162476757303719
-1.3843670883058157,-1.026319162469377
-1.3843670883058157,-1.3810553610927259
-1.3843670883058157,-1.1266779837163234
0.722351758032472,1.5151274723901413
0.722351758032472,1.3257177891659926
-1.3843670883058157,-1.396223828272137
-1.3843670883058157,-0.9870017650566245
0.722351758032472,0.6547105141415078
-1.3843670883058157,-1.2888575521075822
-1.3843670883058157,-0.9643103155719022
0.722351758032472,-0.25001821747456
0.722351758032472,0.7044915654806633
0.722351758032472,1.2594188967393598
-1.3843670883058157,-0.9261522883214156
-1.3843670883058157,-1.019355550640117
0.722351758032472,0.3877901674505433
0.722351758032472,0.8549885424879823
0.722351758032472,0.2639015540933961
-1.3843670883058157,-0.7289700569937818
0.722351758032472,-0.437640186660116
0.722351758032472,0.6242224796140013
0.722351758032472,0.40270444341811973
-1.3843670883058157,-0.11160078641739823
-1.3843670883058157,-1.1060794522660382
-1.3843670883058157,0.2872150182420896
-1.3843670883058157,-1.0233143873268902
0.722351758032472,0.30775010854999774
0.722351758032472,0.6503236338063813
0.722351758032472,0.43531197625002516
-1.3843670883058157,-0.9660480395767841
0.722351758032472,0.36351030942379503
-1.3843670883058157,-1.0905319661330266
0.722351758032472,0.5171129458513622
-1.3843670883058157,-1.5304274733382868
0.722351758032472,0.367462848424432
0.722351758032472,0.7588863376785032
0.722351758032472,0.8674410486272836
0.722351758032472,0.9105110357908431
-1.3843670883058157,-1.103653987889138
-1.3843670883058157,-0.9161750569657543
-1.3843670883058157,-1.4004216694269502
0.722351758032472,0.34057017537816836
0.722351758032472,0.09955385404452366
-1.3843670883058157,-0.978096243183106
0.722351758032472,0.6132293530279714
0.722351758032472,-0.44187484401539956
0.722351758032472,0.6206693628779972
-1.3843670883058157,-0.733370130126973
0.722351758032472,1.4340831118816104
0.722351758032472,0.18096821888206938
-1.3843670883058157,-1.0771830028808886
-1.3843670883058157,-1.0399332210052286
-1.3843670883058157,-0.9881688721604429
0.722351758032472,1.1052787453974657
-1.3843670883058157,-1.1188444674502105
0.722351758032472,0.5890778496338079
-1.3843670883058157,-0.7108848749792911
0.722351758032472,0.4255563067692222
-1.3843670883058157,-0.7129139435773957
0.722351758032472,0.39510593196985266
0.722351758032472,0.4083459863275548
0.722351758032472,0.7372262685216494
0.722351758032472,0.5565694167024154
0.722351758032472,0.6985810152883128
0.722351758032472,0.5147635495095827
0.722351758032472,0.7163219813589855
0.722351758032472,0.8169773899259728
0.722351758032472,0.6904606214865535
-1.3843670883058157,-1.119633084081644
0.722351758032472,0.7308579600573605
0.722351758032472,1.318008880559304
0.722351758032472,0.46017453560370003
-1.3843670883058157,-1.3739631086575048
0.722351758032472,0.4342642071633116
0.722351758032472,0.8428017806992348
-1.3843670883058157,-1.1995382969522717
0.722351758032472,1.0658071620406484
0.722351758032472,-0.6510945398622805
-1.3843670883058157,-1.4763991536545213
-1.3843670883058157,-1.070480294244515
0.722351758032472,0.2231996695438958
-1.3843670883058157,-1.2727344808383247
-1.3843670883058157,-1.2435732692340928
0.722351758032472,-0.42726277508249
-1.3843670883058157,-1.2153015532064222
0.722351758032472,0.36340188494149106
-1.3843670883058157,-1.3724309509336807
0.722351758032472,0.4712766951602366
0.722351758032472,1.0008558233737332
0.722351758032472,0.40790932578306893
0.722351758032472,1.5240968945220317
0.722351758032472,1.3906349081907887
-1.3843670883058157,-1.0928167371343531
-1.3843670883058157,-1.0130747235819881
0.722351758032472,0.5409452508692302
0.722351758032472,0.3410271495088737
-1.3843670883058157,-1.5053488635382637
-1.3843670883058157,-1.2305834814213785
0.722351758032472,0.45108404509870725
0.722351758032472,0.5861558209197096
0.722351758032472,0.5454011680175014
0.722351758032472,0.47596544583515144
0.722351758032472,0.8437213567411116
0.722351758032472,0.4486189404379023
0.722351758032472,-0.5319322983061124
0.722351758032472,0.5529684493814869
-1.3843670883058157,-1.4102693567935534
0.722351758032472,0.687525241710213
0.722351758032472,0.48227343016096447
-1.3843670883058157,-0.6431966794467273
0.722351758032472,0.47812222236445745
0.722351758032472,0.48997541362794184
-1.3843670883058157,-1.679027197916676
0.722351758032472,1.0161014848387087
-1.3843670883058157,-0.8536636604963908
0.722351758032472,0.5945973950407183
0.722351758032472,0.448758823632468
-1.3843670883058157,-0.975674619496969
0.722351758032472,0.6074270955943769
-1.3843670883058157,-1.0588889979845966
0.722351758032472,1.3169691170183961
0.722351758032472,0.5104486360920885
0.722351758032472,0.5013802686159489
0.722351758032472,1.255122391539881
0.722351758032472,-0.048988319885276466
-1.3843670883058157,-1.4435053779795972
0.722351758032472,0.6245342510997819
0.722351758032472,-0.1341876691126308
0.722351758032472,0.6028238936955538
0.722351758032472,0.7818610643781797
0.722351758032472,0.5940354479089024
0.722351758032472,0.32364135537622696
0.722351758032472,-0.5335854879194311
0.722351758032472,0.9396281876746692
-1.3843670883058157,-1.4639303890261655
-1.3843670883058157,-1.3543045483773783
0.722351758032472,0.5769871488998651
0.722351758032472,1.370717792623621
-1.3843670883058157,-0.7643879588425025
0.722351758032472,0.8070808637589192
0.722351758032472,0.16526335620843713
0.722351758032472,1.2787768991506927
0.722351758032472,0.6607094588534747
-1.3843670883058157,-1.2228400858375439
-1.3843670883058157,-1.3028366307225794
0.722351758032472,1.0196905499239186
-1.3843670883058157,-1.191760323029937
0.722351758032472,0.5841064571769895
0.722351758032472,0.4581162118790362
0.722351758032472,0.5006633824664127
0.722351758032472,0.4338266787633016
0.722351758032472,-0.5807065367294696
-1.3843670883058157,-1.4937462882088277
0.722351758032472,0.37420123835050845
0.722351758032472,1.0147782784469594
0.722351758032472,0.45952402790572844
0.722351758032472,1.1818174321489296
0.722351758032472,1.0018555260495958
-1.3843670883058157,-1.447728579747329
0.722351758032472,0.4306038124418552
0.722351758032472,0.2921295804474404
0.722351758032472,1.4057669176611096
0.722351758032472,0.4861558058954655
0.722351758032472,0.5162616023792722
0.722351758032472,0.5355821553246863
0.722351758032472,0.8293103621080656
-1.3843670883058157,-0.7820448890300556
0.722351758032472,0.6359804662752481
0.722351758032472,0.6034333133908493
-1.3843670883058157,-1.319603007042935
0.722351758032472,-0.5222920099596333
-1.3843670883058157,-1.0813077789858416
0.722351758032472,-0.04592901661935983
-1.3843670883058157,-1.167152083002578
0.722351758032472,0.5192950997311726
-1.3843670883058157,-1.365340700745419
-1.3843670883058157,-1.32772014827573
0.722351758032472,1.2528282421035706
0.722351758032472,0.29694560723432883
0.722351758032472,1.408144846115083
0.722351758032472,1.1736745238718949
-1.3843670883058157,-1.4900750920187065
-1.3843670883058157,-1.2941359495033695
-1.3843670883058157,-0.8762632801755109
0.722351758032472,0.2717137988827387
-1.3843670883058157,-0.7648183577415272
-1.3843670883058157,-0.8198857268039664
-1.3843670883058157,-1.3294914199068502
-1.3843670883058157,-1.3950344151938974
-1.3843670883058157,-1.115817926107714
0.722351758032472,0.5786787794233411
0.722351758032472,0.6840843481850173
0.722351758032472,1.1939073796831017
-1.3843670883058157,-1.0296546556814294
0.722351758032472,0.37171469377903776
0.722351758032472,0.780224693077943
0.722351758032472,1.3643460159059337
0.722351758032472,-0.21762967474343792
-1.3843670883058157,-0.8123432295761523
0.722351758032472,0.475269027650716
-1.3843670883058157,-0.954796019201203
0.722351758032472,0.5397754936834135
0.722351758032472,1.3411078268976642
0.722351758032472,1.3598147215042538
0.722351758032472,0.5350088935082354
-1.3843670883058157,-1.260376137791443
0.722351758032472,1.0387911430497123
-1.3843670883058157,-1.104988150794906
-1.3843670883058157,-1.473297721690858
-1.3843670883058157,-1.170786763479259
0.722351758032472,0.6467503506090099
0.722351758032472,0.4156825442370602
-1.3843670883058157,-1.3232943563435131
-1.3843670883058157,-1.3470101369673524
0.722351758032472,0.42131272722823343
-1.3843670883058157,-1.2556635664687854
-1.3843670883058157,-1.4504947021219814
-1.3843670883058157,-1.0676543161049508
0.722351758032472,0.08749823448469318
0.722351758032472,0.25065807238831206
0.722351758032472,0.9431762239592046
-1.3843670883058157,-0.5669103527129543
0.722351758032472,-0.043873619577322165
-1.3843670883058157,-1.5928042526277633
0.722351758032472,0.7190943898944854
0.722351758032472,1.2730763046815063
-1.3843670883058157,-1.313694099611534
0.722351758032472,0.7862728480183957
0.722351758032472,1.2433811709983997
0.722351758032472,-0.2746321136755099
0.722351758032472,0.4942528896153665
0.722351758032472,0.40294751871518497
0.722351758032472,0.3162134025836645
-1.3843670883058157,-1.04451709543397
-1.3843670883058157,-1.3012451629892925
0.722351758032472,1.247295081069189
0.722351758032472,0.4080546134628378
0.722351758032472,1.2369773277575495
0.722351758032472,1.2041694940364445
0.722351758032472,1.0725878627180534
0.722351758032472,0.32625822502011104
0.722351758032472,1.337416005176085
0.722351758032472,0.3873478733826726
0.722351758032472,0.3046806918344156
0.722351758032472,0.44967059984055235
-1.3843670883058157,-0.9231436862542378
0.722351758032472,0.5415766475288569
-1.3843670883058157,-1.5420800182869785
-1.3843670883058157,-1.4044519343165347
0.722351758032472,1.2619800787452902
-1.3843670883058157,-0.8730513507868802
0.722351758032472,0.5265622500790389
0.722351758032472,0.4153040916279982
0.722351758032472,0.4587980166187985
0.722351758032472,0.5462042135754189
0.722351758032472,0.5123148180977973
-1.3843670883058157,-1.260178351859849
-1.3843670883058157,-0.829641758656833
-1.3843670883058157,-1.1275781286411068
0.722351758032472,0.3690108363284792
-1.3843670883058157,-1.4271469262476517
-1.3843670883058157,-0.8561267534873926
-1.3843670883058157,-0.8328916045146915
0.722351758032472,0.4479408112704668
-1.3843670883058157,-1.444991151768045
0.722351758032472,1.093740620785248
0.722351758032472,0.45038563254756636
-1.3843670883058157,-0.6892923772310764
0.722351758032472,1.3669827750416084
0.722351758032472,1.3827828203117436
0.722351758032472,0.3591540768040593
-1.3843670883058157,-1.2208746223670839
0.722351758032472,-0.4924377779857342
0.722351758032472,-0.2426772460042549
-1.3843670883058157,-1.105724195449764
0.722351758032472,1.0294659143722886
0.722351758032472,0.683116121704458
0.722351758032472,0.5797020184301697
-1.3843670883058157,-0.9183960220666068
0.722351758032472,-0.1411488499660799
0.722351758032472,1.040833607708466
0.722351758032472,0.9165412857936616
0.722351758032472,0.5483601415551301
0.722351758032472,0.42235783639475255
-1.3843670883058157,-1.3407727194046992
-1.3843670883058157,-0.5123517632996262
0.722351758032472,0.36244755819984287
0.722351758032472,0.3633263653190125
-1.3843670883058157,-0.5732309386049966
0.722351758032472,0.021471203720679677
-1.3843670883058157,-0.9343082200582826
0.722351758032472,0.15542606986234297
0.722351758032472,0.52786749124252
0.722351758032472,0.3398079021488507
0.722351758032472,1.3676331280802794
0.722351758032472,0.597183499590424
-1.3843670883058157,-1.3676344666098257
0.722351758032472,0.6397025296052551
0.722351758032472,-0.2803564654638735
0.722351758032472,0.39516491984504554
-1.3843670883058157,-0.8494485231245656
-1.3843670883058157,-1.1880206470491936
0.722351758032472,1.1349181758226639
0.722351758032472,1.449632141615222
0.722351758032472,1.1976245440818292
-1.3843670883058157,-0.7961888738357118
0.722351758032472,0.998166682563321
0.722351758032472,0.6412632744374555
0.722351758032472,0.4785620407987249
0.722351758032472,1.511486783581577
0.722351758032472,1.1192497311828622
0.722351758032472,0.4724935498360583
0.722351758032472,0.4506569866294292
-1.3843670883058157,-1.4317576058319945
0.722351758032472,0.13871874353748603
0.722351758032472,0.7163817580696613
-1.3843670883058157,-0.5922249832874612
-1.3843670883058157,-0.8905002016866594
0.722351758032472,0.49323368047145266
-1.3843670883058157,-1.084252759205113
0.722351758032472,0.4470596006692018
0.722351758032472,0.7535325037473614
-1.3843670883058157,-1.6209576204125145
-1.3843670883058157,-0.6930238430647291
0.722351758032472,0.7314622551531381
0.722351758032472,-0.5396157178511753
0.722351758032472,0.6534210873935858
0.722351758032472,0.27823268714734184
0.722351758032472,0.7909074051275221
0.722351758032472,0.5089899082608248
0.722351758032472,0.4368493987410269
0.722351758032472,0.3799704530182977
0.722351758032472,-0.37503588859963577
-1.3843670883058157,-0.8541761402782326
-1.3843670883058157,-1.1653392944945642
0.722351758032472,0.7163997861676971
0.722351758032472,1.3503343039630664
0.722351758032472,-0.41664286961491515
0.722351758032472,0.6455436751891187
-1.3843670883058157,-1.1112751792425188
0.722351758032472,1.0095289232168083
0.722351758032472,0.6099977393763693
-1.3843670883058157,0.5637615195345521
0.722351758032472,-0.30622712555358267
0.722351758032472,0.8324214085828016
0.722351758032472,-0.06012392529620081
0.722351758032472,1.3856207358675126
-1.3843670883058157,-1.178284052141986
0.722351758032472,0.2969845290894594
0.722351758032472,0.5141943708328712
0.722351758032472,-0.33693640486603965
0.722351758032472,0.6353809130203022
-1.3843670883058157,-0.6832220552428735
0.722351758032472,0.5396349237516372
0.722351758032472,0.6824873706573887
-1.3843670883058157,-1.2000381345195597
0.722351758032472,0.6859290709557276
0.722351758032472,0.4473153036549292
0.722351758032472,0.6593754418796015
0.722351758032472,0.49644332853187667
-1.3843670883058157,-1.1396272740892992
0.722351758032472,1.2334020337427396
0.722351758032472,0.666544606617557
-1.3843670883058157,-1.3981897429721388
0.722351758032472,0.5965898503959116
0.722351758032472,0.6784492427158951
0.722351758032472,0.6005595976988557
-1.3843670883058157,-1.1757531964991867
0.722351758032472,0.7525151432745391
0.722351758032472,1.1790730407526189
0.722351758032472,0.4233126277983611
0.722351758032472,0.48132392451904915
0.722351758032472,0.3497970228280354
0.722351758032472,0.685524067461225
-1.3843670883058157,-1.286760579772027
-1.3843670883058157,-1.313390363616239
0.722351758032472,0.6715627487779069
0.722351758032472,1.0013741193573686
0.722351758032472,0.3349612969309962
0.722351758032472,0.5261938555356592
0.722351758032472,0.5537027922322107
0.722351758032472,0.7169171670970095
-1.3843670883058157,-1.1861132877533218
-1.3843670883058157,-1.0747648608690388
0.722351758032472,0.31641933563774294
0.722351758032472,0.09532080901397344
0.722351758032472,0.446070781075416
-1.3843670883058157,-0.9607882791409283
-1.3843670883058157,-0.8765535777581881
0.722351758032472,0.5105461706219246
0.722351758032472,0.31697523301587016
-1.3843670883058157,-1.3633235190421065
0.722351758032472,0.6392495547340172
0.722351758032472,0.4826682489131854
-1.3843670883058157,-1.016243310317484
0.722351758032472,0.2857257853248416
0.722351758032472,0.3947927459100722
0.722351758032472,0.9606814115427155
0.722351758032472,0.5325477737443668
-1.3843670883058157,-1.3285578196819128
0.722351758032472,0.622825732383243
0.722351758032472,0.5380109128091303
-1.3843670883058157,-1.183723020227521
0.722351758032472,0.13121507532286236
0.722351758032472,0.7665970299082344
0.722351758032472,0.5301058216572229
-1.3843670883058157,-1.2013342449550204
-1.3843670883058157,-0.7113181913529195
0.722351758032472,-0.002996986980869365
0.722351758032472,0.5088230734095199
-1.3843670883058157,-0.6324229368160886
-1.3843670883058157,-0.8971529706843322
-1.3843670883058157,-1.184858553272708
0.722351758032472,1.3899952837324263
0.722351758032472,1.3460800535667263
-1.3843670883058157,-0.9848087289692254
0.722351758032472,0.5171355046728882
-1.3843670883058157,-1.1788152758091657
-1.3843670883058157,-1.158158371219951
-1.3843670883058157,-1.3910202844153865
0.722351758032472,0.44549285805330185
0.722351758032472,1.280489015923815
-1.3843670883058157,-1.2582544540123701
-1.3843670883058157,-1.4080870515002168
0.722351758032472,1.30096613206526
0.722351758032472,1.1974076223933032
-1.3843670883058157,-0.5962509793816084
0.722351758032472,-0.3244671595111243
0.722351758032472,0.5707365477910121
0.722351758032472,0.8202879849263375
0.722351758032472,-0.4154110524943939
0.722351758032472,0.4032440957846034
0.722351758032472,0.5913946580157224
-1.3843670883058157,-0.8617340961234162
0.722351758032472,0.8940922271781585
0.722351758032472,0.35448722888789597
0.722351758032472,0.7653257792971574
-1.3843670883058157,-1.1336603810192811
-1.3843670883058157,-1.097274575873349
0.722351758032472,0.8633684531665312
0.722351758032472,0.4281562514742504
0.722351758032472,1.2895965638025193
-1.3843670883058157,-1.4855533173203537
0.722351758032472,0.6671837164217861
0.722351758032472,1.2659065873504654
0.722351758032472,1.324203945102373
0.722351758032472,0.5696405473402345
0.722351758032472,0.6095013410377411
-1.3843670883058157,-0.9166801133651414
-1.3843670883058157,-1.1625231765942803
0.722351758032472,0.49536741061266565
0.722351758032472,-0.5555365826717497
0.722351758032472,0.31478133749557213
0.722351758032472,0.7093664441585669
-1.3843670883058157,-1.3835149008122063
0.722351758032472,1.043848233976199
0.722351758032472,0.4746365675115872
0.722351758032472,0.8328790443251973
-1.3843670883058157,-1.1622609408083315
0.722351758032472,1.1705035644547097
0.722351758032472,0.5366141876514404
0.722351758032472,0.5777943912238478
-1.3843670883058157,-1.1490948273775197
0.722351758032472,0.22994098280294895
0.722351758032472,0.7047688633542141
0.722351758032472,1.3192730905425658
0.722351758032472,0.6158512768423693
0.722351758032472,0.543456653802798
0.722351758032472,0.6148095947597979
0.722351758032472,0.7403392219621722
0.722351758032472,1.0178698575070837
-1.3843670883058157,-1.2529121560371121
-1.3843670883058157,-0.9082136932380761
-1.3843670883058157,-0.945373411024427
0.722351758032472,0.608300696182576
0.722351758032472,1.1727869921926755
0.722351758032472,-0.12445498310890857
0.722351758032472,0.5248750551215752
0.722351758032472,0.4080778161993831
0.722351758032472,0.5541182691147762
0.722351758032472,0.6162085224417525
-1.3843670883058157,-1.2100501551988754
-1.3843670883058157,-1.0159660809650326
0.722351758032472,1.2189550432943435
0.722351758032472,1.223794289524875
-1.3843670883058157,-0.6275880876195655
0.722351758032472,-0.3852972582701222
-1.3843670883058157,-1.04558680540066
0.722351758032472,0.6349155575695357
-1.3843670883058157,-1.1403744483314866
0.722351758032472,0.557893637867214
0.722351758032472,0.562913568691049
-1.3843670883058157,-0.8970432759455793
-1.3843670883058157,-0.9102820911967346
0.722351758032472,0.4992891151153883
0.722351758032472,0.8433022398251379
0.722351758032472,0.31365737675210104
-1.3843670883058157,-1.1294300524332062
0.722351758032472,0.6187741027910832
-1.3843670883058157,-1.4995652931425436
-1.3843670883058157,-0.6944751338763098
0.722351758032472,0.5640435529519757
0.722351758032472,1.0035737586817781
-1.3843670883058157,-0.6861873484660728
-1.3843670883058157,-0.9150747030936326
0.722351758032472,0.4978973714657565
0.722351758032472,0.3851850356659554
0.722351758032472,0.5574453419331779
0.722351758032472,0.6007944143259382
0.722351758032472,-0.2515867925410107
-1.3843670883058157,-0.8961708820185394
0.722351758032472,0.893025029920303
-1.3843670883058157,-0.7666706464177623
0.722351758032472,1.2593865261652262
0.722351758032472,0.6017105917386859
0.722351758032472,0.4772197951626068
0.722351758032472,0.471881556241861
0.722351758032472,0.26602754866070055
0.722351758032472,1.232495360710086
0.722351758032472,0.6328399352504307
0.722351758032472,0.41724866592933785
0.722351758032472,0.3910406056918613
-1.3843670883058157,-1.0381889901102523
0.722351758032472,0.44228932337629756
-1.3843670883058157,-1.3581180652398066
0.722351758032472,0.38990131322351984
0.722351758032472,0.867091522052495
0.722351758032472,1.4162499166111582
0.722351758032472,1.1884907629304498
-1.3843670883058157,-0.9795639443676275
0.722351758032472,1.4314452480643656
-1.3843670883058157,-1.0661550906017982
0.722351758032472,0.2819134622475279
-1.3843670883058157,-0.911263283238492
0.722351758032472,0.26481076059185393
0.722351758032472,0.4555638967984078
0.722351758032472,1.4392470442237646
-1.3843670883058157,-1.2052172292065326
0.722351758032472,1.0732898860601834
-1.3843670883058157,-0.8421391941575582
-1.3843670883058157,-1.1111774254426277
-1.3843670883058157,-1.4462747870415666
0.722351758032472,0.6864132209124593
-1.3843670883058157,-1.2426128904415052
-1.3843670883058157,-1.120151601230662
-1.3843670883058157,-0.9482757085703017
0.722351758032472,0.788288691083007
-1.3843670883058157,-1.1232662550637595
-1.3843670883058157,-0.8251872594045466
0.722351758032472,0.7130990453126175
0.722351758032472,0.5640634767237865
-1.3843670883058157,-1.4465292146227506
0.722351758032472,1.1848114702799237
0.722351758032472,0.8205348510828537
-1.3843670883058157,-1.0905620900956938
-1.3843670883058157,-1.210590023294218
0.722351758032472,0.5145746204205691
0.722351758032472,0.14843287036062391
0.722351758032472,-0.1054282457167755
0.722351758032472,1.4580030627730882
0.722351758032472,-0.3952175440320824
-1.3843670883058157,-1.2159733647545332
0.722351758032472,0.6963400970779731
0.722351758032472,0.4386477262487434
0.722351758032472,1.4302830840565037
-1.3843670883058157,-1.157364337485432
-1.3843670883058157,-1.0241418360346446
0.722351758032472,0.9840194829400962
0.722351758032472,0.49909706883410776
-1.3843670883058157,-1.2847649083219692
0.722351758032472,1.3713749745658714
0.722351758032472,0.7689303807093023
-1.3843670883058157,-0.8741867456995158
0.722351758032472,-0.0787452350164129
-1.3843670883058157,-1.5173122079956187
0.722351758032472,0.05388565933681533
0.722351758032472,1.1696660875287401
-1.3843670883058157,-0.6282664493753064
0.722351758032472,0.6895644321259532
0.722351758032472,1.3515681086945062
-1.3843670883058157,-1.0299399145470187
0.722351758032472,0.5419457115368779
-1.3843670883058157,-1.570966441532602
-1.3843670883058157,-1.1020117676121997
0.722351758032472,0.9327244272112282
0.722351758032472,0.5150477883326211
-1.3843670883058157,-0.9296179398857171
0.722351758032472,0.502388255314686
0.722351758032472,-0.3977177745612164
0.722351758032472,1.4158698939773822
-1.3843670883058157,-1.4007083495442594
0.722351758032472,0.5655305337027831
-1.3843670883058157,-1.3803872524995127
0.722351758032472,0.9275542114953431
0.722351758032472,0.3102017545671194
0.722351758032472,1.127818837295604
0.722351758032472,0.618208179635788
0.722351758032472,0.4374004320393984
0.722351758032472,1.3697005061160463
-1.3843670883058157,-1.002501770668716
0.722351758032472,0.7356216318932581
0.722351758032472,0.5299765633327885
-1.3843670883058157,-1.3437039160171365
-1.3843670883058157,-0.7336477232851679
-1.3843670883058157,-1.3062339524326485
0.722351758032472,-0.23880990232256005
0.722351758032472,1.1732396893788009
0.722351758032472,0.5033375851068741
0.722351758032472,-0.3055578439576428
0.722351758032472,0.3359267182294067
0.722351758032472,0.475847071333101
0.722351758032472,0.46003649453242823
0.722351758032472,0.6453492923674052
0.722351758032472,0.4428601101401076
-1.3843670883058157,-1.2851957426174452
0.722351758032472,0.5944627702914255
-1.3843670883058157,-1.107411612502406
-1.3843670883058157,-1.0068058713694894
0.722351758032472,0.5685039087912523
0.722351758032472,1.006458763053582
0.722351758032472,0.9715173749654559
-1.3843670883058157,-1.0821111986377878
-1.3843670883058157,-1.140234224373679
0.722351758032472,0.34788316372234473
0.722351758032472,-0.1749234888947978
0.722351758032472,0.809125644631964
0.722351758032472,1.4184922931401935
0.722351758032472,0.2378480599387056
-1.3843670883058157,-1.5328825574999723
-1.3843670883058157,-1.2944769313711886
0.722351758032472,1.3789127716381162
0.722351758032472,0.8940353614306303
-1.3843670883058157,-0.4538440804420629
0.722351758032472,1.2849274233082935
-1.3843670883058157,-1.0795233118356755
0.722351758032472,1.3285785250032447
0.722351758032472,1.1356699811503503
0.722351758032472,0.7025873258154703
0.722351758032472,0.4149388603982096
0.722351758032472,0.34470515035410343
0.722351758032472,0.4446821594182977
0.722351758032472,-0.5472860926004087
-1.3843670883058157,-0.7918082344039996
0.722351758032472,0.5035751077670158
0.722351758032472,0.5725095347135979
-1.3843670883058157,-1.5131163407669013
-1.3843670883058157,-1.2056986487203059
-1.3843670883058157,-0.9448055671969826
0.722351758032472,0.36766985680417463
-1.3843670883058157,-1.3451661233007708
0.722351758032472,1.2284575377651015
0.722351758032472,0.8799046994166927
0.722351758032472,0.5785364626387125
0.722351758032472,0.6167828808534309
-1.3843670883058157,-1.3170413644295267
0.722351758032472,0.479554434778652
0.722351758032472,1.1217500295024534
-1.3843670883058157,-1.161195326956776
0.722351758032472,1.20015389737538
-1.3843670883058157,-0.7030228337604771
0.722351758032472,0.6495320465345472
-1.3843670883058157,-1.1903095589453425
0.722351758032472,0.46948567015364373
0.722351758032472,0.4354482397311722
-1.3843670883058157,-0.8771585573334866
0.722351758032472,0.7825290739393603
0.722351758032472,0.6215233091488314
0.722351758032472,1.2658780984294986
0.722351758032472,0.7905246854464935
-1.3843670883058157,-1.3808933794377198
-1.3843670883058157,-1.1558981953204261
0.722351758032472,0.8262501380762076
-1.3843670883058157,-1.449520479984511
0.722351758032472,0.4426329280539397
0.722351758032472,1.057118194733512
-1.3843670883058157,-1.1203764775943936
0.722351758032472,0.3042313169547828
0.722351758032472,0.2946715223173596
0.722351758032472,1.2007938279018187
0.722351758032472,0.40385573955942045
0.722351758032472,1.095105983570305
-1.3843670883058157,-1.113533433584052
0.722351758032472,-0.21873501420738006
0.722351758032472,0.19920286648257068
-1.3843670883058157,-1.1508138353658803
0.722351758032472,0.5768142769179617
-1.3843670883058157,-0.8374546566551262
0.722351758032472,0.886992959452814
-1.3843670883058157,-1.2102986058858365
-1.3843670883058157,-1.0818404075492492
0.722351758032472,-0.4512260435325284
0.722351758032472,0.6257542915161217
0.722351758032472,0.4013270119546506
-1.3843670883058157,-1.3337198162797206
0.722351758032472,1.283105942307571
0.722351758032472,1.2103891827613151
0.722351758032472,1.3322450929595955
-1.3843670883058157,-1.1722944802327695
-1.3843670883058157,-0.7640127180743048
-1.3843670883058157,-1.241174692744731
0.722351758032472,0.6200163126740555
0.722351758032472,1.0039346428580203
0.722351758032472,0.5486407115200088
-1.3843670883058157,-0.5370863335120737
0.722351758032472,1.179191129891004
0.722351758032472,0.4191598478065671
0.722351758032472,0.6871911943446448
0.722351758032472,0.40133438236519936
0.722351758032472,0.40666543936070354
0.722351758032472,1.2865434638624178
0.722351758032472,0.6064928692231187
0.722351758032472,0.5310563186423883
0.722351758032472,0.578598036723413
-1.3843670883058157,-1.0313920391159608
-1.3843670883058157,-1.249542134485279
0.722351758032472,0.3932324761343835
0.722351758032472,-0.16286230516711292
0.722351758032472,0.8199312608698367
-1.3843670883058157,-0.6739176457586423
0.722351758032472,-0.20838087850836545
0.722351758032472,0.6847343639272626
0.722351758032472,0.5239378832225056
-1.3843670883058157,-1.3222103138970172
0.722351758032472,0.44582154091568127
0.722351758032472,0.6258573642551243
0.722351758032472,0.6142064593967674
-1.3843670883058157,-1.3863796261768173
0.722351758032472,1.099776740228072
-1.3843670883058157,-1.1099252436811133
0.722351758032472,0.5801836960055337
0.722351758032472,0.5913305120785145
0.722351758032472,0.4447166080090339
-1.3843670883058157,-1.3750931761484457
0.722351758032472,0.48233957778555114
0.722351758032472,0.4986788184189518
0.722351758032472,0.6146632108001745
0.722351758032472,1.3340010860824796
0.722351758032472,0.5931795335399582
0.722351758032472,0.7030307868046036
0.722351758032472,0.26077034487244233
0.722351758032472,0.697498281038956
-1.3843670883058157,-1.2876986034934244
0.722351758032472,0.42547994170865655
-1.3843670883058157,-1.5919607573281667
0.722351758032472,1.034411898414552
-1.3843670883058157,0.20331455398428178
-1.3843670883058157,-1.433773889033262
0.722351758032472,0.5521785325104197
-1.3843670883058157,-1.077862301503042
0.722351758032472,1.0636077569977358
0.722351758032472,0.730394073110613
0.722351758032472,-0.4717615057969796
0.722351758032472,0.8945186466266334
-1.3843670883058157,-0.8174466287010755
-1.3843670883058157,-1.063786272611778
-1.3843670883058157,-1.463876131080959
-1.3843670883058157,-0.9700482877761585
0.722351758032472,0.5135877276067585
0.722351758032472,0.9835737891528523
0.722351758032472,0.9164291706749591
0.722351758032472,0.4402104020680295
-1.3843670883058157,-1.1505551277526158
0.722351758032472,0.574001346151967
0.722351758032472,1.3378735816920182
0.722351758032472,0.5352360101936126
0.722351758032472,0.44225481962818014
0.722351758032472,0.6173245458120772
-1.3843670883058157,-1.061806163656617
0.722351758032472,0.5861740859385164
0.722351758032472,1.2405988852415484
-1.3843670883058157,-1.0864643319880296
0.722351758032472,0.6114745301369654
0.722351758032472,0.8213583086493229
-1.3843670883058157,-1.2890716440633923
0.722351758032472,0.636813105470248
0.722351758032472,1.1091173510946644
0.722351758032472,1.2795294786095344
0.722351758032472,1.476294469490802
-1.3843670883058157,-1.2883767844439094
0.722351758032472,0.3692408924729238
0.722351758032472,0.720214063732134
-1.3843670883058157,-1.2512174291913074
0.722351758032472,0.4195678968757518
-1.3843670883058157,-0.9730869882114889
0.722351758032472,0.5443761917348647
0.722351758032472,1.0717876782079303
-1.3843670883058157,-1.1957681399169828
-1.3843670883058157,-0.6373712247499725
0.722351758032472,0.29837203606998197
-1.3843670883058157,-0.5014489076447455
0.722351758032472,1.0299612597093741
-1.3843670883058157,-1.0093178578723208
0.722351758032472,-0.349884649758338
0.722351758032472,0.7751612102059068
-1.3843670883058157,-1.460054540420987
0.722351758032472,0.6075427853600964
-1.3843670883058157,-0.7352913319309828
0.722351758032472,0.21274653368291996
0.722351758032472,1.283538119327765
0.722351758032472,-0.3140940609865309
0.722351758032472,-0.4483463844033805
0.722351758032472,1.0431457674334998
0.722351758032472,0.6870129025448474
-1.3843670883058157,-1.160153813452309
-1.3843670883058157,-0.903709270698132
0.722351758032472,0.3911561636140338
0.722351758032472,0.2379854506511112
0.722351758032472,0.5996286060474335
0.722351758032472,-0.3291246656455419
0.722351758032472,0.24736362964811054
0.722351758032472,1.2790819907879905
0.722351758032472,-0.539078605963971
0.722351758032472,0.3035801481922936
0.722351758032472,1.0608885148682106
0.722351758032472,0.33594408733653225
0.722351758032472,0.9563545531734977
0.722351758032472,1.0590684127279735
-1.3843670883058157,-1.3365628952248045
0.722351758032472,-0.42680674948232267
-1.3843670883058157,-1.128765740567009
0.722351758032472,0.516509902587149
0.722351758032472,0.89780065772068
0.722351758032472,-0.503143706805729
0.722351758032472,0.4292553061888449
-1.3843670883058157,-0.9031002326570446
0.722351758032472,0.4151452869317728
-1.3843670883058157,-1.2776011587420986
0.722351758032472,1.134420110768752
-1.3843670883058157,-1.0535916942397914
-1.3843670883058157,-1.186052985404741
0.722351758032472,-0.536416346856664
-1.3843670883058157,-1.1779970447601
0.722351758032472,1.189285101153406
0.722351758032472,0.9628414926051051
0.722351758032472,0.3547472605113836
-1.3843670883058157,-1.341221887864907
-1.3843670883058157,-1.2005978611835735
0.722351758032472,0.6475442957820156
-1.3843670883058157,-1.0655071281823116
-1.3843670883058157,-1.204545140346442
0.722351758032472,1.0775058097377497
0.722351758032472,-0.6077882611544914
-1.3843670883058157,-1.2675410637925695
0.722351758032472,-0.4959200993631312
-1.3843670883058157,-1.0137294401687027
0.722351758032472,1.0651685925714993
0.722351758032472,-0.35223577612815027
0.722351758032472,0.3697886873566891
0.722351758032472,0.6184460009247571
-1.3843670883058157,-0.6990011264091063
0.722351758032472,0.6301430047275768
0.722351758032472,0.1439617126506454
-1.3843670883058157,-1.3100395724656735
0.722351758032472,0.4454184956947691
-1.3843670883058157,-1.308280349171271
-1.3843670883058157,-1.1663502018068117
0.722351758032472,0.5915513909639253
0.722351758032472,1.1985608641480465
0.722351758032472,1.0416459781567657
0.722351758032472,0.7062483296269014
-1.3843670883058157,-1.1060505409539458
0.722351758032472,0.3398556280088678
0.722351758032472,0.43131489090125397
0.722351758032472,0.49335483620164344
0.722351758032472,-0.44431915538455824
-1.3843670883058157,-0.9140604719750806
-1.3843670883058157,-0.8976245911911519
0.722351758032472,0.955060447839826
0.722351758032472,0.674837608977389
-1.3843670883058157,-1.1541405502501876
0.722351758032472,0.5293948820873401
0.722351758032472,0.8047476977874727
-1.3843670883058157,-1.2516180398369834
0.722351758032472,0.4356398301779618
-1.3843670883058157,-1.2339990505453655
0.722351758032472,-0.38979945435244256
0.722351758032472,-0.5094896815375081
0.722351758032472,0.36653001385860307
0.722351758032472,0.676785840648385
-1.3843670883058157,-1.066876871818181
-1.3843670883058157,-0.9258984687911951
0.722351758032472,0.7711969597501941
0.722351758032472,0.6949577816241858
0.722351758032472,0.5603558721627001
0.722351758032472,0.72108737388606
-1.3843670883058157,-1.310168817282221
0.722351758032472,0.7512372001104924
0.722351758032472,0.12867346249630562
0.722351758032472,1.0270570071560718
0.722351758032472,0.5854793753820496
0.722351758032472,0.6477963082157078
0.722351758032472,0.47076811256769613
0.722351758032472,0.2116988774252513
0.722351758032472,0.4439826580195768
0.722351758032472,0.2726397944999367
0.722351758032472,0.4427575890667641
0.722351758032472,1.3947775782059053
0.722351758032472,0.2377928093880588
0.722351758032472,0.5813869268408401
0.722351758032472,0.6235874571302592
0.722351758032472,1.150323330988444
-1.3843670883058157,-1.5963400539463977
0.722351758032472,0.38121430861294714
-1.3843670883058157,-1.2682023481816116
0.722351758032472,0.42820986462950583
-1.3843670883058157,-0.8216297580570142
0.722351758032472,0.549108858386035
0.722351758032472,0.3706629224571859
0.722351758032472,0.3444404117929256
-1.3843670883058157,-0.8326567970266624
0.722351758032472,1.3334893479631034
0.722351758032472,0.5454817435148517
0.722351758032472,0.8607558110833192
-1.3843670883058157,-0.9680484588428235
0.722351758032472,-0.6292672417212866
0.722351758032472,0.5767222941604554
0.722351758032472,1.2728568537278986
0.722351758032472,-0.25432814032225115
-1.3843670883058157,-1.2525271678547234
0.722351758032472,0.4701854833688698
-1.3843670883058157,-1.0050210238490491
0.722351758032472,1.2662150503874243
0.722351758032472,1.3878642738258775
-1.3843670883058157,-1.589030713257741
0.722351758032472,1.1842942507528225
0.722351758032472,0.4451171557497624
0.722351758032472,1.4499971285195183
0.722351758032472,-0.37800810751422365
-1.3843670883058157,-0.9310330393271944
0.722351758032472,0.5010466327313671
0.722351758032472,1.2148703172070108
0.722351758032472,0.5248141395319877
0.722351758032472,0.6350385365110928
-1.3843670883058157,-1.1110865272602104
0.722351758032472,-0.6577398067204745
0.722351758032472,0.3637222585598837
-1.3843670883058157,-0.9392474197588373
0.722351758032472,0.3512108210636169
0.722351758032472,0.2592005722701566
0.722351758032472,0.566987778225483
0.722351758032472,1.4072484367018476
0.722351758032472,1.4266630039242179
0.722351758032472,0.7587035963752334
0.722351758032472,0.504152771923717
0.722351758032472,1.286462776531602
-1.3843670883058157,-0.9251468835661472
-1.3843670883058157,-1.3987616016276891
-1.3843670883058157,-1.2683603227700675
-1.3843670883058157,-1.1263169965978483
0.722351758032472,0.27083933054625664
0.722351758032472,0.35089138655379837
0.722351758032472,0.6519089855640231
0.722351758032472,0.16132284265038777
-1.3843670883058157,-0.3761682798034812
-1.3843670883058157,-1.1505194706201989
0.722351758032472,0.5469925794847644
0.722351758032472,0.5829020042926577
0.722351758032472,0.22973467194575914
-1.3843670883058157,-1.3750983523437554
0.722351758032472,0.5186331262668772
-1.3843670883058157,-1.4100979731925993
-1.3843670883058157,-1.4105658438454423
0.722351758032472,0.7262842790824408
0.722351758032472,1.2171329640172943
0.722351758032472,0.2890246280866031
0.722351758032472,0.3498097507558955
-1.3843670883058157,-1.2159913086933805
0.722351758032472,-0.2071487448857574
0.722351758032472,1.0738544536404206
0.722351758032472,0.44063048727863974
-1.3843670883058157,-1.1406244894119872
0.722351758032472,1.237382860815727
0.722351758032472,0.5758540976812373
-1.3843670883058157,-1.1168192273336457
-1.3843670883058157,-1.028400871500485
-1.3843670883058157,-1.2015388360425632
0.722351758032472,0.43142066875123875
-1.3843670883058157,-1.3776221873802372
-1.3843670883058157,-1.6925445174548335
0.722351758032472,0.6034843791399841
-1.3843670883058157,-0.7153202657449023
0.722351758032472,0.7867050737879268
-1.3843670883058157,-0.9242929770559574
0.722351758032472,1.1285524028616063
0.722351758032472,0.10408503484783926
-1.3843670883058157,-0.5116905687832121
0.722351758032472,1.0233040800752957
0.722351758032472,-0.4718440715284935
0.722351758032472,-0.2636482660173106
-1.3843670883058157,-1.3435672347633691
0.722351758032472,0.40364332038551587
-1.3843670883058157,-1.3728643267629574
-1.3843670883058157,-1.1537798876205096
0.722351758032472,0.3981078220321158
-1.3843670883058157,-1.2746910424132045
0.722351758032472,0.6822874909152924
-1.3843670883058157,-1.14972523488245
0.722351758032472,0.7888810504400493
0.722351758032472,0.341639722479923
0.722351758032472,0.601466521507784
0.722351758032472,1.0020557362736207
0.722351758032472,0.2833525776758896
-1.3843670883058157,-0.7116048727712054
-1.3843670883058157,-0.5590010052808424
0.722351758032472,0.5859540442965158
-1.3843670883058157,-1.2716653946067011
0.722351758032472,0.2890015765946644
0.722351758032472,0.5699977082802613
-1.3843670883058157,-0.624410014929326
0.722351758032472,-0.3728861165557633
0.722351758032472,0.6880972769373409
-1.3843670883058157,-0.8120759079938836
0.722351758032472,-0.4703053710877182
-1.3843670883058157,-1.2366177241089762
-1.3843670883058157,-1.403785894964631
-1.3843670883058157,-1.3788764625617425
0.722351758032472,1.3649815054656833
-1.3843670883058157,-0.5687052339508478
0.722351758032472,0.23248479994314875
0.722351758032472,1.2828638136973423
-1.3843670883058157,-1.3976542007591535
0.722351758032472,0.66899446117301
0.722351758032472,0.5664731742083965
0.722351758032472,0.6008153101624384
0.722351758032472,0.5860872773435902
0.722351758032472,0.49569860924603903
0.722351758032472,0.5212185632743424
-1.3843670883058157,-1.3118938901366437
-1.3843670883058157,-1.4008167678181396
-1.3843670883058157,-1.323730694335234
0.722351758032472,0.4078136419608406
0.722351758032472,0.7061110563542957
0.722351758032472,0.6646912931546888
0.722351758032472,1.1765974035877127
0.722351758032472,0.9093616239257439
0.722351758032472,0.3804107735344423
0.722351758032472,1.3367484284874944
0.722351758032472,1.0751654170906768
0.722351758032472,-0.34436990683890145
0.722351758032472,0.43037949791740815
0.722351758032472,1.2574656498818308
0.722351758032472,0.33946898700400574
0.722351758032472,1.0459628666993832
0.722351758032472,0.2300076549114476
0.722351758032472,0.6326638848612648
-1.3843670883058157,-1.1493890513056075
0.722351758032472,1.2837932238160064
0.722351758032472,1.2598121947939753
0.722351758032472,0.39158685966456064
0.722351758032472,0.513200112796275
0.722351758032472,0.7735044777791665
-1.3843670883058157,-1.0628250086400157
-1.3843670883058157,-1.2357333492234188
-1.3843670883058157,-0.8477925003572686
-1.3843670883058157,-0.9909652896628219
0.722351758032472,-0.6144595440838891
-1.3843670883058157,-1.207505480847841
0.722351758032472,0.26700928491824916
0.722351758032472,0.6619442851319156
-1.3843670883058157,-0.9937658909418681
-1.3843670883058157,-0.9652603161916011
0.722351758032472,0.5479515484077805
0.722351758032472,0.6176671791949359
-1.3843670883058157,-0.5204888321449942
0.722351758032472,-0.4756938291660942
0.722351758032472,0.4625449103467808
0.722351758032472,-0.5282141145362672
0.722351758032472,1.2294100820934144
0.722351758032472,-0.4148080771173683
0.722351758032472,0.35826233272764896
-1.3843670883058157,-0.7335394806141393
-1.3843670883058157,-2.2455071345438995
0.722351758032472,0.6406423373433882
0.722351758032472,0.4127089714252392
-1.3843670883058157,-1.1519863173448224
0.722351758032472,0.7500555084301631
0.722351758032472,-0.40122578980029744
0.722351758032472,0.6911350903585035
-1.3843670883058157,-0.9376138995606127
-1.3843670883058157,-1.2228923101077556
-1.3843670883058157,-0.8478092457830732
-1.3843670883058157,-1.068130222588189
0.722351758032472,0.7625032602069074
0.722351758032472,1.5412404585482653
-1.3843670883058157,-1.2952477997494347
0.722351758032472,0.4261438094089417
-1.3843670883058157,-1.1482211878234982
0.722351758032472,0.5505839469860679
0.722351758032472,0.8450312253620428
0.722351758032472,0.4077278368597852
-1.3843670883058157,-1.4204522406188813
0.722351758032472,0.3507582131102899
0.722351758032472,0.47485120700424355
0.722351758032472,0.6096527176868999
0.722351758032472,0.5458865697871923
0.722351758032472,0.367464980217431
-1.3843670883058157,-1.2288770591461033
-1.3843670883058157,-1.2663898818849237
0.722351758032472,0.553322623240922
0.722351758032472,0.7665071200446761
-1.3843670883058157,-0.7384326101845891
0.722351758032472,0.8588879853418349
0.722351758032472,0.4207008142155433
0.722351758032472,0.9413798501913496
0.722351758032472,0.8707603757531804
0.722351758032472,1.0003043991729177
0.722351758032472,1.0314481445340644
0.722351758032472,0.7716520980500071
0.722351758032472,-0.08715648948099375
-1.3843670883058157,-1.2383253847548934
0.722351758032472,0.5540171763055747
-1.3843670883058157,-1.0700888861627935
0.722351758032472,0.5189717105938801
0.722351758032472,1.2595795275029906
-1.3843670883058157,-1.3389499785452494
0.722351758032472,0.7526179536379057
-1.3843670883058157,-0.6444727168357084
0.722351758032472,-0.158289452180988
-1.3843670883058157,-1.1510445793429815
-1.3843670883058157,-1.3306004302400314
0.722351758032472,1.0112503866301878
0.722351758032472,1.2474886716164453
0.722351758032472,0.8082378971376595
0.722351758032472,0.4009326667013855
0.722351758032472,1.097003061482925
0.722351758032472,-0.02945337986723434
0.722351758032472,-0.2950402145791874
0.722351758032472,0.6599625844526184
0.722351758032472,1.0092407762296562
0.722351758032472,0.4878985476082772
0.722351758032472,0.19551436101454
-1.3843670883058157,-1.4820781939439747
-1.3843670883058157,-1.1240161065194303
-1.3843670883058157,-1.1866469811025477
-1.3843670883058157,-0.8312168618036131
0.722351758032472,0.1364128228949415
0.722351758032472,1.290315880027248
0.722351758032472,0.4796685657170643
-1.3843670883058157,-1.1222414938635077
0.722351758032472,1.54682506634314
-1.3843670883058157,-0.99552767179377
0.722351758032472,1.1045077811337194
0.722351758032472,0.6025398294647714
-1.3843670883058157,-1.237293247187608
0.722351758032472,0.07331246582057238
-1.3843670883058157,-1.0672513879491015
-1.3843670883058157,-1.0776033801245122
0.722351758032472,0.692497580219224
0.722351758032472,1.2856148299980474
0.722351758032472,0.5111695871117451
-1.3843670883058157,-1.1628327864575723
0.722351758032472,0.11896439388676905
-1.3843670883058157,-1.2712018238071146
0.722351758032472,0.12178378129391443
0.722351758032472,-0.11713754976103125
0.722351758032472,0.8790841270616031
-1.3843670883058157,-0.9069466929635508
-1.3843670883058157,-1.14697509022514
0.722351758032472,-0.09941546311195248
0.722351758032472,0.6786135532186303
-1.3843670883058157,-1.2670007825357747
0.722351758032472,0.6293685396411964
-1.3843670883058157,-0.8178083952757715
-1.3843670883058157,-0.7770856415749265
0.722351758032472,0.5071920552464032
0.722351758032472,0.3637899591589392
-1.3843670883058157,-0.9135826619189986
0.722351758032472,1.3798526918136127
-1.3843670883058157,-1.217074644920748
0.722351758032472,-0.7393056830200939
0.722351758032472,0.6308872907915232
-1.3843670883058157,-0.8499835946869334
-1.3843670883058157,-1.4588551531385665
0.722351758032472,0.3870073386998668
-1.3843670883058157,-1.271979061947625
-1.3843670883058157,-1.1652252939049954
0.722351758032472,0.5519634192605661
0.722351758032472,0.5873534210121881
0.722351758032472,0.16511662549404738
-1.3843670883058157,-1.069677319010016
-1.3843670883058157,-1.4631599794739103
0.722351758032472,1.4222955198917937
-1.3843670883058157,-0.6048543799077837
0.722351758032472,0.6676558502048145
0.722351758032472,0.18590746549118198
-1.3843670883058157,-1.0480508837030171
-1.3843670883058157,-1.8404269401892495
0.722351758032472,0.4919005960832822
-1.3843670883058157,-0.887229018730427
0.722351758032472,0.5347501012928441
0.722351758032472,0.6894173159532154
-1.3843670883058157,-0.6649228923314313
0.722351758032472,0.3115117983454134
-1.3843670883058157,-1.2489319726808097
0.722351758032472,1.2002470313738338
0.722351758032472,1.5087053641210604
-1.3843670883058157,-1.1204938208737076
-1.3843670883058157,-1.4405753664012884
0.722351758032472,0.5995065973915324
-1.3843670883058157,-1.4395816161259591
-1.3843670883058157,-1.1584851202251198
0.722351758032472,0.4602530194151443
0.722351758032472,0.527519916132435
0.722351758032472,0.7129932245331329
0.722351758032472,0.7023105164550502
0.722351758032472,0.2679378960915261
0.722351758032472,1.513404309172361
0.722351758032472,0.3173202777850008
-1.3843670883058157,-0.9939428446707192
0.722351758032472,0.678340137628661
0.722351758032472,0.8009207609228047
0.722351758032472,0.860692828094152
0.722351758032472,-0.12736742933562195
0.722351758032472,0.5924301622021809
-1.3843670883058157,-0.887184652396126
-1.3843670883058157,-1.078826176562412
0.722351758032472,0.6269424657421235
0.722351758032472,0.2509662275882374
0.722351758032472,0.7769425964375908
0.722351758032472,0.16791599984447458
0.722351758032472,0.35939119099681927
-1.3843670883058157,0.07964231965290902
0.722351758032472,0.5373758290060716
0.722351758032472,0.6309087622118245
0.722351758032472,0.46122278673971373
0.722351758032472,0.6346172143730248
0.722351758032472,0.4676540696831327
-1.3843670883058157,-0.628056420990813
0.722351758032472,-0.5462247962594922
0.722351758032472,0.6146804600918728
0.722351758032472,0.4274365403890702
0.722351758032472,1.1863809833736214
0.722351758032472,0.1713813524647183
0.722351758032472,1.1599891309231265
-1.3843670883058157,-1.2295463881254651
-1.3843670883058157,-0.7990497818794822
-1.3843670883058157,-0.8436644293820833
-1.3843670883058157,-1.2568489317599112
0.722351758032472,0.35143092138102205
-1.3843670883058157,-1.0998799923852944
0.722351758032472,0.5523793949271641
-1.3843670883058157,-1.2632303892483625
0.722351758032472,0.49638889830667854
-1.3843670883058157,-1.0405759076758891
0.722351758032472,0.383498185546547
0.722351758032472,0.25049214595112457
0.722351758032472,0.2893357579946775
0.722351758032472,1.3971659921301445
0.722351758032472,0.7462210087501774
-1.3843670883058157,-1.3436861550961874
0.722351758032472,0.37245518108829645
0.722351758032472,0.7447785514007869
0.722351758032472,0.3874439062312769
0.722351758032472,0.07715911795320862
0.722351758032472,1.0043445587449575
0.722351758032472,0.6341979347392165
0.722351758032472,0.19372405248701718
0.722351758032472,1.0772030343096586
0.722351758032472,1.079264761544815
0.722351758032472,1.2978643189544044
0.722351758032472,0.6136897948137457
0.722351758032472,0.5266033765244901
0.722351758032472,0.33221824901200214
-1.3843670883058157,-0.8920223743223548
0.722351758032472,0.43652107108873694
-1.3843670883058157,-1.2419362157790195
0.722351758032472,0.3933074620714869
0.722351758032472,0.4445362416252252
0.722351758032472,0.5638774788246318
0.722351758032472,0.270577236230676
0.722351758032472,0.2566235686295294
0.722351758032472,0.3856209027481601
-1.3843670883058157,-1.0805306042204808
0.722351758032472,0.7068038843195347
-1.3843670883058157,-0.8282118575826773
0.722351758032472,0.3257347684683749
0.722351758032472,0.23134866052269065
0.722351758032472,1.3622680724863425
0.722351758032472,0.6332047362900094
0.722351758032472,0.695997723803725
0.722351758032472,0.999131188037356
0.722351758032472,0.21347229951438684
0.722351758032472,0.5934705470885625
0.722351758032472,0.5360459770447213
0.722351758032472,0.7408632088738382
-1.3843670883058157,-1.4013724329770556
0.722351758032472,0.14520519566384904
-1.3843670883058157,-1.0953631808724078
0.722351758032472,0.5404974910574102
0.722351758032472,0.752750580012732
-1.3843670883058157,-1.5089680344051197
-1.3843670883058157,-1.4518837617696692
-1.3843670883058157,-0.47348924674585424
0.722351758032472,0.7615016049292674
-1.3843670883058157,-1.0512697817650472
0.722351758032472,-0.21007828775468557
0.722351758032472,0.6312189525310409
0.722351758032472,0.7487151007481393
-1.3843670883058157,-1.1509499411742836
0.722351758032472,0.48191710876602223
0.722351758032472,0.5107229670821242
0.722351758032472,0.8046874522547035
0.722351758032472,0.4869479423929842
-1.3843670883058157,-1.314985721785944
0.722351758032472,0.8805027007905065
-1.3843670883058157,-1.111743471163902
0.722351758032472,0.6221013190437906
-1.3843670883058157,-1.2403257544563906
-1.3843670883058157,-1.0532698795804336
0.722351758032472,0.7652929718909397
-1.3843670883058157,-0.8901685767350709
-1.3843670883058157,-0.8201918138573098
-1.3843670883058157,-1.405716161412468
0.722351758032472,0.47259481085726207
-1.3843670883058157,-1.0183426023583273
-1.3843670883058157,-1.2518183979245063
0.722351758032472,0.6650258641889047
0.722351758032472,0.4394204869549254
0.722351758032472,0.25616302562073545
0.722351758032472,0.4719247659024328
-1.3843670883058157,-1.3531078683146749
0.722351758032472,0.528628135910047
-1.3843670883058157,-1.5116822553378646
0.722351758032472,-0.4785063239695882
0.722351758032472,0.5129718785272189
0.722351758032472,-0.14638513281798365
-1.3843670883058157,-0.5318761671947353
-1.3843670883058157,-1.1360217091214437
0.722351758032472,0.6899786295473905
-1.3843670883058157,-1.2844816038518854
0.722351758032472,0.6073759378905067
0.722351758032472,1.3880535875441975
0.722351758032472,0.5757797459154687
0.722351758032472,1.141200496218191
0.722351758032472,0.5273298700943551
0.722351758032472,0.5288632539283985
0.722351758032472,0.6268179361053113
0.722351758032472,0.5380431449658764
-1.3843670883058157,-1.5153453291248995
-1.3843670883058157,-0.9319943032027975
-1.3843670883058157,-1.1300232420793996
0.722351758032472,1.2930789780167
0.722351758032472,0.6894045618211265
0.722351758032472,0.3259693850611395
0.722351758032472,0.34943884520688895
0.722351758032472,0.4013880978224511
0.722351758032472,0.6038568037703146
0.722351758032472,0.7883675795117607
0.722351758032472,0.4407897017062796
0.722351758032472,0.4572429199733137
-1.3843670883058157,-0.8580411019692853
-1.3843670883058157,-1.2523259845440553
-1.3843670883058157,-0.9866582845556038
0.722351758032472,-0.0752185221157955
0.722351758032472,0.34764087925303555
0.722351758032472,1.1103783167009378
-1.3843670883058157,-1.0620140477030775
0.722351758032472,0.3767595615648667
0.722351758032472,0.7753555296599878
0.722351758032472,0.2521011075505042
-1.3843670883058157,-0.4459683203390522
-1.3843670883058157,-1.0115551971998828
-1.3843670883058157,-1.353566693440658
0.722351758032472,0.12548901797913647
0.722351758032472,0.8320866599703466
-1.3843670883058157,-1.1455004117001102
0.722351758032472,0.5574319728793028
-1.3843670883058157,-0.7151765213480084
-1.3843670883058157,-1.3524438229112972
0.722351758032472,-0.6592591849573848
0.722351758032472,-0.5972622848920375
0.722351758032472,0.5060557396861106
-1.3843670883058157,-2.2238768515291087
-1.3843670883058157,-1.4894247062513173
-1.3843670883058157,-1.3493925297421645
-1.3843670883058157,-1.3206596937841426
0.722351758032472,-0.29370625052695637
0.722351758032472,0.36881099766982417
0.722351758032472,0.8366370546194776
0.722351758032472,0.581070964462998
0.722351758032472,-0.3646340478291758
0.722351758032472,1.1746113824886422
0.722351758032472,0.5130295612558101
0.722351758032472,0.25512084544395364
0.722351758032472,1.0964910837939787
0.722351758032472,0.440489004368777
0.722351758032472,0.6003223679815634
0.722351758032472,1.471664993924187
-1.3843670883058157,-1.4599291327431936
0.722351758032472,0.6608653550214604
0.722351758032472,0.41801130001858033
0.722351758032472,0.447994803351373
0.722351758032472,1.3530275457562055
0.722351758032472,0.46888950073494495
-1.3843670883058157,-1.5518184236070018
-1.3843670883058157,-1.2548496980227104
-1.3843670883058157,-0.9126081602281734
-1.3843670883058157,-1.3872584530165353
-1.3843670883058157,-1.2567230055131184
0.722351758032472,1.0359497384039988
0.722351758032472,0.8605645182414446
-1.3843670883058157,-1.2066436064645165
0.722351758032472,0.9180122689469189
0.722351758032472,0.28074159843281277
-1.3843670883058157,-0.6022089124409598
0.722351758032472,0.39743662836063853
0.722351758032472,-0.05631459676371098
0.722351758032472,0.6096440604637793
-1.3843670883058157,-1.036258646895592
-1.3843670883058157,-1.3464904332345702
0.722351758032472,0.5393271311422
-1.3843670883058157,-1.2231208333377779
-1.3843670883058157,-1.3120950272054148
-1.3843670883058157,-1.2263469615772888
0.722351758032472,0.5992318567343456
-1.3843670883058157,-1.0320977452753581
0.722351758032472,0.42545128450321346
0.722351758032472,0.6662601142284134
0.722351758032472,0.12241639628705658
0.722351758032472,1.1142105485992246
-1.3843670883058157,-1.1710578035445576
0.722351758032472,-0.7222157247338827
0.722351758032472,1.180131878634425
0.722351758032472,0.0641703129315836
-1.3843670883058157,-0.5091010583592048
-1.3843670883058157,-1.1154240813976404
-1.3843670883058157,-0.4657602079158039
0.722351758032472,0.3950584794538704
0.722351758032472,0.3234747621676477
0.722351758032472,0.36597293359894023
0.722351758032472,0.6805646533939432
0.722351758032472,0.20705908227714465
0.722351758032472,0.3803861867645
0.722351758032472,1.0032216812238723
0.722351758032472,0.8063803717961443
-1.3843670883058157,-1.0826693913273346
0.722351758032472,0.540243265452005
0.722351758032472,0.4696590145041034
0.722351758032472,1.0537527844250598
0.722351758032472,0.7307389723704228
0.722351758032472,1.3916019697604232
0.722351758032472,0.8142820003555428
-1.3843670883058157,-0.666279457870574
0.722351758032472,1.1317913679275065
0.722351758032472,0.31584434583781573
-1.3843670883058157,-1.2389108717167066
-1.3843670883058157,-0.8643878844506818
0.722351758032472,0.6548937713367261
0.722351758032472,0.8622045394260754
-1.3843670883058157,-1.155842121454325
-1.3843670883058157,-0.8610828860576614
-1.3843670883058157,-1.022133937646872
-1.3843670883058157,-1.3196937175691064
-1.3843670883058157,-0.7918556950550912
-1.3843670883058157,-1.175168061610564
-1.3843670883058157,-1.5072075070988866
-1.3843670883058157,-0.5966211217247697
0.722351758032472,0.6213212546306922
0.722351758032472,0.6131274661538036
-1.3843670883058157,-0.4866079731436492
-1.3843670883058157,-1.2267393386124292
-1.3843670883058157,-1.0082679566792594
0.722351758032472,0.38436227157254943
0.722351758032472,0.4550491085596785
0.722351758032472,0.8223578279200675
0.722351758032472,0.6974556384429716
0.722351758032472,0.9917739897287631
-1.3843670883058157,-1.380684366838877
-1.3843670883058157,-0.5783032739313986
0.722351758032472,0.4015914237872704
0.722351758032472,-0.729922081098648
0.722351758032472,0.45091509742467106
0.722351758032472,0.06166181814287064
0.722351758032472,0.4442182530781782
0.722351758032472,0.2559643802784759
-1.3843670883058157,-1.0151709073496524
0.722351758032472,0.5309412365030123
-1.3843670883058157,-1.158786417040753
0.722351758032472,1.0694631920551951
-1.3843670883058157,-1.186769467802149
0.722351758032472,0.47019571050354114
0.722351758032472,1.3280901942747505
0.722351758032472,1.202861560531575
0.722351758032472,0.6551697896315011
0.722351758032472,1.3832822788157002
-1.3843670883058157,-1.4752416150471723
-1.3843670883058157,-1.0184383051870287
0.722351758032472,0.07844142909110474
0.722351758032472,-0.4078823585045487
-1.3843670883058157,-0.5528449908574012
0.722351758032472,1.2746175515143432
-1.3843670883058157,-1.2833472508113475
0.722351758032472,0.5177862913796819
-1.3843670883058157,-1.14752781396039
0.722351758032472,1.3307789189885257
-1.3843670883058157,-1.1301550123283668
-1.3843670883058157,-1.3833468865186718
0.722351758032472,0.5070539986446138
0.722351758032472,0.7489455255158176
0.722351758032472,0.567468368648255
0.722351758032472,1.2044622010041017
0.722351758032472,0.2564275706466915
0.722351758032472,0.27090824615273634
0.722351758032472,0.4758121633148722
-1.3843670883058157,-1.446065208402155
-1.3843670883058157,-0.8740159657535038
0.722351758032472,0.9155713423955177
-1.3843670883058157,-0.7714479420840402
-1.3843670883058157,-1.5034469534293664
0.722351758032472,0.5989708861369286
-1.3843670883058157,-1.370868429179742
0.722351758032472,-0.4391480608406084
-1.3843670883058157,-1.1624359328176181
-1.3843670883058157,-0.7053076629027284
0.722351758032472,-0.3520768385355227
0.722351758032472,0.328202633041931
0.722351758032472,1.4348647832573653
-1.3843670883058157,-0.7315491230699678
0.722351758032472,-0.47236196173381095
0.722351758032472,1.4703994854515514
0.722351758032472,-0.5818289671395893
0.722351758032472,1.2858432783487737
0.722351758032472,0.4333043791972877
0.722351758032472,0.5348043579898049
-1.3843670883058157,-1.4969610437295042
0.722351758032472,0.39774190946723564
-1.3843670883058157,-0.9946629513126504
0.722351758032472,0.272754349107301
-1.3843670883058157,-0.9989909656939914
-1.3843670883058157,-1.0874689247690854
-1.3843670883058157,-0.862841935699391
-1.3843670883058157,-1.2574842163079607
0.722351758032472,0.5665754278502192
-1.3843670883058157,-1.1979701474231987
-1.3843670883058157,-1.2977534049367352
-1.3843670883058157,-1.052789488181728
-1.3843670883058157,-1.2698629777521595
0.722351758032472,1.0504646366856027
0.722351758032472,-0.09752708852813685
-1.3843670883058157,-1.1349768676630503
-1.3843670883058157,-0.9787312671897949
-1.3843670883058157,-1.4268301107808796
0.722351758032472,0.5648395780950654
-1.3843670883058157,-0.9541580185132623
0.722351758032472,0.18101506669556533
0.722351758032472,0.6444976293882015
0.722351758032472,0.6877119034333031
0.722351758032472,0.46775483148542807
-1.3843670883058157,-1.0046385449408757
0.722351758032472,0.4558687297650782
0.722351758032472,0.7359474659860766
-1.3843670883058157,-0.960191868501712
-1.3843670883058157,-0.9241174015273471
0.722351758032472,1.3073435887917335
-1.3843670883058157,-0.7533272042405523
-1.3843670883058157,-0.9595407784230315
0.722351758032472,0.5110552892185632
0.722351758032472,0.5604312168462396
0.722351758032472,0.5372565068849996
0.722351758032472,0.9682908299338479
0.722351758032472,0.9551038124937382
-1.3843670883058157,-0.7053383552546493
0.722351758032472,-0.39613195464548817
-1.3843670883058157,-1.2141920860761362
0.722351758032472,0.3803570334023447
0.722351758032472,0.27421979341847247
0.722351758032472,0.9441135107504112
0.722351758032472,-0.5995096663354657
0.722351758032472,-0.5755088045905252
0.722351758032472,-0.0957814177009561
-1.3843670883058157,-1.0676468856487125
0.722351758032472,0.5213493047408896
0.722351758032472,1.0043284490525979
0.722351758032472,1.1762846063491206
0.722351758032472,0.3701432511762579
0.722351758032472,0.04981915663213832
0.722351758032472,0.6374434459710633
-1.3843670883058157,-1.4371552857137035
0.722351758032472,1.23159265844959
0.722351758032472,0.4455456886420802
-1.3843670883058157,-0.5882568896273525
0.722351758032472,0.7694187482949061
0.722351758032472,0.7485651470980809
-1.3843670883058157,-0.9583501167363426
0.722351758032472,0.597459395929869
0.722351758032472,0.446781096810532
0.722351758032472,1.1816997255806418
-1.3843670883058157,-0.8793056785115043
0.722351758032472,0.5055232472563812
0.722351758032472,0.60007146886704
0.722351758032472,1.3478669160859948
0.722351758032472,0.7516372721732468
0.722351758032472,0.968805427009675
0.722351758032472,1.307845787718393
0.722351758032472,0.7033759519015313
-1.3843670883058157,-0.7487185673787748
-1.3843670883058157,-0.8846814889913832
-1.3843670883058157,-1.0308375225130493
0.722351758032472,0.19320343595032596
0.722351758032472,0.3531065673419176
0.722351758032472,0.1691105073962944
0.722351758032472,0.4460166211586798
0.722351758032472,0.08070166862805372
0.722351758032472,0.5122819324956226
0.722351758032472,0.5659288335114315
0.722351758032472,0.46318863647309627
-1.3843670883058157,-1.0787082234590915
0.722351758032472,0.545769278708811
0.722351758032472,0.4751535346885255
-1.3843670883058157,-0.4240398013093543
0.722351758032472,0.3168396834190398
0.722351758032472,0.6144331906665194
0.722351758032472,0.6775066733375356
0.722351758032472,0.5052047070496072
-1.3843670883058157,-1.2785150698044296
0.722351758032472,0.6929961585805061
0.722351758032472,1.261593292817491
-1.3843670883058157,-0.5555174095138572
0.722351758032472,0.6274316580675007
0.722351758032472,0.46499889268200234
-1.3843670883058157,-0.5256275485452309
0.722351758032472,0.44084598248859486
0.722351758032472,0.3106084360044974
0.722351758032472,0.5489415885829111
0.722351758032472,0.3842673618203425
-1.3843670883058157,-0.7137713628378508
0.722351758032472,0.2185746670075066
-1.3843670883058157,-1.4609286621696773
0.722351758032472,-0.5227131313150104
0.722351758032472,1.026233726286696
-1.3843670883058157,-1.1621118845336857
-1.3843670883058157,-0.6825676430452603
-1.3843670883058157,-1.3545230498173684
0.722351758032472,0.6919037740467889
-1.3843670883058157,-0.6405089017653519
-1.3843670883058157,-0.7063034999937523
-1.3843670883058157,-0.4827995960447146
0.722351758032472,0.4343370425251898
-1.3843670883058157,-0.6532053103135161
-1.3843670883058157,-0.7209930019449314
0.722351758032472,0.4243049918566726
0.722351758032472,-0.4822821672426855
0.722351758032472,0.509922634380873
0.722351758032472,1.3833080255964392
0.722351758032472,0.6682166295603634
-1.3843670883058157,-1.3568043585677156
-1.3843670883058157,-1.0327906076974023
0.722351758032472,0.44581518841800394
0.722351758032472,0.6941433075092659
-1.3843670883058157,-1.3601771881400315
0.722351758032472,0.32356541520639126
0.722351758032472,0.5880944594834713
0.722351758032472,0.4529885391139469
-1.3843670883058157,-1.1762317248338783
0.722351758032472,0.8056760598207152
0.722351758032472,0.7104088584655942
0.722351758032472,-0.49736714466802245
0.722351758032472,-0.5847087523751566
0.722351758032472,0.807461130195397
0.722351758032472,1.1987158987674764
0.722351758032472,-0.3220193668047863
0.722351758032472,-0.31519501971770225
-1.3843670883058157,-1.070403626029477
0.722351758032472,0.7640370525465642
0.722351758032472,-0.5407774371970981
0.722351758032472,-0.34487486634741743
0.722351758032472,0.3598998171274881
0.722351758032472,1.1970066491669749
0.722351758032472,0.5339316451273014
0.722351758032472,0.5168179328218289
-1.3843670883058157,-0.8279213482439071
0.722351758032472,-0.24177276260254243
0.722351758032472,0.5294289755797487
0.722351758032472,1.255779678179357
0.722351758032472,0.5914403980995556
0.722351758032472,0.6311817021098854
0.722351758032472,1.1899488337120445
0.722351758032472,0.10081098907918229
0.722351758032472,0.5785481002332659
-1.3843670883058157,-1.1168825670493083
-1.3843670883058157,-1.5436286802941956
-1.3843670883058157,-1.189162276787461
0.722351758032472,0.5016150147186468
0.722351758032472,-0.46026860409223236
0.722351758032472,0.4331453074725534
0.722351758032472,1.134710269710261
0.722351758032472,-0.5661239055531708
0.722351758032472,0.4225417791356596
-1.3843670883058157,-1.2803324564073777
0.722351758032472,0.3730070513862884
-1.3843670883058157,-1.1454395120083776
0.722351758032472,0.5833535692168065
-1.3843670883058157,-1.231528549628105
0.722351758032472,0.16791028156791332
0.722351758032472,0.9340351000303856
0.722351758032472,0.7976088512346525
-1.3843670883058157,-1.088076584940866
-1.3843670883058157,-0.8224126164950954
-1.3843670883058157,-1.1484972412402823
-1.3843670883058157,-1.1260628248318238
-1.3843670883058157,-1.1788975968267708
0.722351758032472,0.8710655036743186
-1.3843670883058157,-0.6738699804947602
-1.3843670883058157,-1.3846546648924747
-1.3843670883058157,-1.3541220866848553
0.722351758032472,0.7012410290548395
0.722351758032472,0.8456303283149246
0.722351758032472,0.48696889490175843
-1.3843670883058157,-0.844620659685497
-1.3843670883058157,-1.1696616455416873
0.722351758032472,0.43364864257946856
0.722351758032472,0.7606956477101178
0.722351758032472,0.410065636221736
-1.3843670883058157,-0.8613679681887009
-1.3843670883058157,-1.3399592729558412
0.722351758032472,0.9322086116074028
-1.3843670883058157,-1.0830484748782716
0.722351758032472,0.7073655066476628
0.722351758032472,0.760097480078406
0.722351758032472,0.45556017869198084
0.722351758032472,1.4249989611642273
0.722351758032472,0.5509814454704217
0.722351758032472,0.3220047081931454
-1.3843670883058157,-1.3422208881126139
0.722351758032472,-0.42251341995064584
0.722351758032472,0.8780608949140914
0.722351758032472,0.7901155891487245
-1.3843670883058157,-0.8778195826204416
-1.3843670883058157,-1.1220847995500915
0.722351758032472,0.8507083952031019
0.722351758032472,-0.10990507642041503
-1.3843670883058157,-0.38160492483726927
-1.3843670883058157,-0.9690159175871648
0.722351758032472,1.4446558916629733
0.722351758032472,0.6235970439268103
0.722351758032472,1.1202111802212107
0.722351758032472,-0.08472583552567886
0.722351758032472,0.5975398521818495
-1.3843670883058157,-1.195930604494638
-1.3843670883058157,-1.1550312078513585
0.722351758032472,0.5504057972676931
-1.3843670883058157,-1.008469618780509
0.722351758032472,0.19214913654980292
0.722351758032472,0.6031661503389955
0.722351758032472,0.2464953542448698
0.722351758032472,0.8850966842528648
-1.3843670883058157,-1.350018577090621
0.722351758032472,0.5842542661797275
0.722351758032472,0.5672448688694495
0.722351758032472,0.5716397202159614
0.722351758032472,0.6563614721057799
0.722351758032472,-0.08426824096842822
0.722351758032472,0.47992211177935196
0.722351758032472,0.6727926384314654
0.722351758032472,1.0376633563043263
-1.3843670883058157,-1.3992575769752245
0.722351758032472,1.2046578239131
0.722351758032472,1.2189023473440668
-1.3843670883058157,-1.1171444457756134
0.722351758032472,0.48881880782696585
-1.3843670883058157,-0.5960280032532119
0.722351758032472,1.1138325944369738
0.722351758032472,0.32114429390721244
0.722351758032472,0.04280087219658668
0.722351758032472,1.241981418113077
0.722351758032472,0.48608490184658126
0.722351758032472,0.6673141409228108
-1.3843670883058157,-1.1390991221188662
-1.3843670883058157,-1.034355350045396
0.722351758032472,1.1132990211432765
0.722351758032472,0.33129997163703406
0.722351758032472,0.7373321217738263
-1.3843670883058157,-1.324062196580198
0.722351758032472,0.6760462135721902
0.722351758032472,1.2447959355353908
-1.3843670883058157,-1.3263178741565138
0.722351758032472,0.39219235108674444
-1.3843670883058157,-0.8523486892652111
-1.3843670883058157,-0.8874858540455146
0.722351758032472,0.5643070619158076
0.722351758032472,0.7622307034690542
-1.3843670883058157,-0.8396230063066211
0.722351758032472,0.8025095500947074
0.722351758032472,0.6640828162106261
0.722351758032472,0.5502091267015675
0.722351758032472,0.6385928038533656
0.722351758032472,0.4529952233983955
-1.3843670883058157,-1.1555530025359984
-1.3843670883058157,-0.873490242278599
0.722351758032472,0.6798705017913443
0.722351758032472,0.37665230454630927
0.722351758032472,0.3644898909931864
0.722351758032472,0.2923604686415149
0.722351758032472,0.594481158998246
-1.3843670883058157,-1.3633948618301512
-1.3843670883058157,-0.9137471678877089
-1.3843670883058157,-0.7157454888790208
0.722351758032472,0.12777988451681188
-1.3843670883058157,-0.6597522001436633
-1.3843670883058157,-0.8519483797278178
0.722351758032472,0.30637005166172393
-1.3843670883058157,-0.7507404396003995
-1.3843670883058157,-1.0319124427438866
-1.3843670883058157,-1.0922084780480645
0.722351758032472,-0.5003642594578782
-1.3843670883058157,-0.9733800026936015
0.722351758032472,0.8124256329656446
-1.3843670883058157,-1.2947028084423216
0.722351758032472,-0.5470739433332148
0.722351758032472,0.49393835280835885
0.722351758032472,0.5964472671506816
0.722351758032472,1.2890105879891873
-1.3843670883058157,-1.1247491130391465
0.722351758032472,0.6796256795923782
-1.3843670883058157,-0.5618137555478895
0.722351758032472,0.4296654993657394
0.722351758032472,-0.1748986022052676
0.722351758032472,-0.608658441641857
-1.3843670883058157,-1.0046979523436046
0.722351758032472,0.5512920087016923
-1.3843670883058157,-1.0588633191745547
-1.3843670883058157,-1.477489015792369
0.722351758032472,1.4029086927920988
0.722351758032472,0.3140991790639751
-1.3843670883058157,-1.6253060336456393
-1.3843670883058157,-1.0299162398277493
0.722351758032472,1.403877733012028
0.722351758032472,0.4507151078102334
0.722351758032472,0.5082783600433086
-1.3843670883058157,-1.1345111519402429
-1.3843670883058157,0.11964187276776539
0.722351758032472,1.0566304520624232
0.722351758032472,0.7830933158950807
0.722351758032472,1.2683521236307223
0.722351758032472,0.6310486507439591
0.722351758032472,1.071763730866318
-1.3843670883058157,-0.922418012676764
-1.3843670883058157,-1.061385531792522
0.722351758032472,0.740446085431517
-1.3843670883058157,-1.5939622376569083
0.722351758032472,0.27819660928744727
0.722351758032472,0.26812859607392325
0.722351758032472,0.6746944057027185
0.722351758032472,-0.48237573552408314
0.722351758032472,0.6392458759107903
0.722351758032472,0.4406250145822014
-1.3843670883058157,-0.8867070415409218
-1.3843670883058157,-0.9373477999772657
-1.3843670883058157,-1.1777486377692155
0.722351758032472,0.3683862969010623
-1.3843670883058157,-0.46156173115515925
0.722351758032472,0.5138077903829165
0.722351758032472,0.6823963504635603
-1.3843670883058157,-1.19316399781524
0.722351758032472,0.19027620022658187
-1.3843670883058157,-1.1725933816391394
-1.3843670883058157,-1.2092090412278238
-1.3843670883058157,-0.7838232372069198
-1.3843670883058157,-1.2532416544216831
-1.3843670883058157,-1.1803901013370641
0.722351758032472,1.2652371834857807
0.722351758032472,1.0269143024578256
0.722351758032472,0.48962384151260563
0.722351758032472,0.9165963592080836
0.722351758032472,0.15645697033213823
-1.3843670883058157,-1.116299683156548
0.722351758032472,1.1656952281889428
0.722351758032472,0.5279080316815407
-1.3843670883058157,-1.1485328822792629
0.722351758032472,0.7579473950344283
-1.3843670883058157,-1.0089951565638546
0.722351758032472,1.2198715021716047
0.722351758032472,0.6791753110997621
0.722351758032472,0.6711369559333841
0.722351758032472,1.1875719570811785
0.722351758032472,-0.4351157388933753
0.722351758032472,0.3491357200634472
-1.3843670883058157,-1.1778485790346007
0.722351758032472,1.39664931040148
0.722351758032472,0.41074316879610495
0.722351758032472,0.6871047484678029
0.722351758032472,0.9408778494801523
-1.3843670883058157,-0.6082199165108543
-1.3843670883058157,-0.9142250697126353
0.722351758032472,0.5744861079341502
0.722351758032472,0.5020728981867258
-1.3843670883058157,-1.497918069019351
0.722351758032472,0.6461264310684246
-1.3843670883058157,-1.185296202595802
-1.3843670883058157,-1.0903468596490353
0.722351758032472,0.05811151754426658
0.722351758032472,-0.4946721183504596
0.722351758032472,0.5863033200149915
-1.3843670883058157,-1.3106554437100686
0.722351758032472,0.6023933216134326
0.722351758032472,0.8349665780903915
0.722351758032472,0.4594942051730624
0.722351758032472,0.8004787871015216
0.722351758032472,0.959006087972981
0.722351758032472,0.6392659565987907
0.722351758032472,0.40016436103006936
0.722351758032472,1.3737461004547287
0.722351758032472,1.4896943817502333
-1.3843670883058157,-0.9675331500591926
0.722351758032472,0.5612794404414804
-1.3843670883058157,-1.4547190778225558
0.722351758032472,1.3862916179752247
0.722351758032472,0.4664371894088175
-1.3843670883058157,-1.059711664569299
-1.3843670883058157,-1.0130092519658782
-1.3843670883058157,-1.3076060396307017
-1.3843670883058157,-1.0436197472417788
-1.3843670883058157,-1.0327831276786972
0.722351758032472,1.0188484847636645
0.722351758032472,-0.23927488826003995
0.722351758032472,-0.2522325061635462
-1.3843670883058157,-0.6142688848466736
0.722351758032472,0.3896675154174384
-1.3843670883058157,-1.0124237305553168
0.722351758032472,0.5412307162731739
-1.3843670883058157,-1.3263447258215055
-1.3843670883058157,-1.175088345859677
0.722351758032472,0.6773801081365575
-1.3843670883058157,-1.3486196971727633
-1.3843670883058157,0.788534500044385
-1.3843670883058157,-0.671503443662471
-1.3843670883058157,-1.1067351057311579
0.722351758032472,0.4256996088166458
0.722351758032472,-0.2981926324080846
0.722351758032472,0.43940887801231265
0.722351758032472,0.6014972936071682
-1.3843670883058157,-0.9514347902279968
0.722351758032472,-0.3178696513879554
-1.3843670883058157,-1.5267564636548547
0.722351758032472,0.6891703951303269
0.722351758032472,0.4857422125157257
0.722351758032472,-0.3605503144973866
0.722351758032472,0.593641344087651
0.722351758032472,0.5250252591044252
0.722351758032472,0.5176816317790388
-1.3843670883058157,-0.6363991466091588
-1.3843670883058157,-1.0146189849830904
0.722351758032472,0.9366525230899153
0.722351758032472,0.5088504616733961
0.722351758032472,0.6612957313758104
0.722351758032472,0.7386371130095551
-1.3843670883058157,-0.6245148128782849
0.722351758032472,1.4077708156335902
0.722351758032472,1.211397754114059
0.722351758032472,1.144446975029843
-1.3843670883058157,-0.9994263387263049
-1.3843670883058157,-1.252820789333858
0.722351758032472,0.5772568585149042
0.722351758032472,0.4396906046812742
0.722351758032472,0.5513865496130735
0.722351758032472,1.2730790327958053
0.722351758032472,1.1476181210401002
0.722351758032472,0.9885092236705032
-1.3843670883058157,-1.0626243332054195
-1.3843670883058157,-0.9726909761420739
0.722351758032472,1.5071822812231956
0.722351758032472,1.3568719837178715
0.722351758032472,0.5507229916284454
0.722351758032472,1.2058077400027383
0.722351758032472,1.243749120220425
-1.3843670883058157,-0.9961318320658812
0.722351758032472,0.38073463241595085
0.722351758032472,1.3296798413594462
-1.3843670883058157,-0.8703823722126349
0.722351758032472,0.5025890105878442
0.722351758032472,0.49633528311048225
0.722351758032472,0.34051139608695835
0.722351758032472,0.6773038022675267
0.722351758032472,0.2964136337051122
-1.3843670883058157,-1.2006692020234242
0.722351758032472,0.920609613489563
0.722351758032472,0.9340759744022177
0.722351758032472,1.1324650976082182
-1.3843670883058157,-1.1263173041820622
0.722351758032472,0.5221182012904618
0.722351758032472,0.4386110450129992
0.722351758032472,0.6237804955489777
0.722351758032472,0.8805433460001871
0.722351758032472,0.2508853384546612
0.722351758032472,-0.5070607047799769
0.722351758032472,0.6268232856478725
-1.3843670883058157,-1.1694214862653012
-1.3843670883058157,-1.3418363024496294
0.722351758032472,1.1883623971345423
0.722351758032472,0.6251062170890213
-1.3843670883058157,-0.831450389228846
-1.3843670883058157,-0.7712535584363379
0.722351758032472,1.0403089507621752
0.722351758032472,-0.2117511623854601
0.722351758032472,0.681389537579867
0.722351758032472,0.7318190699787529
0.722351758032472,1.4868906169416851
-1.3843670883058157,-1.034768418320021
0.722351758032472,0.935652012033321
-1.3843670883058157,-1.0007142202717851
-1.3843670883058157,-1.1834791800177582
0.722351758032472,-0.47861858596507884
0.722351758032472,1.3681781588717716
0.722351758032472,-0.2880923285231968
0.722351758032472,0.5499618787296959
0.722351758032472,1.1556600976013929
0.722351758032472,0.47915796496272756
0.722351758032472,0.9506322415909919
-1.3843670883058157,-1.1627862034614593
0.722351758032472,0.653853348470436
0.722351758032472,0.685308450442149
0.722351758032472,0.4117495592104361
0.722351758032472,0.950553765347414
-1.3843670883058157,-0.9651522710800318
-1.3843670883058157,-1.2381129588146362
0.722351758032472,0.28979713370698157
-1.3843670883058157,-0.7038839987115069
-1.3843670883058157,-1.2450558913045053
-1.3843670883058157,-1.0184522789598807
-1.3843670883058157,-1.118618162810342
0.722351758032472,0.49145213949908817
0.722351758032472,0.10022315640748669
0.722351758032472,0.3379990949381617
0.722351758032472,1.412515894744407
0.722351758032472,1.1776698144847968
0.722351758032472,0.4111114200603121
-1.3843670883058157,-1.0914543880456
0.722351758032472,0.5893151547646592
0.722351758032472,0.8758823255094782
0.722351758032472,0.6871472456376148
0.722351758032472,1.0138588983088757
0.722351758032472,0.7376682533660704
-1.3843670883058157,-0.972529762698979
-1.3843670883058157,-1.270345943679719
0.722351758032472,0.31004818481124685
-1.3843670883058157,-2.2513181486824094
0.722351758032472,1.0187678434214917
0.722351758032472,1.1226027863952508
0.722351758032472,0.9825750369363758
0.722351758032472,0.7353271339855304
-1.3843670883058157,-1.2478474618954212
0.722351758032472,1.4714651743952114
0.722351758032472,-0.49296926510990646
0.722351758032472,0.3130888823624166
0.722351758032472,0.9050411737927176
0.722351758032472,0.3949615054673876
0.722351758032472,1.3294056748863627
-1.3843670883058157,-0.8574289645750173
-1.3843670883058157,-1.3377525436530715
-1.3843670883058157,-1.0181226667904002
-1.3843670883058157,-0.5841642059236737
0.722351758032472,0.4665098750479739
0.722351758032472,0.833370826362866
-1.3843670883058157,-1.3662329147485814
0.722351758032472,0.6575709222572587
0.722351758032472,0.5879154035933635
-1.3843670883058157,-1.3848626241209128
0.722351758032472,-0.4278058468758142
0.722351758032472,0.2754467329839777
0.722351758032472,0.32166447537968423
0.722351758032472,0.4354934568434612
0.722351758032472,0.4621426598232721
0.722351758032472,1.0593969893631079
0.722351758032472,0.996628736115771
0.722351758032472,0.564944396952129
0.722351758032472,0.4084900038017034
0.722351758032472,0.6095200549334979
0.722351758032472,0.2623380724840092
0.722351758032472,0.8030953822445001
-1.3843670883058157,-0.8999944613303686
0.722351758032472,0.4981002547904766
-1.3843670883058157,-1.0673711797932002
0.722351758032472,0.7552054749886227
0.722351758032472,0.9101815435191881
-1.3843670883058157,-1.052062050897086
-1.3843670883058157,-0.957717073924352
0.722351758032472,0.4423286609323255
-1.3843670883058157,-1.1432175581367108
0.722351758032472,0.4946425439526577
0.722351758032472,1.1064136511698521
-1.3843670883058157,-1.4960209216572864
0.722351758032472,0.5577662559600046
-1.3843670883058157,-0.6956231893692282
0.722351758032472,-0.5504198516425326
0.722351758032472,0.05991728562005472
0.722351758032472,0.3440077912951911
0.722351758032472,0.21707157213618022
0.722351758032472,0.3711048917323435
-1.3843670883058157,-1.494144800716347
-1.3843670883058157,-1.3454545821464274
0.722351758032472,0.5753490321847979
0.722351758032472,0.48718569225480957
0.722351758032472,0.6326371899946669
-1.3843670883058157,-1.2128615142446002
0.722351758032472,0.19018187819666066
0.722351758032472,-0.23777366865878652
-1.3843670883058157,-1.4440593601268263
0.722351758032472,0.5319782224443469
-1.3843670883058157,-1.2527339698329922
0.722351758032472,0.2562423031008716
-1.3843670883058157,-1.1706679608383719
0.722351758032472,1.1584008968648094
0.722351758032472,0.5132479042933121
0.722351758032472,0.7211111051586362
0.722351758032472,0.4194393644182519
-1.3843670883058157,-1.4802008321966833
0.722351758032472,-0.46167663463193453
-1.3843670883058157,-0.8843624044901295
0.722351758032472,0.9594884057997727
0.722351758032472,1.1667477861298683
0.722351758032472,-0.5540149519349626
-1.3843670883058157,-1.1730473641462726
0.722351758032472,-0.36033895229747576
-1.3843670883058157,-1.174823095728839
-1.3843670883058157,-0.524565692354247
0.722351758032472,0.5492970017424378
-1.3843670883058157,-1.1305829366708133
0.722351758032472,0.7249111789763786
0.722351758032472,0.2406496872927696
0.722351758032472,1.1303758889380298
0.722351758032472,0.30063317514803867
0.722351758032472,0.6938608682074164
-1.3843670883058157,-1.2980978601215833
0.722351758032472,-0.446139109381282
0.722351758032472,1.0647948333189805
0.722351758032472,1.0296555670240184
0.722351758032472,1.2733912733554162
0.722351758032472,0.409772842935315
0.722351758032472,0.9975286322825198
-1.3843670883058157,-1.5072020188376773
-1.3843670883058157,-1.4682010456204617
-1.3843670883058157,-0.5062216824159593
-1.3843670883058157,-1.0384997335341142
-1.3843670883058157,-0.9861303076640562
0.722351758032472,0.5072641778461117
0.722351758032472,0.6259883956073574
-1.3843670883058157,-1.2394743055054818
-1.3843670883058157,-1.0201607213964756
-1.3843670883058157,-1.3360465950799125
0.722351758032472,1.2796817380337266
0.722351758032472,1.1427654185940916
0.722351758032472,0.3419968012836643
0.722351758032472,0.961719559299404
-1.3843670883058157,-0.8976785170902709
-1.3843670883058157,-0.8950239377555891
0.722351758032472,0.4936390736020432
-1.3843670883058157,-1.1408971030816217
-1.3843670883058157,-1.509082732294643
0.722351758032472,1.2546966644816928
0.722351758032472,0.6169886536529879
0.722351758032472,0.5399399954001346
-1.3843670883058157,-1.2914923307509067
-1.3843670883058157,-0.9285245659332673
-1.3843670883058157,-0.6439501704285826
-1.3843670883058157,-1.4994560240678352
0.722351758032472,0.5510434770873472
-1.3843670883058157,-0.9685183239197678
-1.3843670883058157,-1.3926405621124944
0.722351758032472,0.9055692630639448
0.722351758032472,-0.7134344242981092
0.722351758032472,0.6531309951851264
0.722351758032472,0.6341582866715946
0.722351758032472,0.3762381924212904
-1.3843670883058157,-1.0739779020478024
0.722351758032472,0.6681638627798537
0.722351758032472,0.3226508543894777
0.722351758032472,-0.7781436005320712
0.722351758032472,0.5654191752457668
0.722351758032472,0.8635701964760972
-1.3843670883058157,-1.0018675658130904
0.722351758032472,0.2041415379415097
0.722351758032472,0.6218022401652196
0.722351758032472,1.3198338910033618
0.722351758032472,0.42421556134967453
0.722351758032472,0.7699591697324427
0.722351758032472,0.46258715431150366
0.722351758032472,1.5610757511963724
-1.3843670883058157,-0.9860141485423376
0.722351758032472,0.5851741112578118
-1.3843670883058157,-1.0511701189827072
0.722351758032472,0.34138501731122484
0.722351758032472,0.4574075331639613
0.722351758032472,0.8529567481156762
0.722351758032472,0.757341677443374
0.722351758032472,0.7712973347082622
0.722351758032472,0.5134601660621344
0.722351758032472,0.08795514689764361
0.722351758032472,1.2303325257802356
0.722351758032472,0.48770473727904073
0.722351758032472,0.2971189164065168
0.722351758032472,0.5811969757980636
-1.3843670883058157,-1.0475488202804524
0.722351758032472,0.7992188206365615
0.722351758032472,0.6943076691993203
0.722351758032472,1.2360747198408664
0.722351758032472,0.5691539836968859
-1.3843670883058157,-0.739857323387128
0.722351758032472,1.0582270810212147
0.722351758032472,0.9322937676970618
0.722351758032472,0.4084688467593127
0.722351758032472,1.3775283283666067
-1.3843670883058157,-0.8874159916958309
0.722351758032472,0.3867466554458586
0.722351758032472,1.3070726684796061
-1.3843670883058157,-0.8110616894227249
-1.3843670883058157,-1.5095574253790853
0.722351758032472,0.8466679130432987
-1.3843670883058157,-1.7355409105691684
-1.3843670883058157,-1.5271076111273416
0.722351758032472,0.19357312670033067
0.722351758032472,0.36465473712789886
0.722351758032472,0.978588379055234
-1.3843670883058157,-1.3724342570859913
0.722351758032472,0.5493731510310188
0.722351758032472,1.087182734285526
0.722351758032472,0.36066845335350384
-1.3843670883058157,-1.1954155045714532
0.722351758032472,0.6325840213970692
-1.3843670883058157,-1.0179118293889382
0.722351758032472,-0.4445890111291762
0.722351758032472,0.6822058679371429
-1.3843670883058157,-1.4361956948374248
0.722351758032472,1.24052384461377
0.722351758032472,0.6372709977060235
0.722351758032472,0.7002359322318595
-1.3843670883058157,-0.9213634239268818
0.722351758032472,0.10251811975928993
0.722351758032472,0.4810789616252006
0.722351758032472,0.569740911056931
-1.3843670883058157,-0.9773670084677919
0.722351758032472,1.3490151515541777
-1.3843670883058157,-1.1404292081309575
0.722351758032472,0.815824322191579
-1.3843670883058157,-1.3629940795683546
-1.3843670883058157,-1.289676029198011
0.722351758032472,0.9146987502348393
-1.3843670883058157,-1.1695200354374036
0.722351758032472,0.8801422115808658
0.722351758032472,0.4297523831795371
0.722351758032472,0.39388177783263556
0.722351758032472,0.9223950976336278
0.722351758032472,0.45103226939137564
-1.3843670883058157,-1.2347604992736787
0.722351758032472,0.7017183754834692
0.722351758032472,0.3042661106409752
-1.3843670883058157,-1.2479725066160194
-1.3843670883058157,-1.4004143172382433
-1.3843670883058157,-1.374412458305442
-1.3843670883058157,-1.0455762283977625
0.722351758032472,0.39103539537521803
-1.3843670883058157,-0.7140493095746328
-1.3843670883058157,-0.4593836030997758
0.722351758032472,0.2850437003316153
0.722351758032472,1.2748026181680405
-1.3843670883058157,-1.1622410187259158
0.722351758032472,0.8028938788611596
0.722351758032472,-0.4510162198104241
-1.3843670883058157,-0.7817722390549601
-1.3843670883058157,-0.7456370647211017
0.722351758032472,0.9482028010809366
0.722351758032472,0.3291168303346407
-1.3843670883058157,-1.081815765089142
0.722351758032472,0.16786512661345288
-1.3843670883058157,-1.2841428077721497
0.722351758032472,0.5941434660035513
0.722351758032472,0.03833185746378798
0.722351758032472,1.4101099327436466
0.722351758032472,0.2921164500049833
0.722351758032472,0.8492490767124227
-1.3843670883058157,-1.24604269492895
0.722351758032472,0.6276520052404991
-1.3843670883058157,-1.1601031629801954
0.722351758032472,-0.4477284918471275
-1.3843670883058157,-1.3693178691503172
0.722351758032472,0.34052000347710076
0.722351758032472,0.5356195758176104
0.722351758032472,0.8039452748749473
0.722351758032472,-0.08358024577802753
0.722351758032472,0.28543212705060195
-1.3843670883058157,-1.327072145274213
-1.3843670883058157,-1.339933082372247
0.722351758032472,0.7673341546877236
-1.3843670883058157,-1.2265499923153214
0.722351758032472,0.7483355527666166
0.722351758032472,-0.510638791132726
0.722351758032472,1.3522786329752297
-1.3843670883058157,-0.9485212728339799
-1.3843670883058157,-1.3035726239872933
0.722351758032472,0.21957809536131812
-1.3843670883058157,-0.8984553528759476
0.722351758032472,0.46757272110615977
-1.3843670883058157,-1.3833573948328164
0.722351758032472,0.5368066128459866
-1.3843670883058157,-0.8739754142104356
0.722351758032472,0.4524986421431283
0.722351758032472,1.0696045170171504
0.722351758032472,0.5056395885808148
0.722351758032472,0.4778641098357419
0.722351758032472,1.2291110951349045
-1.3843670883058157,-0.6944279921138498
0.722351758032472,1.2062737055304127
0.722351758032472,0.25145180470809914
0.722351758032472,0.3568124108911179
-1.3843670883058157,-1.4316394140114435
-1.3843670883058157,-1.1933977120598827
0.722351758032472,1.2375266949161765
0.722351758032472,-0.1235293597452155
-1.3843670883058157,-1.352923415735975
0.722351758032472,0.5007912279712577
0.722351758032472,1.2524357889163733
0.722351758032472,1.2126287316409288
0.722351758032472,0.40917922058299716
0.722351758032472,0.25372319254266384
0.722351758032472,0.3111190557392791
0.722351758032472,1.2162489410745225
-1.3843670883058157,-1.1271225279730952
0.722351758032472,0.633935235978652
0.722351758032472,0.02801247641447313
-1.3843670883058157,-1.4696532779619553
-1.3843670883058157,-1.3026442636293138
0.722351758032472,1.3127341054146018
0.722351758032472,0.8650788021650174
0.722351758032472,0.5625385778729622
-1.3843670883058157,-1.1209017790276958
0.722351758032472,0.5520616088911815
-1.3843670883058157,-1.0261603568559652
0.722351758032472,1.3347422932735373
0.722351758032472,0.7646721153458106
0.722351758032472,0.8812900958983788
0.722351758032472,0.41326528882826796
0.722351758032472,0.507849997008836
0.722351758032472,0.47474839877722197
-1.3843670883058157,-0.9467979668620005
0.722351758032472,0.6959425880155076
-1.3843670883058157,-1.1345844506632121
0.722351758032472,0.5490780624780541
0.722351758032472,1.069004083713497
-1.3843670883058157,-1.5305722041401708
-1.3843670883058157,-0.7747335794212857
0.722351758032472,-0.3018834088988066
0.722351758032472,0.5433929937448451
0.722351758032472,0.7212272999643862
0.722351758032472,0.795365199254373
0.722351758032472,-0.06527197574088128
0.722351758032472,1.2737165334365028
0.722351758032472,0.5056056207526666
-1.3843670883058157,-1.275571070111379
0.722351758032472,0.47404009377368284
0.722351758032472,-0.34889095050938174
-1.3843670883058157,-0.5847452456801997
0.722351758032472,0.7699138040232302
-1.3843670883058157,-1.4025706306944898
-1.3843670883058157,-1.2276853170446675
-1.3843670883058157,-0.783861137626801
-1.3843670883058157,-1.3208596422109062
0.722351758032472,1.4867529606201733
0.722351758032472,1.1494206724235827
0.722351758032472,0.29498570855720474
0.722351758032472,0.48923801856712223
0.722351758032472,1.0569274511587468
0.722351758032472,0.03111854658417834
0.722351758032472,0.6936128524229234
0.722351758032472,1.3838887151272306
0.722351758032472,1.3735652471998026
0.722351758032472,1.196616219669541
0.722351758032472,0.5223291727463554
0.722351758032472,1.147426355593844
0.722351758032472,0.6337278030655858
0.722351758032472,1.3470711524139896
0.722351758032472,0.6722052317822246
0.722351758032472,0.341800379930697
-1.3843670883058157,-1.224169602794949
0.722351758032472,0.44999062346473273
0.722351758032472,0.22228183683303704
0.722351758032472,0.5607335362206872
0.722351758032472,1.112106819233337
-1.3843670883058157,-1.2689635420425924
0.722351758032472,-0.3334247362525877
-1.3843670883058157,-0.744942680308167
-1.3843670883058157,-1.0610060010476716
-1.3843670883058157,-1.4505002509176133
0.722351758032472,0.4527271791017159
-1.3843670883058157,-1.3985472656726603
-1.3843670883058157,-1.0781906801735743
-1.3843670883058157,-1.2495970190645402
0.722351758032472,1.127805202387313
0.722351758032472,0.9123060043377912
0.722351758032472,0.954550529421046
-1.3843670883058157,-0.9166787521579635
-1.3843670883058157,-1.0884218571357738
0.722351758032472,0.5884771563864303
0.722351758032472,-0.5057757929804624
0.722351758032472,0.5513702282042171
-1.3843670883058157,-1.1710697188884927
0.722351758032472,1.0963498607177695
-1.3843670883058157,-1.4658139709251368
0.722351758032472,0.8867892393234199
0.722351758032472,1.2282320279691663
0.722351758032472,0.6211081386647975
0.722351758032472,0.3246546740899885
0.722351758032472,0.6152047274720523
0.722351758032472,-0.43715073655369124
-1.3843670883058157,0.23510779111921198
-1.3843670883058157,-1.1137343636166603
0.722351758032472,0.6708114677991389
0.722351758032472,0.5496329571010666
0.722351758032472,-0.5525344538604451
0.722351758032472,0.3463731562597052
-1.3843670883058157,-1.0067018571889654
0.722351758032472,0.4838953373977496
-1.3843670883058157,-0.9175906592695534
-1.3843670883058157,-1.1656868510172347
-1.3843670883058157,-1.0138724269110173
-1.3843670883058157,-0.7436343619428882
0.722351758032472,0.6643398472548251
0.722351758032472,0.6973548926313747
0.722351758032472,-0.28841849760304766
-1.3843670883058157,-1.1147721780559001
-1.3843670883058157,-0.714063562973303
-1.3843670883058157,-1.3462164554351816
0.722351758032472,0.4401040363680031
-1.3843670883058157,-1.281117161347194
0.722351758032472,0.9681431294702311
-1.3843670883058157,-1.401097114465418
-1.3843670883058157,-1.5282872393991291
-1.3843670883058157,-1.3257858248068388
-1.3843670883058157,-1.1274271843689863
0.722351758032472,0.28073782451012397
0.722351758032472,0.6731449987140316
-1.3843670883058157,-1.2015007183374815
-1.3843670883058157,-1.2484789760607464
0.722351758032472,1.0152001220840434
-1.3843670883058157,-0.769443294646592
-1.3843670883058157,-1.0764042915265764
-1.3843670883058157,-1.1111375385409348
0.722351758032472,0.5354641776702592
-1.3843670883058157,-1.4559294761817636
0.722351758032472,1.4566641402312666
-1.3843670883058157,-0.8625983817552614
0.722351758032472,0.39791899796840036
0.722351758032472,0.7369491015734791
0.722351758032472,0.31345863367391624
0.722351758032472,0.6005526039106982
0.722351758032472,0.49518526120641304
0.722351758032472,0.5062507537761284
0.722351758032472,0.552011352106157
0.722351758032472,0.4510436160245366
0.722351758032472,1.2499672830026678
0.722351758032472,0.6271247981154681
-1.3843670883058157,-1.448030472494739
0.722351758032472,1.4176819467914035
-1.3843670883058157,-1.4664647418553207
0.722351758032472,-0.5786163976080179
-1.3843670883058157,-1.1632052345792023
-1.3843670883058157,-1.0740717996707352
0.722351758032472,0.5736465539580652
-1.3843670883058157,-1.357412340118172
0.722351758032472,1.383822224204808
-1.3843670883058157,-0.7174073795284422
0.722351758032472,-0.41951865525099735
0.722351758032472,0.9807442356766841
0.722351758032472,0.4287268003365964
0.722351758032472,0.7752651828574152
0.722351758032472,-0.2831918170756851
-1.3843670883058157,-1.0936051698920835
0.722351758032472,0.8893615725867242
-1.3843670883058157,-1.0985212415439076
-1.3843670883058157,-1.1617813015058678
0.722351758032472,0.2645911358161499
-1.3843670883058157,-1.1471740222716944
-1.3843670883058157,-0.8992805123178662
0.722351758032472,0.9648123265266281
0.722351758032472,1.3296635382906343
0.722351758032472,0.3401266885717845
0.722351758032472,0.43878393476692934
0.722351758032472,0.6626572314744289
0.722351758032472,0.45072519778344056
-1.3843670883058157,-1.3678823666464104
0.722351758032472,0.5773811626446798
0.722351758032472,0.6083095929981442
0.722351758032472,1.0558460813172932
0.722351758032472,1.3261011589806255
0.722351758032472,0.7088946687744636
0.722351758032472,1.1773437222977408
-1.3843670883058157,-0.932206033379878
-1.3843670883058157,-1.2327124052397778
-1.3843670883058157,-1.6539942214679408
-1.3843670883058157,-0.9979076071611274
0.722351758032472,0.48084621706241126
-1.3843670883058157,-1.0331672144137034
0.722351758032472,1.3505622855619182
0.722351758032472,0.6320830943904759
-1.3843670883058157,-0.9809624342042342
0.722351758032472,1.2691496410840686
0.722351758032472,0.6648236093136285
0.722351758032472,0.46349546888724946
0.722351758032472,-0.17035028189197565
-1.3843670883058157,-1.349271132698562
-1.3843670883058157,-2.0665334024896556
0.722351758032472,0.5925488080654632
-1.3843670883058157,-1.184611452708932
0.722351758032472,1.0662432981551997
0.722351758032472,0.9398509256775681
0.722351758032472,0.5019336241909224
0.722351758032472,0.36429895866244166
-1.3843670883058157,-1.1189311788263434
-1.3843670883058157,-1.1224451941241052
-1.3843670883058157,-1.053408069066884
0.722351758032472,0.7309767450954688
-1.3843670883058157,-0.9977885736397856
0.722351758032472,-0.5844604839217156
0.722351758032472,0.5181407855631422
0.722351758032472,1.1760851036258453
-1.3843670883058157,-1.1348895896145348
-1.3843670883058157,-0.8349918418598166
0.722351758032472,1.0880196255959356
-1.3843670883058157,-0.9728500643655774
-1.3843670883058157,-0.872482456649087
0.722351758032472,0.5951402405409666
-1.3843670883058157,-1.1621812423995888
0.722351758032472,0.6364530618723666
0.722351758032472,-0.38693078508686696
0.722351758032472,0.9747483216003289
0.722351758032472,0.7890159067709089
0.722351758032472,0.5947978727118434
0.722351758032472,0.4875252642812392
0.722351758032472,0.5239123078566897
0.722351758032472,1.0758985447365865
0.722351758032472,0.32264434513964524
-1.3843670883058157,-1.09956129485659
-1.3843670883058157,-1.493131488576177
-1.3843670883058157,-1.112215537522276
0.722351758032472,0.4642435994400692
0.722351758032472,1.1312864423616071
0.722351758032472,0.3539814013282536
0.722351758032472,0.44017026399822456
0.722351758032472,0.06384278226683493
-1.3843670883058157,-1.301875403014817
0.722351758032472,0.6615548777198775
0.722351758032472,0.7149875186044184
-1.3843670883058157,-0.8188278878934108
-1.3843670883058157,-0.8384078802117125
0.722351758032472,-0.12829350102229964
-1.3843670883058157,-1.38127568069444
0.722351758032472,0.6577663618094293
-1.3843670883058157,-1.5362238245267332
0.722351758032472,0.6871464741673988
0.722351758032472,1.003132783283999
-1.3843670883058157,-1.0002031239656315
-1.3843670883058157,-1.2409122177251661
-1.3843670883058157,-1.1223763430659184
0.722351758032472,0.34411995832130926
0.722351758032472,0.545929583131426
-1.3843670883058157,-1.020290453438078
0.722351758032472,-0.08477173341902955
0.722351758032472,-0.041051892326920525
0.722351758032472,0.5173198394955693
-1.3843670883058157,-1.6429697028472603
-1.3843670883058157,-1.28400385191076
-1.3843670883058157,-1.3492503141817023
0.722351758032472,1.0369304740902017
0.722351758032472,0.28517868072012
-1.3843670883058157,-1.2520648414496365
0.722351758032472,1.0181303898555067
0.722351758032472,0.3060524805250254
0.722351758032472,0.1619247468504611
-1.3843670883058157,-0.698235255501267
0.722351758032472,1.2959510596137904
-1.3843670883058157,-1.4616098666651123
-1.3843670883058157,-1.0619481520787621
0.722351758032472,0.49960389923266424
-1.3843670883058157,-1.128736231846561
0.722351758032472,-0.5646959786525477
-1.3843670883058157,-1.1567058741634875
0.722351758032472,0.5610388162445125
-1.3843670883058157,-1.0349289066115102
0.722351758032472,0.49870762635505084
0.722351758032472,0.6243125038128717
0.722351758032472,1.2791053420938532
0.722351758032472,0.7556623253744071
0.722351758032472,0.3843915489203944
0.722351758032472,0.46699845345033597
0.722351758032472,0.4015978932579797
-1.3843670883058157,-1.0957048951929358
0.722351758032472,0.3186651199295112
0.722351758032472,0.6773105167939483
0.722351758032472,-0.4783685145482654
0.722351758032472,0.5771942023532871
-1.3843670883058157,-1.2579929026343626
0.722351758032472,1.0361748619426994
0.722351758032472,-0.02103730471199705
-1.3843670883058157,-0.9635596750669743
0.722351758032472,1.338141140743573
0.722351758032472,1.1877231005599787
-1.3843670883058157,-1.030188425403407
-1.3843670883058157,-0.7089919011137286
-1.3843670883058157,-0.8009676083939976
-1.3843670883058157,-1.1550707321189606
0.722351758032472,0.660993937213428
0.722351758032472,0.8483581058325861
0.722351758032472,0.5312797013830209
0.722351758032472,0.6285350052514614
0.722351758032472,0.7031578319599047
0.722351758032472,-0.15360842012085357
0.722351758032472,-0.30629276452558607
0.722351758032472,1.0047654455150123
-1.3843670883058157,-0.7338313499307917
0.722351758032472,1.3427198301563372
0.722351758032472,-0.12172101944938402
-1.3843670883058157,-1.2181596196170603
-1.3843670883058157,-0.7885434917223293
0.722351758032472,0.6620066609044023
0.722351758032472,0.36069155067429903
0.722351758032472,0.32298615372435024
0.722351758032472,1.3912660485216684
0.722351758032472,0.12164835980886879
-1.3843670883058157,-0.7481773033232866
0.722351758032472,0.5639027809823242
-1.3843670883058157,-1.3281267067112505
0.722351758032472,0.05234939707415054
-1.3843670883058157,-0.6177593802088399
-1.3843670883058157,-1.0964161469681848
0.722351758032472,0.7485762153512651
0.722351758032472,0.3020312945650605
0.722351758032472,0.34043041417041464
0.722351758032472,0.5437775922289937
0.722351758032472,0.5197562507688948
-1.3843670883058157,-0.9305950528727622
0.722351758032472,0.492040262002334
-1.3843670883058157,-1.110381085236321
-1.3843670883058157,-1.2183705712931776
0.722351758032472,0.6095494390392536
0.722351758032472,0.4612929429946335
0.722351758032472,0.5393907869864344
0.722351758032472,1.2506636653276955
0.722351758032472,0.753085294826776
-1.3843670883058157,-1.2428078187706257
0.722351758032472,0.24003430501975587
-1.3843670883058157,-1.0496156002066848
0.722351758032472,1.3402047443718859
0.722351758032472,0.4434415384110183
0.722351758032472,0.3787611922150905
0.722351758032472,0.7152897282409713
0.722351758032472,0.5361983932213307
0.722351758032472,0.9027334743531149
0.722351758032472,0.9090707801590402
0.722351758032472,0.6175771838354008
-1.3843670883058157,-1.2269963545012705
0.722351758032472,1.132491576309171
-1.3843670883058157,-1.408553110511865
0.722351758032472,0.36570914758778295
-1.3843670883058157,-0.6197048813170719
-1.3843670883058157,-0.8839621054670521
-1.3843670883058157,-1.140837532345963
0.722351758032472,0.2751813006650098
0.722351758032472,0.6079821454955029
-1.3843670883058157,-0.9687691282820612
0.722351758032472,0.6027456353363995
0.722351758032472,0.3108706431928221
0.722351758032472,1.0220224860556986
0.722351758032472,0.4886666720445062
0.722351758032472,0.6229199885658442
0.722351758032472,0.5860327101975785
-1.3843670883058157,-1.1703089550559957
-1.3843670883058157,-1.1915778633147887
-1.3843670883058157,-1.3717748342541292
0.722351758032472,0.12619682445541192
-1.3843670883058157,-1.2662514167083594
0.722351758032472,1.2704911473023115
0.722351758032472,0.9849968992849395
0.722351758032472,1.1792044554538665
0.722351758032472,-0.44224295382764484
0.722351758032472,0.9753299368896408
0.722351758032472,-0.2004161468555241
-1.3843670883058157,-1.116018070416197
0.722351758032472,0.8252660596137352
-1.3843670883058157,-1.3163113978034164
-1.3843670883058157,-1.2097446718401654
-1.3843670883058157,-1.2693047558913246
0.722351758032472,0.5954728018609946
0.722351758032472,0.520334088753705
-1.3843670883058157,-0.6708325373569204
0.722351758032472,0.4215190939474902
0.722351758032472,0.5724318208236966
0.722351758032472,0.2731208091180608
-1.3843670883058157,-1.469693020846137
0.722351758032472,0.2350289434531183
-1.3843670883058157,-0.5367246296061136
0.722351758032472,0.8049062248141085
0.722351758032472,0.2979964783521998
-1.3843670883058157,-0.6784228412283838
-1.3843670883058157,-0.709464812803645
-1.3843670883058157,-0.9033207886070294
0.722351758032472,-0.11135162986410496
0.722351758032472,0.8624296262396819
0.722351758032472,1.2523678249111798
0.722351758032472,1.306808638867082
0.722351758032472,0.704046316384847
0.722351758032472,1.226562401570737
0.722351758032472,0.5755145357530614
-1.3843670883058157,-1.3144124894110112
-1.3843670883058157,-0.9055333542499503
-1.3843670883058157,-0.829370761416427
-1.3843670883058157,-0.6426473076992898
-1.3843670883058157,-1.3773371274165063
-1.3843670883058157,-1.0050630758754178
0.722351758032472,0.40520454780845827
0.722351758032472,1.374644214937101
0.722351758032472,0.2878084769214716
0.722351758032472,-0.1307393962225587
-1.3843670883058157,-1.2985579422792226
0.722351758032472,0.6279834418564602
-1.3843670883058157,-1.059012247248937
0.722351758032472,0.4011486729957012
-1.3843670883058157,-1.384001019878802
0.722351758032472,0.32391875253532976
-1.3843670883058157,-1.1085779306500239
0.722351758032472,0.41094207009368955
-1.3843670883058157,-1.0950247289946338
0.722351758032472,0.5126366296281301
0.722351758032472,1.184255545322256
0.722351758032472,0.34999678781360566
0.722351758032472,0.4250543166507512
-1.3843670883058157,-1.2459277238330566
0.722351758032472,1.1235519776966276
0.722351758032472,-0.5980436581709256
-1.3843670883058157,-1.2631636453900386
0.722351758032472,0.6168581168015027
0.722351758032472,0.48867339534874643
-1.3843670883058157,-1.5186745651858466
0.722351758032472,0.25381969073169197
0.722351758032472,-0.32048706805911953
-1.3843670883058157,-0.9857247937781752
0.722351758032472,0.6088841817446667
0.722351758032472,0.6311476291483901
-1.3843670883058157,-1.2905832911337598
0.722351758032472,0.4303730232789167
0.722351758032472,0.9193469496484993
-1.3843670883058157,-0.5532038119996386
-1.3843670883058157,-1.3691950637459183
0.722351758032472,0.809631538086531
0.722351758032472,0.7190073817831649
0.722351758032472,1.3262122409569947
0.722351758032472,0.4729617914558861
0.722351758032472,0.786810038545397
-1.3843670883058157,-1.006075191715381
0.722351758032472,-0.04685382878873584
-1.3843670883058157,-0.9084013972505518
0.722351758032472,0.3777903197813246
0.722351758032472,1.068346581423051
0.722351758032472,-0.48476315962904465
0.722351758032472,0.5371781400005017
0.722351758032472,0.4457409325805637
-1.3843670883058157,-1.3209442255198107
0.722351758032472,0.3402615594650662
0.722351758032472,0.4911163176451879
0.722351758032472,0.4560475019690895
-1.3843670883058157,-0.9236215915846105
0.722351758032472,0.5390130033461987
0.722351758032472,0.3924559829540373
0.722351758032472,0.8165387137103776
-1.3843670883058157,-1.1058751735556749
0.722351758032472,0.32220587306172976
-1.3843670883058157,-1.0772781426729745
0.722351758032472,0.7302579066668414
0.722351758032472,0.6697014201672334
0.722351758032472,-0.39286755421241865
0.722351758032472,0.3611709174672725
0.722351758032472,0.98285876000323
0.722351758032472,0.5350541847472065
0.722351758032472,0.3895222331774155
-1.3843670883058157,-0.9836015220670796
0.722351758032472,1.2393305275408792
-1.3843670883058157,-1.4748324435168763
0.722351758032472,0.7167060236478434
0.722351758032472,0.30278700339691245
0.722351758032472,0.26239164537892234
-1.3843670883058157,-1.2504099467661285
0.722351758032472,0.3038996310034552
0.722351758032472,0.3124066114338835
0.722351758032472,1.3233668432719683
-1.3843670883058157,-1.1864210006460216
0.722351758032472,-0.5330968196026109
-1.3843670883058157,-1.0967428920307527
0.722351758032472,1.1444512061291956
0.722351758032472,-0.6022451055305219
0.722351758032472,1.1341147112854864
0.722351758032472,0.6511004356138194
0.722351758032472,0.18220815281020597
-1.3843670883058157,-0.9961123393948205
-1.3843670883058157,-1.6085625734673665
0.722351758032472,0.6988616607156136
-1.3843670883058157,-0.8106921889450539
0.722351758032472,0.8624051270264238
-1.3843670883058157,-1.0330876441770944
0.722351758032472,0.9718286538564579
0.722351758032472,1.3378247565508357
-1.3843670883058157,-1.400846971215917
-1.3843670883058157,-1.0505871648633351
-1.3843670883058157,-0.8666495195551275
0.722351758032472,0.41960153989868165
0.722351758032472,0.5408848023259635
-1.3843670883058157,-1.0451774765271602
0.722351758032472,1.025734543885494
-1.3843670883058157,-1.365198579008697
-1.3843670883058157,-1.1242068428003915
-1.3843670883058157,-1.409626854027742
-1.3843670883058157,-0.6699382273132036
0.722351758032472,0.41853591642248267
-1.3843670883058157,-1.0580370149219607
-1.3843670883058157,-1.357983700021019
-1.3843670883058157,-1.115857392771156
-1.3843670883058157,-1.0721733329242111
-1.3843670883058157,-1.2240142111910082
0.722351758032472,0.10847994153591434
0.722351758032472,1.4376766576246904
0.722351758032472,0.597584783873267
0.722351758032472,0.4716354839828759
0.722351758032472,1.3621119944438127
0.722351758032472,0.9210584806596626
0.722351758032472,-0.5966806963108999
-1.3843670883058157,-1.1499424592085639
-1.3843670883058157,-1.0731363601386184
-1.3843670883058157,-1.5313925276515241
0.722351758032472,1.024686326433231
-1.3843670883058157,-0.5520502923580652
0.722351758032472,1.2024568529017783
0.722351758032472,-0.24579414099296965
0.722351758032472,0.9580745063458059
0.722351758032472,1.0278777535702317
0.722351758032472,0.3385701891529026
-1.3843670883058157,-1.0277252478547354
0.722351758032472,1.309557517475819
-1.3843670883058157,-1.0718223891848706
0.722351758032472,1.3033297532632986
-1.3843670883058157,-1.194433361336948
0.722351758032472,0.5484943263815879
0.722351758032472,0.40667229496937773
0.722351758032472,1.177944566863439
0.722351758032472,0.9714760581517802
0.722351758032472,0.5796421821922136
0.722351758032472,0.401897709793402
0.722351758032472,0.8267393225747378
0.722351758032472,0.4604376468379384
-1.3843670883058157,-1.0799792684818708
0.722351758032472,0.3909105490050675
-1.3843670883058157,-1.1941139964037344
0.722351758032472,-0.3763375125155397
-1.3843670883058157,-1.2365864125722281
0.722351758032472,-0.594430586295822
-1.3843670883058157,-0.8876796348504528
-1.3843670883058157,-0.6457471307259971
0.722351758032472,0.567157816247761
0.722351758032472,0.5029182026874598
-1.3843670883058157,-1.2821315008901875
-1.3843670883058157,-1.2458228588959397
-1.3843670883058157,-1.2040897211542787
-1.3843670883058157,-0.6976074302590783
-1.3843670883058157,-1.2774536884877508
-1.3843670883058157,-1.3801440033519328
0.722351758032472,0.3288732301265309
0.722351758032472,1.313534512786417
0.722351758032472,0.6883089914002353
0.722351758032472,0.6931873887964913
0.722351758032472,0.3515525406099822
0.722351758032472,0.8173201880356394
0.722351758032472,0.378290050778754
-1.3843670883058157,-0.988697305413676
0.722351758032472,0.6672781085432057
0.722351758032472,0.601096392076781
-1.3843670883058157,-0.8860457170366708
0.722351758032472,0.8517526670078978
0.722351758032472,-0.4328533774217768
0.722351758032472,0.48737218696634244
0.722351758032472,0.9165248378769876
-1.3843670883058157,-1.1510445951254455
0.722351758032472,0.3942365716904358
-1.3843670883058157,-1.1411087635806445
-1.3843670883058157,-0.5617377234992098
0.722351758032472,0.4469434627713752
0.722351758032472,1.0584647124800348
0.722351758032472,0.5037195591632312
0.722351758032472,0.9894386934532703
0.722351758032472,0.9125425699990467
0.722351758032472,0.5724744194366168
-1.3843670883058157,-0.7844812076967131
0.722351758032472,1.2063751047109723
0.722351758032472,0.5338353300296935
0.722351758032472,-0.18566139446588037
0.722351758032472,1.1797339964234475
0.722351758032472,1.2315805170570195
0.722351758032472,0.34697015519568486
0.722351758032472,0.7768462311928134
0.722351758032472,1.2892294903482755
0.722351758032472,0.34708348439784786
-1.3843670883058157,-0.530172746013326
0.722351758032472,0.4799193421067871
0.722351758032472,0.5336653658269005
0.722351758032472,0.8538349101785975
-1.3843670883058157,-0.9511634232225075
-1.3843670883058157,-1.0519243271159309
0.722351758032472,0.39949150908694087
0.722351758032472,0.6830258607274006
-1.3843670883058157,-1.3315870298218326
0.722351758032472,1.30698947364636
0.722351758032472,-0.16034609797292843
0.722351758032472,0.25637848643999006
-1.3843670883058157,-1.048435844102411
0.722351758032472,0.5411495140477997
-1.3843670883058157,-1.0690840927754115
-1.3843670883058157,-0.7937546365966591
-1.3843670883058157,-0.9751348792543447
0.722351758032472,0.7726875842598412
0.722351758032472,0.552902064613188
0.722351758032472,-0.4153189802019668
0.722351758032472,0.4307911522048219
0.722351758032472,0.5177752868415161
-1.3843670883058157,-1.657459134614124
0.722351758032472,0.8915140017799709
0.722351758032472,0.5509293256554472
0.722351758032472,-0.650377295727865
-1.3843670883058157,-1.358580403729368
0.722351758032472,0.5673706760108715
-1.3843670883058157,-1.167041398439037
0.722351758032472,0.497837349524875
0.722351758032472,1.179826796283531
0.722351758032472,0.3747373048524255
0.722351758032472,0.5266337655122134
0.722351758032472,1.1834192175156644
-1.3843670883058157,-1.0302487014326212
-1.3843670883058157,-1.2572893980269728
0.722351758032472,0.7032291174424353
0.722351758032472,0.462331928638284
0.722351758032472,0.4315007200190474
0.722351758032472,0.6264977352302109
0.722351758032472,1.2578603739443608
-1.3843670883058157,-1.3228937079100382
0.722351758032472,0.608384160232614
0.722351758032472,0.7883276503036948
-1.3843670883058157,-1.3220348623880218
-1.3843670883058157,-0.9294739598691116
-1.3843670883058157,-1.162894632290839
-1.3843670883058157,-0.8184516330922547
0.722351758032472,1.0267773213315596
0.722351758032472,1.1541355766807362
-1.3843670883058157,-1.1447680594020981
-1.3843670883058157,-0.8738296575143539
0.722351758032472,1.2505723426337094
-1.3843670883058157,-0.716107846896519
0.722351758032472,0.5748780061875246
0.722351758032472,1.004620942846202
0.722351758032472,0.6493605416811484
0.722351758032472,-0.4293773386208871
-1.3843670883058157,-1.2013858221301998
0.722351758032472,0.9078618133249664
0.722351758032472,0.6673625857837898
0.722351758032472,0.9685506725659866
-1.3843670883058157,-1.2025233608071921
0.722351758032472,0.41728410656298565
-1.3843670883058157,-0.8851254246428055
0.722351758032472,0.6232436963583609
-1.3843670883058157,-1.0629561894802086
0.722351758032472,1.2979347650244724
-1.3843670883058157,-1.2494976068794106
0.722351758032472,0.3384134124714534
0.722351758032472,0.7384351386666849
0.722351758032472,0.45020554619938924
0.722351758032472,0.3364346191845302
-1.3843670883058157,-1.3802922910515005
0.722351758032472,0.5154916539882907
0.722351758032472,1.1809718947405106
-1.3843670883058157,-1.3992416374591197
0.722351758032472,0.32795379934971514
0.722351758032472,1.4989535817948938
0.722351758032472,0.3029989581973538
-1.3843670883058157,-1.226066917147831
0.722351758032472,1.4617855097431587
-1.3843670883058157,-1.5622455360271372
0.722351758032472,1.2572030269269798
0.722351758032472,1.060209380036229
0.722351758032472,0.5433369087951961
-1.3843670883058157,-1.0061291657129443
-1.3843670883058157,-1.3869852997799144
-1.3843670883058157,-1.203488962542536
0.722351758032472,0.3101338082219196
-1.3843670883058157,-1.317218181883874
0.722351758032472,0.5957090215513919
0.722351758032472,-0.5170386716535557
-1.3843670883058157,-1.0577702887692748
0.722351758032472,0.7456065836282529
0.722351758032472,0.5792655920192212
0.722351758032472,-0.23008292907686972
-1.3843670883058157,-1.3536154476325322
0.722351758032472,0.5718415316885533
-1.3843670883058157,-1.2872574990635965
0.722351758032472,-0.12388816113404028
0.722351758032472,0.4428533912051986
0.722351758032472,0.40021841313326045
0.722351758032472,0.28625419312503786
0.722351758032472,0.6168564262787045
-1.3843670883058157,-1.199938711711548
0.722351758032472,0.7244409762659944
0.722351758032472,0.2243860046086097
0.722351758032472,1.2471419914409871
0.722351758032472,-0.368876188165525
0.722351758032472,0.3604737609603297
0.722351758032472,0.7005396425474079
0.722351758032472,1.185112026880391
0.722351758032472,1.0166454315389086
0.722351758032472,0.4949301472102915
0.722351758032472,1.3447904309451757
-1.3843670883058157,-0.9051846931252683
0.722351758032472,1.264168877033132
0.722351758032472,0.639731482229373
0.722351758032472,0.30564315688704335
-1.3843670883058157,-0.6284743289700936
-1.3843670883058157,-1.2112670597797335
0.722351758032472,0.2942579231965865
0.722351758032472,0.5545928403642498
-1.3843670883058157,-0.981531132661015
-1.3843670883058157,-0.5299289392059588
0.722351758032472,-0.035391720648172864
0.722351758032472,0.6490408730281033
0.722351758032472,1.02876295852053
0.722351758032472,-0.3515677058822124
0.722351758032472,0.5146160905786431
-1.3843670883058157,-1.2114795363182411
0.722351758032472,1.0453183039891192
-1.3843670883058157,-0.8284640854847904
0.722351758032472,1.0287371002503654
-1.3843670883058157,-1.442799520325234
0.722351758032472,0.710286942634449
-1.3843670883058157,0.006924591394535717
0.722351758032472,0.6538177930865431
-1.3843670883058157,-0.7518555841301746
-1.3843670883058157,-1.1835410172507541
-1.3843670883058157,-0.7450675637982648
0.722351758032472,0.4753708074329386
-1.3843670883058157,-1.3912543805834647
0.722351758032472,0.9213800386262169
-1.3843670883058157,-0.8648519306756134
0.722351758032472,0.567679270624568
-1.3843670883058157,-1.2848716913871268
-1.3843670883058157,-1.0746827118095976
0.722351758032472,0.7638762644259302
0.722351758032472,0.41847708194677335
0.722351758032472,0.32613936120168496
0.722351758032472,-0.2904052030475
0.722351758032472,0.622656192618568
0.722351758032472,-0.2208121140898685
0.722351758032472,0.6406056965484036
-1.3843670883058157,-1.1126257695345108
0.722351758032472,0.34347432574900383
0.722351758032472,1.5470519014401378
-1.3843670883058157,-1.4003632620582356
0.722351758032472,0.5582930893840446
-1.3843670883058157,-1.1724870821715947
0.722351758032472,1.0337564077427608
-1.3843670883058157,-1.3072994322010691
0.722351758032472,0.3753916414885272
0.722351758032472,0.46185739484361044
0.722351758032472,0.24684483606542051
0.722351758032472,1.3159304287749864
0.722351758032472,0.5800729809665731
0.722351758032472,0.527533849021414
-1.3843670883058157,-1.371088392449705
0.722351758032472,0.26597893539386563
0.722351758032472,1.0797428218383147
-1.3843670883058157,-1.255635289848859
0.722351758032472,0.7158811175233405
-1.3843670883058157,-1.1097808338994253
-1.3843670883058157,-0.9929123038974581
0.722351758032472,0.697253617127985
0.722351758032472,0.6834222969460731
0.722351758032472,1.3194145505790442
-1.3843670883058157,-0.6938224438255907
0.722351758032472,1.3536053067031157
0.722351758032472,-0.3844420037131121
-1.3843670883058157,-1.2597563385582529
0.722351758032472,0.23574562268198973
0.722351758032472,1.3707060339255497
0.722351758032472,-0.5397514020561364
0.722351758032472,-0.41379638321963297
0.722351758032472,1.0370165305007384
0.722351758032472,1.2861117385346268
0.722351758032472,0.6334746682553344
0.722351758032472,1.0250660342180389
-1.3843670883058157,-1.1364394408059026
0.722351758032472,1.364522905750238
0.722351758032472,0.11242314861811886
-1.3843670883058157,-1.1258576625002377
0.722351758032472,0.702795914819662
-1.3843670883058157,-1.2410887034020524
-1.3843670883058157,-1.2457440984283903
-1.3843670883058157,-1.1441155842311832
-1.3843670883058157,-0.8083285251815759
-1.3843670883058157,-1.5042247068434222
0.722351758032472,0.8238803338144621
0.722351758032472,0.826177064783311
0.722351758032472,0.3369927525469979
0.722351758032472,0.8941182253588092
0.722351758032472,0.8950145828147086
-1.3843670883058157,-0.9692123860349027
0.722351758032472,0.4101782822981108
0.722351758032472,0.2870308860947187
0.722351758032472,-0.22659776758856176
0.722351758032472,0.4780238095216196
0.722351758032472,0.6697668897815529
-1.3843670883058157,-0.8054058853739003
-1.3843670883058157,-1.2520804145965796
0.722351758032472,-0.3917099978400709
0.722351758032472,0.7519633237073976
0.722351758032472,0.6251302010422627
0.722351758032472,0.3970372379401047
0.722351758032472,0.3052075353858177
0.722351758032472,0.7018047610099262
-1.3843670883058157,-1.2989462467586352
0.722351758032472,0.6928434904182547
-1.3843670883058157,-0.727077195990269
-1.3843670883058157,-1.4106517426737142
-1.3843670883058157,-0.9956177936051048
0.722351758032472,0.24376222695402938
0.722351758032472,0.7837478293286765
0.722351758032472,1.1751465200319071
0.722351758032472,0.5819649339130853
0.722351758032472,-0.542200108008333
0.722351758032472,-0.040520394183528985
0.722351758032472,0.29271635419424613
-1.3843670883058157,-0.7384799705128385
-1.3843670883058157,-1.2306292528613403
0.722351758032472,-0.40729949845454055
-1.3843670883058157,-0.8732167633168093
0.722351758032472,0.4287419402151198
-1.3843670883058157,-0.6884652205155684
-1.3843670883058157,-1.0339516792697587
-1.3843670883058157,-1.4158875581122161
-1.3843670883058157,-1.2013404404606336
-1.3843670883058157,-1.384666468446909
0.722351758032472,0.018707885919324596
0.722351758032472,0.25108192876362156
0.722351758032472,0.6986197312682464
-1.3843670883058157,-1.1407832240317166
0.722351758032472,0.4012144945197047
-1.3843670883058157,-0.5544796371578362
-1.3843670883058157,-1.1563838653470917
0.722351758032472,0.8052885459071831
-1.3843670883058157,-0.6991630178854088
0.722351758032472,1.2982897001055127
0.722351758032472,1.184361589045928
0.722351758032472,0.46265479260239006
-1.3843670883058157,-0.7701715920142047
0.722351758032472,0.7468705916896811
0.722351758032472,0.4642419347014156
-1.3843670883058157,-0.48996774214467603
-1.3843670883058157,-1.2517671388593552
-1.3843670883058157,-1.4170947445963031
0.722351758032472,-0.5974338255257492
0.722351758032472,0.9122417708634684
-1.3843670883058157,-1.1355584611828382
0.722351758032472,0.511910260206618
0.722351758032472,0.678851995665139
0.722351758032472,0.4941773251599685
0.722351758032472,0.5368784624476738
0.722351758032472,-0.3985555640172917
0.722351758032472,0.464228931287628
0.722351758032472,1.0370078363322865
0.722351758032472,1.2492983541323404
-1.3843670883058157,-1.4743935673863864
-1.3843670883058157,-1.2412513925433517
0.722351758032472,1.3199815902044127
-1.3843670883058157,-1.1727701989927666
0.722351758032472,0.343552716911655
-1.3843670883058157,-1.2121390180070348
-1.3843670883058157,-1.2860739014766098
-1.3843670883058157,-0.7977015493086379
0.722351758032472,-0.08609628977734851
-1.3843670883058157,-1.3473218345614804
-1.3843670883058157,-1.2332448383895147
0.722351758032472,0.5230437636987001
0.722351758032472,0.6311307510814109
0.722351758032472,0.6317696260402658
0.722351758032472,0.6143221272391591
0.722351758032472,0.700473214829583
0.722351758032472,0.5538742836627949
0.722351758032472,1.1161319391891253
-1.3843670883058157,-1.0572606258238109
0.722351758032472,0.33308753766489607
0.722351758032472,0.5806220661396381
0.722351758032472,0.4790801742286337
0.722351758032472,1.2672817856044696
-1.3843670883058157,-0.6999143627617724
0.722351758032472,-0.09949263366874855
0.722351758032472,0.6373056434394583
0.722351758032472,0.5802390887618313
0.722351758032472,-0.024593972372468742
0.722351758032472,0.28673479904377364
-1.3843670883058157,-1.3528841880040716
-1.3843670883058157,-1.0918162859311742
0.722351758032472,0.5112103320884768
0.722351758032472,0.6617089106069042
0.722351758032472,0.819005854585687
0.722351758032472,0.18954199741114186
0.722351758032472,0.9464961645593849
0.722351758032472,0.2602051355316982
-1.3843670883058157,-0.8706402546629777
-1.3843670883058157,-1.586411756615091
0.722351758032472,0.5186773855158474
-1.3843670883058157,-1.366775050799521
-1.3843670883058157,-1.2397211826043035
-1.3843670883058157,-1.3994605228209562
0.722351758032472,0.4190016258983127
0.722351758032472,0.6690771484553638
0.722351758032472,1.4475723661823183
0.722351758032472,0.3985650582916118
-1.3843670883058157,-0.7967136689183647
0.722351758032472,0.488999449562476
0.722351758032472,1.3951976797708996
0.722351758032472,0.28774372668393255
-1.3843670883058157,-0.8997497602098563
0.722351758032472,0.8415255657878019
-1.3843670883058157,-1.234199604813777
0.722351758032472,1.2417174692541857
0.722351758032472,0.9071675237385611
0.722351758032472,0.2748716370618609
0.722351758032472,0.6952893909359456
0.722351758032472,0.5861612792653575
0.722351758032472,0.5453153943222208
-1.3843670883058157,-0.5918831566787308
-1.3843670883058157,-0.8461471302070229
0.722351758032472,1.2849221381503013
0.722351758032472,0.452754382749748
0.722351758032472,0.35262033059558096
0.722351758032472,0.5928987529770814
-1.3843670883058157,-0.6059054514917531
0.722351758032472,0.7453425009333309
-1.3843670883058157,-1.2630921142698326
0.722351758032472,0.3088111765826286
0.722351758032472,-0.511237710739512
0.722351758032472,0.44002614911361393
0.722351758032472,1.2004138880869055
0.722351758032472,-0.37782051594640725
0.722351758032472,0.4957333253567574
0.722351758032472,0.4946410857491327
-1.3843670883058157,-1.2270634182225721
0.722351758032472,1.2133850411510978
0.722351758032472,1.3432517261622383
0.722351758032472,0.4386380193821129
0.722351758032472,0.3281291983211907
0.722351758032472,1.0039609247075658
0.722351758032472,0.4929183017993285
0.722351758032472,1.279196258311745
0.722351758032472,0.5237896486282957
0.722351758032472,1.1667982480314474
0.722351758032472,0.7975978309505026
-1.3843670883058157,-1.3750169402982373
0.722351758032472,0.39601648448298477
0.722351758032472,0.4915982627234866
0.722351758032472,0.4816141336282066
-1.3843670883058157,-1.150306608437177
-1.3843670883058157,-1.349494215224269
-1.3843670883058157,-1.2095971838448505
-1.3843670883058157,-1.3398766024893802
0.722351758032472,1.1388083429457074
0.722351758032472,0.2275551853680634
-1.3843670883058157,-1.0967996659467678
0.722351758032472,0.5761758504701836
0.722351758032472,1.1800048036285622
-1.3843670883058157,-1.1311404876109887
-1.3843670883058157,-1.312392831227096
0.722351758032472,0.854222525568099
-1.3843670883058157,-1.5427356496604823
0.722351758032472,-0.4473178382731624
-1.3843670883058157,-1.1416840809896773
0.722351758032472,-0.3737035178743485
0.722351758032472,-0.5800199763650548
0.722351758032472,0.025696755477825017
0.722351758032472,0.5700393879337012
0.722351758032472,0.415998596974246
-1.3843670883058157,-1.2978697057959965
0.722351758032472,0.6858380534422878
0.722351758032472,0.7011290230813044
-1.3843670883058157,-0.7998337176271855
0.722351758032472,1.2333293657001727
-1.3843670883058157,-0.7754379362764623
0.722351758032472,0.48960764784824795
-1.3843670883058157,-1.0668263408375216
0.722351758032472,0.6660936912161018
0.722351758032472,1.3648196703646431
0.722351758032472,1.2456353044532387
0.722351758032472,0.0021965516832789245
0.722351758032472,1.4046247217561372
0.722351758032472,1.1358265668649077
0.722351758032472,0.4134136677458501
-1.3843670883058157,-1.2945808616412942
0.722351758032472,0.5543803855727566
0.722351758032472,0.5273797142309186
0.722351758032472,0.5217728883499574
0.722351758032472,-0.10105968753844036
-1.3843670883058157,-1.479890767333677
-1.3843670883058157,-0.9717056957629908
0.722351758032472,0.49717825125398896
-1.3843670883058157,-0.9273496723093729
0.722351758032472,0.8264696391505667
-1.3843670883058157,-1.4329114761039166
0.722351758032472,1.0012915485943394
0.722351758032472,1.3654609344798017
0.722351758032472,0.373105424150984
-1.3843670883058157,-0.9637958317759985
0.722351758032472,0.6866833397737652
0.722351758032472,0.4205983902941639
-1.3843670883058157,-1.1878309812344137
0.722351758032472,0.4194646030257678
-1.3843670883058157,-1.6276405640611942
-1.3843670883058157,-0.5437239694973657
-1.3843670883058157,-1.07196278732048
0.722351758032472,0.376334163422851
-1.3843670883058157,-1.2429035553127545
0.722351758032472,0.5722549885405178
0.722351758032472,-0.5945614063671468
0.722351758032472,0.5299474831352394
0.722351758032472,0.3187286893892535
0.722351758032472,0.17841078901209395
0.722351758032472,0.44443680276101827
-1.3843670883058157,-1.3580094911627087
-1.3843670883058157,-1.21725872827897
-1.3843670883058157,-1.496616752412243
0.722351758032472,0.9865126253785438
0.722351758032472,0.9223119039993922
0.722351758032472,0.35596162711229573
-1.3843670883058157,-1.2975491470657803
0.722351758032472,0.5698787592052451
-1.3843670883058157,-1.3104186520291672
-1.3843670883058157,-1.032876560246856
0.722351758032472,0.5766498597879398
-1.3843670883058157,-0.7112415840983908
-1.3843670883058157,-1.070597522818861
-1.3843670883058157,-1.5166121379043076
0.722351758032472,0.7215555697413792
-1.3843670883058157,-0.978690597757997
0.722351758032472,1.148417745177833
0.722351758032472,0.3934807418031876
0.722351758032472,0.6219086818943823
0.722351758032472,1.1799954762372944
-1.3843670883058157,-1.3197074503277564
0.722351758032472,0.6994071609753455
0.722351758032472,0.9922526209703925
-1.3843670883058157,-1.2061969239152863
0.722351758032472,0.2631546049005822
-1.3843670883058157,-0.9526181033197567
-1.3843670883058157,-1.520504586861998
0.722351758032472,1.402803287217533
0.722351758032472,0.38760565149925974
0.722351758032472,0.5985696239154811
0.722351758032472,1.5639621816901954
0.722351758032472,0.4079467008380465
-1.3843670883058157,-0.759552931133431
-1.3843670883058157,-1.0423828377435649
0.722351758032472,0.6752160773013715
0.722351758032472,1.118205883958073
0.722351758032472,0.9230801120061626
-1.3843670883058157,-1.104659578471749
0.722351758032472,0.9574520876289093
-1.3843670883058157,-1.1287615869456298
0.722351758032472,0.18275809630729267
-1.3843670883058157,-1.3886625418375165
-1.3843670883058157,-0.8072435237272595
0.722351758032472,0.5794381894323787
-1.3843670883058157,-1.0094212094664612
0.722351758032472,0.4490986921606235
0.722351758032472,0.5210329082025839
0.722351758032472,0.4952899498790443
0.722351758032472,0.8792470720723459
0.722351758032472,0.4370973098075195
-1.3843670883058157,-1.230909967181483
0.722351758032472,1.0810216264411379
0.722351758032472,0.42588765351080426
0.722351758032472,0.9521137758460724
-1.3843670883058157,-1.0513007249462527
-1.3843670883058157,-0.9229193777897253
0.722351758032472,0.8720393109148828
0.722351758032472,1.0635636710638372
0.722351758032472,0.5501853155315596
-1.3843670883058157,-0.8413286787051768
0.722351758032472,1.091964379587088
0.722351758032472,0.6848266826826456
0.722351758032472,0.3560280104644562
0.722351758032472,1.1249790061417815
-1.3843670883058157,-1.3751085491764632
0.722351758032472,1.3190810132443795
-1.3843670883058157,-1.046306698435279
-1.3843670883058157,-1.550242044904178
0.722351758032472,1.1311629255844644
-1.3843670883058157,-1.176680204342744
0.722351758032472,0.7784019281744358
-1.3843670883058157,-1.287568283799574
0.722351758032472,0.47641560652273585
0.722351758032472,-0.5917270961387163
0.722351758032472,0.2815539903934604
0.722351758032472,0.7236358828477364
-1.3843670883058157,-1.053439610361945
-1.3843670883058157,-0.6999128506994434
0.722351758032472,0.7290138334650941
0.722351758032472,0.4587281859535113
-1.3843670883058157,-1.49000036487305
0.722351758032472,0.5822706058908168
0.722351758032472,1.474336655702956
-1.3843670883058157,-1.3466074617339088
0.722351758032472,0.3756454842263356
-1.3843670883058157,-0.6555782079887096
0.722351758032472,0.727869028292183
-1.3843670883058157,-0.5433815471154096
0.722351758032472,0.41220092607212155
0.722351758032472,0.5525746609694823
0.722351758032472,0.5237360884773653
0.722351758032472,0.4868178579325849
0.722351758032472,0.6183044127950518
-1.3843670883058157,-1.0060254686155212
-1.3843670883058157,-1.088663501707118
-1.3843670883058157,-1.1168057629357364
0.722351758032472,0.8854499549956846
0.722351758032472,0.48028456978460643
0.722351758032472,0.6538214113745356
0.722351758032472,0.9670616043447083
0.722351758032472,0.6000993590080145
-1.3843670883058157,-1.4736372640097852
0.722351758032472,0.46763024200743697
0.722351758032472,0.5362176930606862
0.722351758032472,1.0095302273231233
0.722351758032472,0.2778759366934809
0.722351758032472,0.7747584055319873
0.722351758032472,0.5238201508334136
0.722351758032472,0.35280098329019827
0.722351758032472,0.5496738238849582
0.722351758032472,0.24757370561021974
0.722351758032472,0.29587129864816386
0.722351758032472,0.5616022882010444
0.722351758032472,0.47417946598353966
0.722351758032472,1.1559813177921168
0.722351758032472,0.43081539795923685
0.722351758032472,0.3944789534671864
-1.3843670883058157,-0.7631513033749412
0.722351758032472,0.4545483853104695
0.722351758032472,0.6285321705507999
0.722351758032472,1.3914103268405333
-1.3843670883058157,-1.263647298007382
-1.3843670883058157,-1.2584381662985795
0.722351758032472,0.5664636136808686
-1.3843670883058157,-1.3098052400532256
0.722351758032472,0.5832921073845992
-1.3843670883058157,-1.1415421619572257
0.722351758032472,0.07118265544555791
0.722351758032472,1.0113548528633087
-1.3843670883058157,-1.1979342246083653
0.722351758032472,0.5608821431359979
0.722351758032472,1.066500433996108
-1.3843670883058157,-1.2847234073923348
0.722351758032472,0.3107770177557492
-1.3843670883058157,-1.0628017814591542
0.722351758032472,0.13862984227810982
-1.3843670883058157,-1.5513291941448748
0.722351758032472,0.7616554211941463
-1.3843670883058157,-0.9705750888014415
-1.3843670883058157,-1.4204530843932401
0.722351758032472,0.4068421016510927
0.722351758032472,1.2622084179586426
0.722351758032472,0.9633779960515046
0.722351758032472,0.5910189181622897
-1.3843670883058157,-0.6551617439498816
-1.3843670883058157,-1.0070461365401866
0.722351758032472,0.5914146264023407
0.722351758032472,1.076798966585777
0.722351758032472,0.6074245091382563
0.722351758032472,-0.2242857235126655
0.722351758032472,0.5469826706214519
0.722351758032472,0.6013289165355532
-1.3843670883058157,-1.230588201993799
0.722351758032472,0.7712554281280347
0.722351758032472,0.7036166934937679
0.722351758032472,-0.3147228889674234
0.722351758032472,0.39801353419413354
0.722351758032472,0.6934628437718707
0.722351758032472,0.46071498240618025
-1.3843670883058157,-0.5866665354863255
-1.3843670883058157,-1.1777897642557704
0.722351758032472,0.6302738345098547
0.722351758032472,0.45043859807102815
-1.3843670883058157,-1.5312739850080272
0.722351758032472,0.5791096657414966
0.722351758032472,-0.42659266669230456
0.722351758032472,0.3893240871680447
0.722351758032472,1.341928156092715
0.722351758032472,0.6612249723307629
0.722351758032472,0.5119262198039566
0.722351758032472,0.7497510454189215
-1.3843670883058157,-1.2730378752888467
-1.3843670883058157,-1.1776041028075905
-1.3843670883058157,-1.0765087992839755
-1.3843670883058157,-1.3336974832341477
0.722351758032472,1.2727209754638094
0.722351758032472,0.587651890942536
0.722351758032472,0.2663807128590293
-1.3843670883058157,-1.193519269606322
0.722351758032472,0.09476737070692809
0.722351758032472,0.37455501773750177
0.722351758032472,0.5760968006405117
0.722351758032472,0.37504520150024434
0.722351758032472,0.4120895629668112
-1.3843670883058157,-1.1459314147297546
0.722351758032472,1.3864240962937147
0.722351758032472,-0.5970712918215737
0.722351758032472,0.5908431766171621
-1.3843670883058157,-1.4047942107828306
-1.3843670883058157,-1.3873556938986933
0.722351758032472,0.6844812694625292
-1.3843670883058157,-1.246352459197609
-1.3843670883058157,-0.5481955101242252
0.722351758032472,0.5093487283747419
-1.3843670883058157,-1.2678925246054247
-1.3843670883058157,-0.9475962319767706
0.722351758032472,0.8602285939684348
0.722351758032472,0.6636069504327097
0.722351758032472,0.4031660605763506
0.722351758032472,0.41952099879928084
0.722351758032472,0.482273618414515
0.722351758032472,1.080169069254163
0.722351758032472,0.3711735794523012
0.722351758032472,1.0158119221578872
-1.3843670883058157,-0.7364907010935811
0.722351758032472,-0.17643172782808436
0.722351758032472,0.1478575057158369
0.722351758032472,1.1750317056484425
0.722351758032472,0.479572777617171
0.722351758032472,1.0597785656229615
-1.3843670883058157,-1.5716457311935694
0.722351758032472,0.5229449311677193
0.722351758032472,1.4778668606206922
0.722351758032472,0.6200607141946822
-1.3843670883058157,-0.9343541312982385
0.722351758032472,0.5838593208642459
-1.3843670883058157,-1.2917344748686999
0.722351758032472,0.6379595755745641
0.722351758032472,1.0919300378831984
0.722351758032472,0.545443021078699
0.722351758032472,0.34741356129168843
0.722351758032472,0.6210792206729207
0.722351758032472,0.5383527522616333
-1.3843670883058157,-1.2126615679963204
0.722351758032472,0.4669504108894039
0.722351758032472,0.45660507078819046
-1.3843670883058157,-1.2943592799490895
0.722351758032472,0.5208029421558197
0.722351758032472,0.2231689769770896
0.722351758032472,0.6272888751908058
0.722351758032472,0.5403844927616482
0.722351758032472,0.6673203999491931
0.722351758032472,0.06833139526562704
0.722351758032472,0.2737449671894012
0.722351758032472,1.1980651860919371
-1.3843670883058157,-1.2814785371616821
0.722351758032472,-0.07897766063306155
0.722351758032472,0.4629092236046144
0.722351758032472,0.4801858285611116
-1.3843670883058157,-0.9722717323983248
0.722351758032472,1.3163505918708118
0.722351758032472,-0.06146800246943995
0.722351758032472,1.2379735249554544
0.722351758032472,-0.4720017397762974
0.722351758032472,1.1909320115821815
-1.3843670883058157,-1.1570106222020557
0.722351758032472,0.18818421104276706
-1.3843670883058157,-0.5768757679388081
-1.3843670883058157,-0.898097824213139
0.722351758032472,0.5181256211467139
0.722351758032472,1.0954702166771941
0.722351758032472,0.4224584373182869
0.722351758032472,1.2426643798143253
0.722351758032472,0.3535908043767332
0.722351758032472,0.7288042443503061
0.722351758032472,0.9829790573407192
0.722351758032472,0.580960436579519
0.722351758032472,0.6939357594722723
-1.3843670883058157,-2.09788304638803
0.722351758032472,1.0105779161714996
-1.3843670883058157,-1.2895689825067045
0.722351758032472,0.9273834356517706
0.722351758032472,0.8511257046604969
0.722351758032472,1.0667004857768698
-1.3843670883058157,-0.9793150273834692
0.722351758032472,0.45408377326522487
-1.3843670883058157,-0.6521198811667901
-1.3843670883058157,-0.7397676933840388
0.722351758032472,0.49215316036685974
0.722351758032472,0.46809034755686485
0.722351758032472,0.5599602431588223
0.722351758032472,0.38207123457379966
-1.3843670883058157,-1.0732162914658505
0.722351758032472,0.5736488807780672
-1.3843670883058157,-1.1143224396344915
0.722351758032472,1.0709602384900494
0.722351758032472,-0.3518806225625509
-1.3843670883058157,-1.0466830439627557
0.722351758032472,1.1759552704655354
-1.3843670883058157,-1.0819765161562325
0.722351758032472,0.5946970623655036
0.722351758032472,0.5617876433905974
-1.3843670883058157,-0.9221747298174552
0.722351758032472,0.8680491652164283
-1.3843670883058157,-1.0984883309078057
0.722351758032472,1.2993917695036883
0.722351758032472,0.4796652749748537
0.722351758032472,0.1388549531401546
0.722351758032472,1.529285450079283
0.722351758032472,0.6793132635903171
0.722351758032472,1.0309103736142857
0.722351758032472,0.3307446041312595
0.722351758032472,0.6624606274893138
-1.3843670883058157,-0.6037326181151865
-1.3843670883058157,-0.8829984710946519
-1.3843670883058157,-1.084589827659138
0.722351758032472,0.5300825992294559
-1.3843670883058157,-1.4546253734078056
0.722351758032472,0.18750820684068115
-1.3843670883058157,-1.3134260995587985
0.722351758032472,0.4368660260925036
0.722351758032472,0.6251642649782193
0.722351758032472,0.4604335154779222
-1.3843670883058157,-1.0394036972153469
0.722351758032472,0.28078387345707534
0.722351758032472,0.3359059865893994
0.722351758032472,0.7650297931225084
0.722351758032472,0.26948520307541846
0.722351758032472,0.33179751599444685
0.722351758032472,0.48602728346605606
0.722351758032472,0.41908315309704425
-1.3843670883058157,-1.1724480525039058
-1.3843670883058157,-0.9212943652435925
0.722351758032472,0.6624843372384689
-1.3843670883058157,-1.5276482175458934
0.722351758032472,1.223494055609116
0.722351758032472,0.7938847800432692
-1.3843670883058157,-1.3854906446863298
0.722351758032472,0.7495748759651438
0.722351758032472,1.267069819258114
0.722351758032472,0.3809434486242117
-1.3843670883058157,-1.2435184383038702
0.722351758032472,0.4562826247478444
0.722351758032472,0.7644043797907866
0.722351758032472,0.6150397695976252
-1.3843670883058157,-0.7318595118466042
0.722351758032472,0.5116461209339965
0.722351758032472,0.5863076599024092
-1.3843670883058157,-1.0768981871943717
-1.3843670883058157,-0.9490054695917293
0.722351758032472,1.2196454537719532
-1.3843670883058157,-1.0022212730959568
0.722351758032472,1.3486167264077196
0.722351758032472,0.5028482956843116
0.722351758032472,0.6209528176422948
0.722351758032472,0.9186315167595621
-1.3843670883058157,-0.9533071910355002
-1.3843670883058157,-0.8748412997757641
-1.3843670883058157,-1.2590830290453807
0.722351758032472,0.3500452765263441
0.722351758032472,1.005776607331219
-1.3843670883058157,-1.4198720804317106
-1.3843670883058157,-1.1795852932112074
-1.3843670883058157,-1.1772478901521957
0.722351758032472,0.4226608749321392
-1.3843670883058157,-0.6384729021574165
-1.3843670883058157,-0.9973994858842132
-1.3843670883058157,-1.1481249189460092
0.722351758032472,0.7817243110303952
0.722351758032472,1.0949492937952758
0.722351758032472,0.39116334439764655
0.722351758032472,0.3050036208589718
-1.3843670883058157,-1.0021645431168955
-1.3843670883058157,-1.346117209946679
0.722351758032472,0.5621113297293675
0.722351758032472,-0.05719271463887271
0.722351758032472,0.46751512060974865
-1.3843670883058157,-1.1081443542046991
-1.3843670883058157,-1.3547219703429467
0.722351758032472,1.0453330479529281
0.722351758032472,1.3635322058026977
0.722351758032472,-0.5232473970660049
-1.3843670883058157,-1.2636376886700573
-1.3843670883058157,-1.3953881496042926
0.722351758032472,0.6449632322162401
-1.3843670883058157,-0.9218086269420834
-1.3843670883058157,-1.1028758683656255
0.722351758032472,0.6805580143724513
-1.3843670883058157,-0.9414843804768958
-1.3843670883058157,-0.9504024153047765
0.722351758032472,1.2405773224514007
0.722351758032472,0.5266030311556599
0.722351758032472,0.46588021008619673
0.722351758032472,1.1245666188614072
0.722351758032472,1.1769502784056414
-1.3843670883058157,-1.1382866724164429
-1.3843670883058157,-1.21129254685247
-1.3843670883058157,-0.7950146661944479
0.722351758032472,1.0107203387989636
0.722351758032472,0.6253086082115734
-1.3843670883058157,-1.1295241828560574
-1.3843670883058157,-1.2419802993854212
0.722351758032472,-0.20231367018746493
-1.3843670883058157,-1.344455861673227
0.722351758032472,0.808087232094523
0.722351758032472,1.2916339307749554
0.722351758032472,1.2831149370304975
-1.3843670883058157,-1.3960890575129934
0.722351758032472,0.6420112860555968
-1.3843670883058157,-0.7857504143853836
-1.3843670883058157,-1.6030886478601967
0.722351758032472,0.3514071439298051
-1.3843670883058157,-0.4891097185015386
0.722351758032472,-0.2860537264880445
0.722351758032472,0.2575292318419219
-1.3843670883058157,-1.3823934223541612
0.722351758032472,-0.45330541132045715
0.722351758032472,0.8074802110114129
0.722351758032472,0.3554879058810292
0.722351758032472,0.20347865403713639
0.722351758032472,0.20831863907435744
0.722351758032472,-0.14470778425669145
-1.3843670883058157,-1.3021481296965765
0.722351758032472,0.9272052828620959
-1.3843670883058157,-1.1114426484057738
0.722351758032472,0.6279082894736016
0.722351758032472,0.6052656044370374
0.722351758032472,0.45108447465418255
0.722351758032472,1.0427971290470661
0.722351758032472,0.4777990563020216
-1.3843670883058157,-1.3571858083978046
0.722351758032472,0.6117392182733089
-1.3843670883058157,-1.466047015155605
0.722351758032472,0.5685235658306443
-1.3843670883058157,-0.5413122504848683
-1.3843670883058157,-0.7004658279427454
-1.3843670883058157,-1.1865956189902414
0.722351758032472,1.3965099874020868
0.722351758032472,0.7559301641880555
0.722351758032472,-0.4356555990395272
0.722351758032472,-0.06183441969037151
0.722351758032472,0.4532117222292267
0.722351758032472,0.377662092494786
0.722351758032472,0.37796900774577136
-1.3843670883058157,-1.198225084223523
0.722351758032472,0.5829670089455109
-1.3843670883058157,-1.3215840924428095
0.722351758032472,0.6376872248958875
0.722351758032472,0.2389234752373791
-1.3843670883058157,-1.104336044056173
0.722351758032472,-0.5461973056061626
0.722351758032472,0.9340340237788335
0.722351758032472,0.674243260744262
0.722351758032472,0.3215176300398873
-1.3843670883058157,-1.141809595166467
0.722351758032472,0.4394484378526132
0.722351758032472,0.756824654409478
0.722351758032472,1.3135635802581067
0.722351758032472,-0.6458645857485632
0.722351758032472,0.4613289150110882
-1.3843670883058157,-1.3328802838992733
0.722351758032472,-0.32809969772156655
0.722351758032472,1.2012049039676986
0.722351758032472,1.0532442614079462
0.722351758032472,0.6725926833311885
-1.3843670883058157,-1.2279153675700303
-1.3843670883058157,-1.3679932487069997
-1.3843670883058157,-0.9785085298041876
0.722351758032472,0.3631618572312988
0.722351758032472,0.381123027946078
-1.3843670883058157,-1.2797610722846142
-1.3843670883058157,-0.9665556351876978
-1.3843670883058157,-0.9807054508378321
-1.3843670883058157,-0.5347412522099811
-1.3843670883058157,-1.0866429114761589
-1.3843670883058157,-1.2866896429392833
0.722351758032472,0.7446182987257618
-1.3843670883058157,-0.6925661717423355
-1.3843670883058157,-1.1343521927835418
-1.3843670883058157,-0.9495655512289005
0.722351758032472,1.0911365400111714
0.722351758032472,0.4942540283729969
0.722351758032472,-0.3361820831752881
-1.3843670883058157,-1.1724670612910062
-1.3843670883058157,-1.4185843141609036
-1.3843670883058157,-1.4239567657436822
0.722351758032472,0.6524537460230907
-1.3843670883058157,-1.0377545007631603
0.722351758032472,0.41583117879430787
0.722351758032472,0.13667346347564813
0.722351758032472,0.45929255023199234
-1.3843670883058157,-1.4295036744096064
-1.3843670883058157,-1.2448331519564892
0.722351758032472,0.7353812057443322
0.722351758032472,0.5918405655878719
0.722351758032472,-0.3752979103655657
-1.3843670883058157,-1.2381721935200898
0.722351758032472,0.4109146693009309
0.722351758032472,0.24809519287171944
0.722351758032472,0.5291791550032304
-1.3843670883058157,-1.317209335331111
0.722351758032472,0.41791702211882154
-1.3843670883058157,-1.5881614941265267
0.722351758032472,1.3303630544159804
-1.3843670883058157,-1.054355033482305
-1.3843670883058157,-0.9388377381590283
0.722351758032472,0.5728644518053804
0.722351758032472,0.478877579428857
-1.3843670883058157,-1.3355912375573262
-1.3843670883058157,-0.9865214350817653
0.722351758032472,0.5066488051122117
0.722351758032472,0.5977384501200894
-1.3843670883058157,-1.5741999493392087
-1.3843670883058157,-1.0062249853046565
-1.3843670883058157,-0.8741879551153627
-1.3843670883058157,-1.263105271508011
-1.3843670883058157,-1.4389498471207667
-1.3843670883058157,-0.8036978013960396
-1.3843670883058157,-1.461704465302535
0.722351758032472,1.257769662268045
0.722351758032472,1.3256565935832678
0.722351758032472,0.8066629945883473
0.722351758032472,0.6480202940443484
0.722351758032472,0.3424352074877661
-1.3843670883058157,-1.5886633348392531
0.722351758032472,0.5204603214201086
0.722351758032472,1.1628903571220595
0.722351758032472,0.3574188037903454
0.722351758032472,0.6009822295696098
0.722351758032472,0.5503342442582776
-1.3843670883058157,-1.1185934374553694
-1.3843670883058157,-0.7026865783210487
-1.3843670883058157,-0.5581878913693779
0.722351758032472,1.1488697587551422
0.722351758032472,0.7359974253359393
-1.3843670883058157,-1.3840182760065702
0.722351758032472,0.4635914353381009
0.722351758032472,0.6364469960256735
-1.3843670883058157,-0.9757565303709503
0.722351758032472,-0.40387211005834184
-1.3843670883058157,0.12449793099290807
0.722351758032472,0.7311669234395867
0.722351758032472,1.0193329450852229
0.722351758032472,1.0011317987845954
0.722351758032472,1.2916327660452933
-1.3843670883058157,-1.21875443355486
-1.3843670883058157,-0.9129540906843377
-1.3843670883058157,-0.9468522178626284
0.722351758032472,0.6128837905692449
0.722351758032472,1.0085685442363226
0.722351758032472,0.5134602056711967
-1.3843670883058157,-1.0278499518245863
-1.3843670883058157,-1.2133741476207622
0.722351758032472,0.3980699209908436
0.722351758032472,0.7484788437646624
-1.3843670883058157,-1.2497854899799938
0.722351758032472,1.2529452531553056
-1.3843670883058157,-1.2580340199915443
0.722351758032472,0.7429281759187224
-1.3843670883058157,-1.393200257790355
0.722351758032472,0.6722009361882634
0.722351758032472,0.5305227695294291
-1.3843670883058157,-0.9235236264825466
0.722351758032472,0.3865768085113612
0.722351758032472,0.410096010960206
0.722351758032472,1.3401658246682104
0.722351758032472,0.5273456932692838
-1.3843670883058157,-1.1825951586441037
-1.3843670883058157,-1.0929159299877766
0.722351758032472,1.0227661123175977
-1.3843670883058157,-0.9819796347879512
-1.3843670883058157,-0.9293268653943239
0.722351758032472,0.46413565332205176
-1.3843670883058157,-1.1941717636286118
0.722351758032472,0.16540275171461372
0.722351758032472,1.3552411312244699
0.722351758032472,0.5078802742604219
-1.3843670883058157,-1.2444143825298086
0.722351758032472,0.7001689766271529
-1.3843670883058157,-1.2552608168170165
0.722351758032472,-0.5471211461329911
0.722351758032472,1.3747071065361336
0.722351758032472,0.37671645552085886
0.722351758032472,0.454349320692933
0.722351758032472,0.6538323834232366
0.722351758032472,0.5393423041432196
0.722351758032472,0.5111266084158802
-1.3843670883058157,-1.048899935764704
-1.3843670883058157,-1.0013680022028246
0.722351758032472,0.471922384986893
0.722351758032472,0.2746915519421268
0.722351758032472,1.3491194248359233
0.722351758032472,-0.3128348649435777
0.722351758032472,-0.020507166037566804
0.722351758032472,0.5056288455520278
0.722351758032472,1.1743683585118374
0.722351758032472,-0.5329502895502533
0.722351758032472,1.2155276301828661
-1.3843670883058157,-1.138453714027697
-1.3843670883058157,-1.013724382743283
0.722351758032472,0.725400998862837
0.722351758032472,0.6120117282280598
0.722351758032472,0.5528005263009804
0.722351758032472,-0.7171385417757744
-1.3843670883058157,-1.2444799164040035
-1.3843670883058157,-1.1678911281443707
-1.3843670883058157,-1.3852580808737416
0.722351758032472,0.46718994693863203
0.722351758032472,0.26912909034855215
0.722351758032472,0.13273791786159772
0.722351758032472,0.961775950386286
-1.3843670883058157,-1.3371291968101753
-1.3843670883058157,-0.8931940410909269
0.722351758032472,-0.517677716992628
0.722351758032472,1.2226377824902088
-1.3843670883058157,-1.4436304055861036
0.722351758032472,0.7837484924177954
0.722351758032472,0.38089586494877414
-1.3843670883058157,-1.3105740796173235
-1.3843670883058157,-0.8281203518049802
0.722351758032472,0.3578042916295654
-1.3843670883058157,-1.1253871028218394
-1.3843670883058157,-1.3873138430611007
0.722351758032472,-0.29466485826660693
0.722351758032472,1.160130130721916
0.722351758032472,0.826158679475841
-1.3843670883058157,-1.4947945364715591
-1.3843670883058157,-1.384117971512944
0.722351758032472,0.2880135740131895
0.722351758032472,0.5824034527934895
0.722351758032472,0.5271291046439116
0.722351758032472,0.5710344479874773
0.722351758032472,0.1846731814903948
0.722351758032472,0.5461121668557097
0.722351758032472,1.313964768834599
0.722351758032472,0.9215866058524528
-1.3843670883058157,-1.200507873919304
0.722351758032472,0.37376373634918114
-1.3843670883058157,-0.7870175876671045
0.722351758032472,1.4448821114509989
0.722351758032472,0.6425529943878229
0.722351758032472,0.5189494321392248
-1.3843670883058157,-0.9939898442063738
-1.3843670883058157,-0.7209023704879287
0.722351758032472,-0.5992969246474277
-1.3843670883058157,-1.5634276303796746
0.722351758032472,0.7198373601414788
0.722351758032472,0.3196023497993774
0.722351758032472,-0.5835440536786252
-1.3843670883058157,-1.0026301011685803
0.722351758032472,-0.12947336395126346
0.722351758032472,0.4900689595996556
-1.3843670883058157,-0.9177630303032066
-1.3843670883058157,-0.9047562365027025
0.722351758032472,0.6630364252916064
0.722351758032472,0.4170300053850299
0.722351758032472,0.5044798221913543
0.722351758032472,0.3443803166265702
0.722351758032472,0.4777723538648917
-1.3843670883058157,-0.9408076244132844
0.722351758032472,0.7818907407529808
0.722351758032472,0.4899106129438179
0.722351758032472,0.6354891493090579
-1.3843670883058157,-1.260695043559076
-1.3843670883058157,-1.2003276597623533
0.722351758032472,0.9822534636956112
0.722351758032472,0.525253201657229
0.722351758032472,1.1361054196529081
-1.3843670883058157,-1.3078608516754229
0.722351758032472,0.8269179467650728
0.722351758032472,0.6797513329273891
-1.3843670883058157,-1.0023229339173108
-1.3843670883058157,-1.009611336689335
0.722351758032472,0.9772298075036433
0.722351758032472,0.6283016416354174
0.722351758032472,0.7906478642865612
0.722351758032472,0.8141221659929102
-1.3843670883058157,-1.2600606919053319
0.722351758032472,1.1990576595817277
0.722351758032472,0.2882317064530494
-1.3843670883058157,-1.0867907382850124
0.722351758032472,1.2938397991449846
0.722351758032472,0.6373190664284637
0.722351758032472,-0.5068245600687721
-1.3843670883058157,-0.7982437364663519
0.722351758032472,0.43689133440408046
0.722351758032472,0.3807415111376815
0.722351758032472,0.48484007742111335
-1.3843670883058157,-0.6152720529985646
0.722351758032472,0.36021390354485927
-1.3843670883058157,-1.1025580589067745
0.722351758032472,-0.2457555112306809
0.722351758032472,1.5536323334277058
-1.3843670883058157,-1.101203452581435
-1.3843670883058157,-1.1884769333134932
0.722351758032472,-0.40859357055491563
-1.3843670883058157,-1.2263816573895239
-1.3843670883058157,-0.5813152627536949
0.722351758032472,0.5375345723554966
0.722351758032472,1.3196780688905116
0.722351758032472,0.4507137882599743
-1.3843670883058157,-1.0522307442284227
0.722351758032472,0.405008488725519
-1.3843670883058157,-1.6334303672424118
0.722351758032472,0.33317964974395387
0.722351758032472,0.4943187962498007
0.722351758032472,0.5429266520553085
-1.3843670883058157,-1.0256267187044101
0.722351758032472,0.3551877777728938
0.722351758032472,0.5300093923515875
0.722351758032472,0.8914413713860551
-1.3843670883058157,-1.2262634349305952
0.722351758032472,0.8897669843356438
0.722351758032472,0.7017322936109754
0.722351758032472,0.36587090223336904
0.722351758032472,0.7160634964432787
0.722351758032472,0.6311186761484456
0.722351758032472,0.2731883182178998
0.722351758032472,1.1888768465899369
0.722351758032472,0.7440791997686848
0.722351758032472,0.8479378476622589
0.722351758032472,0.6346856000843543
0.722351758032472,0.6403113057421771
-1.3843670883058157,-0.9771784110360938
0.722351758032472,0.8435669646649792
-1.3843670883058157,-1.5017402144729228
-1.3843670883058157,-0.8744842458455788
0.722351758032472,1.1882843133276508
-1.3843670883058157,-0.7564820065108598
0.722351758032472,0.5799009567855861
0.722351758032472,0.9895017158357217
0.722351758032472,0.5087084638942797
-1.3843670883058157,-1.4661514888024834
-1.3843670883058157,-0.989717250119867
0.722351758032472,-0.3830323027650462
-1.3843670883058157,-0.5861705335459609
0.722351758032472,0.1922939953718965
0.722351758032472,0.7237033980986959
0.722351758032472,0.7212190566341584
0.722351758032472,0.8246633936546183
0.722351758032472,-0.8950336850499394
0.722351758032472,0.6421800740184472
0.722351758032472,1.3897852576417886
0.722351758032472,0.5913698695545996
0.722351758032472,0.6147844530778704
0.722351758032472,0.6652534955154629
0.722351758032472,0.04962581236325403
-1.3843670883058157,-1.1631595334131322
0.722351758032472,1.3378805902028938
0.722351758032472,0.596210562082835
-1.3843670883058157,-0.9046944134872059
0.722351758032472,0.5530359408896629
0.722351758032472,-0.5040672402978422
0.722351758032472,0.8903289667191773
-1.3843670883058157,-0.5505364231601195
0.722351758032472,0.7815989359144945
-1.3843670883058157,-0.9136569522957176
-1.3843670883058157,-1.319346919369888
0.722351758032472,0.6198010068543803
0.722351758032472,0.5809103608064005
-1.3843670883058157,-1.2902836231068544
0.722351758032472,0.3026025934173431
0.722351758032472,0.4744861638875404
0.722351758032472,0.4607709828146709
-1.3843670883058157,-1.2169551813310648
0.722351758032472,0.5968252584047066
-1.3843670883058157,-0.6896159021422539
0.722351758032472,0.3990681994989532
-1.3843670883058157,-1.1993130207724418
0.722351758032472,0.7693222836984038
0.722351758032472,0.28940667711063806
-1.3843670883058157,-1.2274258128333828
0.722351758032472,1.248917374899733
-1.3843670883058157,-0.8873354820661069
0.722351758032472,0.4522310600716083
0.722351758032472,0.604311669309764
0.722351758032472,1.3824037619700635
0.722351758032472,0.6960745021400904
0.722351758032472,0.3101447362908988
0.722351758032472,0.5262273712627384
0.722351758032472,0.5239447140590531
-1.3843670883058157,-0.8330558748465864
0.722351758032472,0.5585347204968755
0.722351758032472,0.7901226400736244
0.722351758032472,0.383373760006795
0.722351758032472,0.4801179143950399
-1.3843670883058157,-0.7789077848580044
0.722351758032472,0.6966123527616525
-1.3843670883058157,-1.4264875792832867
-1.3843670883058157,-0.43494792965020596
0.722351758032472,0.515416775902496
-1.3843670883058157,-1.2914567522125624
-1.3843670883058157,-0.683442416469651
0.722351758032472,1.016078762960583
0.722351758032472,-0.30967528504530334
0.722351758032472,-0.5322721656363255
0.722351758032472,0.1330802150517144
0.722351758032472,-0.5359011900383678
0.722351758032472,0.4599207134847544
-1.3843670883058157,-1.2513193155046676
-1.3843670883058157,-1.1932106186935703
0.722351758032472,0.5302760864885513
0.722351758032472,0.4870927954688832
0.722351758032472,0.37279763359728946
0.722351758032472,1.282016852266127
-1.3843670883058157,-0.8768154324593107
0.722351758032472,0.3570671067612845
-1.3843670883058157,-1.0018271976937079
0.722351758032472,1.4047379956047545
0.722351758032472,0.7253865148932169
0.722351758032472,-0.4606006681457322
-1.3843670883058157,-0.6941446442910814
-1.3843670883058157,-1.1504936762778184
0.722351758032472,-0.4336733026921046
0.722351758032472,0.3662620854613492
0.722351758032472,0.6378929907374354
-1.3843670883058157,-1.0581905998306458
0.722351758032472,0.5920408596698749
0.722351758032472,0.6064534644146654
0.722351758032472,-0.6885975847014205
-1.3843670883058157,-1.1555276802007755
0.722351758032472,0.6513870814406032
0.722351758032472,0.912174170481853
-1.3843670883058157,-1.2677132483354663
-1.3843670883058157,-1.3023298493195599
-1.3843670883058157,-0.8901998815220042
-1.3843670883058157,-1.0290450610731667
0.722351758032472,1.048535439920153
0.722351758032472,0.26107551628659287
-1.3843670883058157,-0.7489263580112421
0.722351758032472,-0.045671858142681265
0.722351758032472,1.1747533708205
0.722351758032472,1.391157091487064
-1.3843670883058157,-0.7529280099619896
-1.3843670883058157,-1.4941471935272927
0.722351758032472,0.5238965856690448
-1.3843670883058157,-1.2771910137550933
0.722351758032472,0.44760170607882666
0.722351758032472,1.1642312049509558
0.722351758032472,1.1914479288402862
0.722351758032472,0.2683954211277675
-1.3843670883058157,-1.2162368346497667
-1.3843670883058157,-0.8675000390925613
0.722351758032472,0.5872780356906565
0.722351758032472,0.35294103427310475
0.722351758032472,1.3325095852266244
-1.3843670883058157,-1.3184361157476612
0.722351758032472,0.5639138050272553
0.722351758032472,0.3916427139640617
0.722351758032472,0.3403071194709326
-1.3843670883058157,-1.1057453170008729
0.722351758032472,0.9651904377605899
0.722351758032472,0.5981163750099013
0.722351758032472,0.537111611207805
-1.3843670883058157,-1.1220371531820676
0.722351758032472,0.3633616367987952
-1.3843670883058157,-1.3332622192317554
0.722351758032472,-0.28744585567349556
0.722351758032472,0.5717437413455907
0.722351758032472,1.3877440356498014
0.722351758032472,0.2852525133894761
0.722351758032472,0.9879569552824018
0.722351758032472,-0.44452259883675616
0.722351758032472,0.9617725450761238
-1.3843670883058157,-1.2904159674960822
0.722351758032472,0.6599545753149828
0.722351758032472,0.40769435901763384
0.722351758032472,0.6388320713447627
-1.3843670883058157,-1.1735773985550906
0.722351758032472,0.5737769644312024
0.722351758032472,0.42341469521547204
-1.3843670883058157,-1.128315083222373
0.722351758032472,0.46039788130087556
-1.3843670883058157,-0.9442986087583817
0.722351758032472,-0.6308042619392398
0.722351758032472,1.4223419277686205
0.722351758032472,0.5088568145378985
-1.3843670883058157,-0.700547215164498
0.722351758032472,0.48354254147596964
-1.3843670883058157,-0.597215380901681
-1.3843670883058157,-1.1312386694770042
-1.3843670883058157,-1.3016236784477897
0.722351758032472,0.8130818177458171
0.722351758032472,0.38231742988521034
-1.3843670883058157,-1.2967495436091023
0.722351758032472,-0.2342927054305774
0.722351758032472,0.05094199983582692
-1.3843670883058157,-0.7861719596980324
-1.3843670883058157,-1.2378718085853802
-1.3843670883058157,-0.6077161509858946
0.722351758032472,0.9132566761281707
-1.3843670883058157,-1.032543422618485
-1.3843670883058157,-0.80099839809155
-1.3843670883058157,-1.3587835908851125
0.722351758032472,0.4773524131437107
-1.3843670883058157,-0.9434037511649431
0.722351758032472,0.3185344049149039
-1.3843670883058157,-1.1593777054456087
0.722351758032472,1.0806355757738486
-1.3843670883058157,-1.203655023093187
-1.3843670883058157,-1.1841101424986027
0.722351758032472,0.43187920802328716
0.722351758032472,0.7775206259522028
0.722351758032472,1.095511518885405
-1.3843670883058157,-1.3415355656593275
0.722351758032472,-0.39763317238189333
-1.3843670883058157,-1.1699564840389987
0.722351758032472,1.1672129198801193
-1.3843670883058157,-0.9281110057524498
0.722351758032472,1.3081334595108634
0.722351758032472,1.2891931915030304
0.722351758032472,0.601259997547602
-1.3843670883058157,-0.762879139154391
0.722351758032472,0.242422483293379
0.722351758032472,0.7038802346410346
0.722351758032472,0.6957297463528013
0.722351758032472,0.4344461216579032
-1.3843670883058157,-1.3795626205056148
-1.3843670883058157,-1.128317345053277
-1.3843670883058157,-1.2640535451038142
0.722351758032472,0.7195534234799382
0.722351758032472,-0.42936103323979286
-1.3843670883058157,-0.9856207928189306
0.722351758032472,0.6136639934452183
0.722351758032472,0.6000356468552382
0.722351758032472,1.1293463043239105
-1.3843670883058157,-1.0812641649027754
0.722351758032472,1.2453633979730134
-1.3843670883058157,-0.7147126805593608
0.722351758032472,1.056240483530856
0.722351758032472,0.731265978963945
0.722351758032472,0.6442487271941141
0.722351758032472,0.3927651849276079
0.722351758032472,0.6251854170413808
-1.3843670883058157,-1.108347066501252
0.722351758032472,1.4743793697461354
-1.3843670883058157,-1.1893043827532535
-1.3843670883058157,-1.2952286029631683
0.722351758032472,0.7440541333638305
0.722351758032472,0.40051739765938554
0.722351758032472,0.6793280083927965
0.722351758032472,1.0855601336886727
0.722351758032472,0.8770729429792258
0.722351758032472,0.40743855570371557
0.722351758032472,0.673284446291606
0.722351758032472,1.334332785073245
-1.3843670883058157,-1.4669447889658258
-1.3843670883058157,-1.0111206255673157
0.722351758032472,1.2418407923469506
-1.3843670883058157,-1.2784292082307576
0.722351758032472,0.24398198588512932
0.722351758032472,1.1931170018404953
0.722351758032472,0.3678332685938176
0.722351758032472,0.8916075476218798
-1.3843670883058157,-1.0682315702464176
0.722351758032472,-0.4018768734474813
0.722351758032472,0.18963445031269732
-1.3843670883058157,-1.629317149912798
-1.3843670883058157,-0.8837254707905972
-1.3843670883058157,-1.3227058865726118
0.722351758032472,0.1261315136619059
-1.3843670883058157,-0.8355760829587502
0.722351758032472,0.5836289014814616
0.722351758032472,1.2226907916057228
-1.3843670883058157,-0.958531667533318
-1.3843670883058157,-0.906405329763459
0.722351758032472,0.27285927996641335
0.722351758032472,0.940172119941009
0.722351758032472,0.6475668078537299
0.722351758032472,0.4519849424539576
-1.3843670883058157,-1.1556911321424517
0.722351758032472,0.9154882463055519
0.722351758032472,0.40451455253641044
0.722351758032472,0.48414860010130323
0.722351758032472,1.4121564119163765
0.722351758032472,0.06094702985795852
0.722351758032472,1.3273252300854717
0.722351758032472,0.33536631451006815
-1.3843670883058157,0.1033058637313986
0.722351758032472,0.5615100084366295
0.722351758032472,0.6182495994506497
0.722351758032472,0.8321268182263281
0.722351758032472,0.5185549404298716
0.722351758032472,1.1704836951797897
0.722351758032472,0.9134381736940175
-1.3843670883058157,-0.9707439559957828
0.722351758032472,1.3423505565377738
0.722351758032472,0.4119890050057672
0.722351758032472,-0.2727725069451097
0.722351758032472,-0.22328568690121153
-1.3843670883058157,-1.1995881523704064
-1.3843670883058157,-1.7274282086874817
0.722351758032472,0.5690785687625167
0.722351758032472,0.554283625688348
-1.3843670883058157,-1.2587539711170583
0.722351758032472,0.5605107249335167
0.722351758032472,0.5450405005910831
-1.3843670883058157,-1.4825788342167103
-1.3843670883058157,-0.9483588859821439
0.722351758032472,0.6528550651550081
-1.3843670883058157,-1.1259544766475351
0.722351758032472,1.0981449295034258
0.722351758032472,0.6949334939162911
0.722351758032472,0.6344286761960868
0.722351758032472,0.2473225714085442
0.722351758032472,0.17604512900850788
-1.3843670883058157,-1.2227029836743595
0.722351758032472,0.41986013726755966
-1.3843670883058157,-1.2200507280404105
0.722351758032472,1.085492210214528
-1.3843670883058157,-0.9984584197201759
0.722351758032472,0.6787501802712169
0.722351758032472,0.7100018908670779
0.722351758032472,0.835333914106357
-1.3843670883058157,-0.7341623841398907
-1.3843670883058157,-1.655494845735472
0.722351758032472,0.4270813890350542
-1.3843670883058157,-0.745871281299556
0.722351758032472,1.1355931745452423
0.722351758032472,1.1110759061886237
0.722351758032472,0.38766652319639316
0.722351758032472,0.1294696574108487
0.722351758032472,0.2843082554751861
0.722351758032472,0.36422431148304424
-1.3843670883058157,-0.7692725838804082
-1.3843670883058157,-1.254663222932011
0.722351758032472,0.3911043628720082
0.722351758032472,0.6221799167766272
0.722351758032472,0.7951447981360015
0.722351758032472,0.4260595312272907
0.722351758032472,1.2119594994993
-1.3843670883058157,-1.1981464559324595
-1.3843670883058157,-1.7438095955281758
0.722351758032472,0.5862583865775298
0.722351758032472,1.4478748154362502
0.722351758032472,0.44049274695800855
-1.3843670883058157,-0.6571838243554409
0.722351758032472,0.5683502609197776
0.722351758032472,0.45089489594459997
0.722351758032472,0.6687829506666961
-1.3843670883058157,-1.1689461984383795
0.722351758032472,1.1938128244946782
0.722351758032472,-0.08580919763596628
0.722351758032472,0.5238259648235292
0.722351758032472,0.41684546262612754
0.722351758032472,0.6402897866872851
-1.3843670883058157,-1.3810087650591136
0.722351758032472,0.6113950805980312
0.722351758032472,0.22770233116867045
0.722351758032472,0.6038611937713673
0.722351758032472,1.1938093375694074
0.722351758032472,0.6429562269019017
0.722351758032472,0.16604741636350084
0.722351758032472,1.1084613422819452
-1.3843670883058157,-0.8392467352407468
0.722351758032472,0.7684478286732092
0.722351758032472,0.6533057718781164
0.722351758032472,0.7144742654297239
-1.3843670883058157,-1.1561335807579516
-1.3843670883058157,-0.7367707164672319
-1.3843670883058157,-1.1768232546629163
0.722351758032472,0.5937861732824764
0.722351758032472,-0.45275461972254577
0.722351758032472,1.1245742482547083
0.722351758032472,1.029478586641738
0.722351758032472,0.24284747267807472
-1.3843670883058157,-1.089440339522254
0.722351758032472,0.4054877059467462
0.722351758032472,0.8200694130423302
0.722351758032472,0.4344392615922684
-1.3843670883058157,-1.255966161951421
0.722351758032472,0.5437734403947335
-1.3843670883058157,-1.107862678278701
-1.3843670883058157,-1.587494322078702
0.722351758032472,0.5458951749697151
-1.3843670883058157,-0.8756988354763876
0.722351758032472,0.14268744312039372
0.722351758032472,0.961990862237159
-1.3843670883058157,-0.7446202449232462
-1.3843670883058157,-1.2132812495533631
0.722351758032472,0.5441576597827952
0.722351758032472,0.9849844674102192
0.722351758032472,-0.5641361298333638
0.722351758032472,0.44057558329644175
-1.3843670883058157,-1.302664166281912
-1.3843670883058157,-0.9514348545319522
0.722351758032472,0.6219390500334553
0.722351758032472,0.477554032375364
0.722351758032472,0.46883417610208544
-1.3843670883058157,-1.3519642557551295
0.722351758032472,-0.3648100249044004
-1.3843670883058157,-1.175867901470704
0.722351758032472,0.19541224621415698
-1.3843670883058157,-1.1008278532347269
0.722351758032472,0.5494893592529332
0.722351758032472,0.6641623519584549
-1.3843670883058157,0.22892168651647138
0.722351758032472,0.530954794369254
0.722351758032472,0.48960413430981997
0.722351758032472,1.200319779343463
0.722351758032472,0.48156871777489696
0.722351758032472,1.5235127317700332
-1.3843670883058157,-0.9348223414623316
-1.3843670883058157,-1.1197655650140887
-1.3843670883058157,-1.2600151172056193
0.722351758032472,-0.44512291342367105
0.722351758032472,0.3470922359858244
0.722351758032472,0.16886225266014343
-1.3843670883058157,-1.5362225292403702
-1.3843670883058157,-1.268749064071374
0.722351758032472,0.4798660187594801
0.722351758032472,0.5359554774583354
0.722351758032472,0.6486665519616975
0.722351758032472,0.7509085493579793
0.722351758032472,-0.41877747731872556
0.722351758032472,0.03257892034889853
0.722351758032472,1.417819868017327
0.722351758032472,0.6291027935719639
0.722351758032472,0.47135277720416013
-1.3843670883058157,-1.3324713626441531
-1.3843670883058157,-1.3175330630478959
0.722351758032472,0.49964592859745294
0.722351758032472,0.5252562929250729
0.722351758032472,0.41577296563482424
0.722351758032472,0.3253636078606137
0.722351758032472,1.2908327923131768
0.722351758032472,1.2295189584351838
-1.3843670883058157,-0.9981195270331822
0.722351758032472,0.5657200828558292
0.722351758032472,0.72349479976553
-1.3843670883058157,-1.2807871414347596
0.722351758032472,0.47056182803676583
0.722351758032472,0.38337891716018957
-1.3843670883058157,-0.9456250848447567
0.722351758032472,0.5357279258265081
0.722351758032472,-0.4014230428507349
0.722351758032472,0.45069772335643143
0.722351758032472,0.7021806405299601
0.722351758032472,0.6487087843068319
0.722351758032472,0.29357183407708043
0.722351758032472,0.6975241437534422
0.722351758032472,0.5413065579490258
-1.3843670883058157,-1.354447448389008
0.722351758032472,0.3286929803212736
0.722351758032472,-0.4432885942121173
-1.3843670883058157,-1.0339844850405835
-1.3843670883058157,-0.8282219905488132
-1.3843670883058157,-1.2030129631614237
-1.3843670883058157,-0.8065000444177622
0.722351758032472,0.7211366044817372
0.722351758032472,0.5778331293855058
0.722351758032472,0.47865135324029595
-1.3843670883058157,0.005353113626958117
0.722351758032472,0.5880147235455945
0.722351758032472,0.294116700441434
0.722351758032472,-0.3495936251013147
0.722351758032472,1.0600201567866265
0.722351758032472,0.2585901394734853
0.722351758032472,0.817097709342996
-1.3843670883058157,-1.3890126559343698
0.722351758032472,0.556097598868693
-1.3843670883058157,-1.3577563322254629
0.722351758032472,1.3217650196753126
-1.3843670883058157,-1.0177620256884679
0.722351758032472,0.4530137832728277
-1.3843670883058157,-1.2429704028993898
0.722351758032472,1.0821621226741227
0.722351758032472,0.5485025333941332
-1.3843670883058157,-1.1848693178022551
0.722351758032472,0.7091713157134379
0.722351758032472,0.6829925084907716
-1.3843670883058157,-0.8903747797470479
0.722351758032472,0.1876939791511235
0.722351758032472,0.3865290750660566
0.722351758032472,0.5616958694419564
-1.3843670883058157,-1.1661405544705024
-1.3843670883058157,-0.7017894572157652
0.722351758032472,0.1774701042836857
-1.3843670883058157,-0.7867924706071177
0.722351758032472,0.35992685995927454
-1.3843670883058157,-1.6069202003374654
0.722351758032472,1.2598485854205195
-1.3843670883058157,-0.807024972331652
0.722351758032472,0.6126928394455461
-1.3843670883058157,-1.0334421695578206
-1.3843670883058157,-0.5132780938894795
-1.3843670883058157,-1.3120837288659777
0.722351758032472,-0.04895421182126841
-1.3843670883058157,-1.333172065012804
0.722351758032472,0.7715006107006886
0.722351758032472,0.7519197886915431
-1.3843670883058157,-1.0692848996034299
-1.3843670883058157,-0.9745238766364148
0.722351758032472,0.3848525611898652
-1.3843670883058157,-0.9795578987598463
0.722351758032472,0.44381300672181634
0.722351758032472,-0.5664325624693087
-1.3843670883058157,-0.828236375364988
0.722351758032472,1.3106391894200895
0.722351758032472,0.37949601751359296
0.722351758032472,0.5263741029935335
-1.3843670883058157,-1.2819245282483251
0.722351758032472,0.6554395280492668
-1.3843670883058157,-1.1583045907759715
-1.3843670883058157,-1.3091817099794727
-1.3843670883058157,-1.1224673642331542
0.722351758032472,0.634572829734858
0.722351758032472,1.2900680069382466
-1.3843670883058157,-1.0353646874032316
0.722351758032472,0.7637989979671161
-1.3843670883058157,-1.0647050612906908
-1.3843670883058157,-1.4567192158209332
0.722351758032472,-0.48351379180833964
0.722351758032472,0.7282994360616782
0.722351758032472,0.36823962682193867
-1.3843670883058157,-1.3094272786026735
0.722351758032472,-0.0022934903089519842
0.722351758032472,0.5426405247569744
0.722351758032472,0.6461733884490329
0.722351758032472,0.9675171747393897
-1.3843670883058157,-0.8153072941707016
0.722351758032472,0.4136280080218624
0.722351758032472,0.4703999759263341
-1.3843670883058157,-1.5260053723668654
0.722351758032472,0.9952300528002697
0.722351758032472,0.25227921854080537
0.722351758032472,0.34750826126989665
-1.3843670883058157,-1.4334595366584353
-1.3843670883058157,-0.8961182528370937
0.722351758032472,1.359502109030124
-1.3843670883058157,-1.390491577092205
-1.3843670883058157,-0.9518741152044626
0.722351758032472,0.48836989758214766
0.722351758032472,1.1567364249002865
0.722351758032472,0.3883013713150535
0.722351758032472,1.3829447256824219
0.722351758032472,-0.4577963397970969
-1.3843670883058157,-1.3566968706865739
0.722351758032472,0.3986646621799208
0.722351758032472,0.5985062790637322
0.722351758032472,0.20433546386082757
0.722351758032472,1.5353415933946706
-1.3843670883058157,-0.6559686143987469
0.722351758032472,0.6853639495045222
-1.3843670883058157,-0.9184867628555334
-1.3843670883058157,-0.7169372971703097
0.722351758032472,1.3617876379805995
-1.3843670883058157,-0.9624826493928544
0.722351758032472,-0.27461157930270724
-1.3843670883058157,-1.4482010139809602
0.722351758032472,0.4944534146173981
0.722351758032472,0.68870645213057
0.722351758032472,0.4443608087603179
0.722351758032472,0.5327468797061833
0.722351758032472,0.5764647106254456
-1.3843670883058157,-1.1772354789408415
0.722351758032472,0.6410339005127742
0.722351758032472,0.48273167750363577
0.722351758032472,0.49737535432054203
-1.3843670883058157,-0.9589346131961869
0.722351758032472,1.4660492489858008
-1.3843670883058157,-0.6729014849290815
0.722351758032472,0.3323632089508429
0.722351758032472,0.3591564622973821
0.722351758032472,0.8498821548668808
0.722351758032472,0.5849333749392328
0.722351758032472,1.0016647644672179
0.722351758032472,0.34393583169841424
0.722351758032472,-0.4426159349748819
0.722351758032472,0.5008614346673622
0.722351758032472,0.4861513308386053
0.722351758032472,0.3388044478350971
0.722351758032472,0.19400404343607547
-1.3843670883058157,-1.1382925923604312
0.722351758032472,0.6627686694466345
0.722351758032472,0.5608705789892702
0.722351758032472,0.3862112807906486
0.722351758032472,0.42446636815171634
0.722351758032472,0.5790733498183956
0.722351758032472,0.5136287215751275
-1.3843670883058157,-1.3210438827082716
-1.3843670883058157,-1.3027996722526436
0.722351758032472,1.103006766058488
0.722351758032472,0.4643457482763338
0.722351758032472,1.194591189886605
-1.3843670883058157,-0.8254723720217402
-1.3843670883058157,-0.541768595105315
0.722351758032472,1.2880264664352383
-1.3843670883058157,-0.974125759846818
-1.3843670883058157,-1.1899391775718544
-1.3843670883058157,-1.2510569916223067
0.722351758032472,1.1424029245698906
0.722351758032472,1.2409858364713053
-1.3843670883058157,-0.7504339829333787
0.722351758032472,0.9470746950521877
-1.3843670883058157,-0.6030633140886451
-1.3843670883058157,-1.3075740864435141
-1.3843670883058157,-0.7134085328885247
0.722351758032472,1.2721989942640635
-1.3843670883058157,-1.175787332026084
0.722351758032472,0.7239401216275602
-1.3843670883058157,-1.225923384302169
0.722351758032472,-0.4190265251914451
0.722351758032472,0.4885647041171982
0.722351758032472,-0.5655418511642928
-1.3843670883058157,-1.1128733889611935
0.722351758032472,0.66890758682776
0.722351758032472,0.627986628588361
0.722351758032472,-0.4825214593106989
0.722351758032472,0.7661359140713283
0.722351758032472,0.2865765663888473
0.722351758032472,0.4750646632519693
0.722351758032472,0.5509600654555505
0.722351758032472,1.169761285893967
0.722351758032472,1.1301883230829914
-1.3843670883058157,-1.0201741320706654
-1.3843670883058157,-1.2955653254262325
-1.3843670883058157,-0.9145759333410516
0.722351758032472,0.6093773740485052
0.722351758032472,0.3629425812392777
0.722351758032472,1.3978376022863555
0.722351758032472,0.49549221158780765
0.722351758032472,0.7280933497873067
0.722351758032472,0.7084012747070901
-1.3843670883058157,-1.2004516029499421
-1.3843670883058157,-1.2301188274810477
-1.3843670883058157,-1.100806712177845
0.722351758032472,-0.3987028675059757
0.722351758032472,1.2154848465765138
0.722351758032472,0.261261097211386
0.722351758032472,1.2746706749207517
-1.3843670883058157,-0.8510224676642617
0.722351758032472,0.14332368310184718
0.722351758032472,0.4819609819487157
-1.3843670883058157,-1.4383762748230227
0.722351758032472,1.0853021615004366
0.722351758032472,1.2284769212998197
0.722351758032472,1.1859085104049658
0.722351758032472,-0.5938732805602429
0.722351758032472,0.7502957028773202
0.722351758032472,1.1486959578842861
0.722351758032472,0.5098614165255174
-1.3843670883058157,-0.8803794909191194
0.722351758032472,0.6317347515533379
-1.3843670883058157,-1.1934071024968325
0.722351758032472,0.36014561940403167
0.722351758032472,0.44012327979662214
0.722351758032472,0.365400324304755
-1.3843670883058157,-1.0034204178423023
0.722351758032472,1.289925924391881
0.722351758032472,1.2011712389262472
0.722351758032472,0.3864328054636388
0.722351758032472,-0.031430268703509845
0.722351758032472,-0.23266377226969487
0.722351758032472,0.9648378421228124
0.722351758032472,0.414806679817573
-1.3843670883058157,-1.3601681917678503
-1.3843670883058157,-1.1725408347354886
0.722351758032472,0.9723380916272727
0.722351758032472,0.8492814149117077
0.722351758032472,0.6491383694866767
-1.3843670883058157,-1.463335731641018
-1.3843670883058157,-1.23530421985999
-1.3843670883058157,-1.2738266049063627
-1.3843670883058157,-1.164217214352358
0.722351758032472,0.4167300533877054
0.722351758032472,0.6660329624493074
0.722351758032472,0.7045699678557623
0.722351758032472,0.2783348148434601
-1.3843670883058157,-1.314467995578324
0.722351758032472,0.16879408353787662
0.722351758032472,1.6061958340804683
0.722351758032472,0.5555792120843449
0.722351758032472,0.5577032897531226
0.722351758032472,0.5481451434331922
0.722351758032472,0.35579958916156096
0.722351758032472,0.28515350031466524
0.722351758032472,0.7656703108438564
-1.3843670883058157,-1.2314054642754777
0.722351758032472,0.3722218513851574
0.722351758032472,0.8108034354344066
-1.3843670883058157,-0.7337371290995698
0.722351758032472,-0.14089477998083022
0.722351758032472,0.4467233717997259
0.722351758032472,0.5482296805446439
0.722351758032472,-0.7764676994011939
0.722351758032472,1.2474473175972474
-1.3843670883058157,-0.7755563707327461
0.722351758032472,0.30167166922627586
0.722351758032472,0.6396456064746648
-1.3843670883058157,-1.1978849158300777
0.722351758032472,0.5786261599323287
-1.3843670883058157,-0.9225015126281266
0.722351758032472,0.7429064816893448
-1.3843670883058157,-1.2152747228473804
-1.3843670883058157,-1.3743952549463048
-1.3843670883058157,-0.9390408433998462
0.722351758032472,0.6154064729948824
-1.3843670883058157,-1.2225514957553523
0.722351758032472,1.2933818406686397
0.722351758032472,0.5712760709814638
0.722351758032472,0.8907058717319106
0.722351758032472,0.46372111307485386
-1.3843670883058157,-0.7854062298929423
-1.3843670883058157,-1.2982605740558264
0.722351758032472,-0.5330081300117137
-1.3843670883058157,-1.0625464616885698
-1.3843670883058157,-1.019920429361623
0.722351758032472,0.6916444910008869
-1.3843670883058157,-1.0363509407037699
0.722351758032472,0.4254755029625461
-1.3843670883058157,-1.0346696108152493
0.722351758032472,0.3593569521193094
-1.3843670883058157,-0.7173140784889904
0.722351758032472,0.5380978044431314
-1.3843670883058157,-0.8598513217494032
0.722351758032472,1.1020652522947478
-1.3843670883058157,-0.9575493111964721
0.722351758032472,1.2265876671255387
0.722351758032472,0.4901247526220368
-1.3843670883058157,-1.092515172862327
0.722351758032472,1.035689054353758
-1.3843670883058157,-1.4964975650237218
-1.3843670883058157,-2.469200174411475
-1.3843670883058157,-0.9040735609879724
0.722351758032472,0.44916017906178807
0.722351758032472,0.5418739719533566
0.722351758032472,-0.59482716467008
-1.3843670883058157,-1.1868340673726692
0.722351758032472,1.220335055083868
-1.3843670883058157,-1.2767327586713453
-1.3843670883058157,-1.432550170856153
0.722351758032472,0.901744892721306
0.722351758032472,0.38863766019972446
0.722351758032472,0.4217907900447446
-1.3843670883058157,-1.2418139926605183
0.722351758032472,0.3096973207282854
0.722351758032472,0.4660656313681638
-1.3843670883058157,-0.9940599460523278
0.722351758032472,0.48747492308509355
0.722351758032472,1.3668172182080145
-1.3843670883058157,-0.4495021412286837
-1.3843670883058157,-1.3602896597518308
-1.3843670883058157,-1.2077647130684568
0.722351758032472,0.3625185831220342
-1.3843670883058157,-0.698870764907384
0.722351758032472,0.5132089324016668
-1.3843670883058157,-1.0259918966583879
0.722351758032472,0.9343490260991393
0.722351758032472,0.836800344788824
0.722351758032472,0.6000201058297568
0.722351758032472,1.0734571890893374
0.722351758032472,0.9048569395328129
-1.3843670883058157,-0.5918468459514638
0.722351758032472,0.7674346325975859
-1.3843670883058157,-0.9197993181664559
-1.3843670883058157,-1.2756544396977771
0.722351758032472,0.5259351823931194
0.722351758032472,0.47421231565648025
-1.3843670883058157,-1.2765576783575034
0.722351758032472,1.188680638213237
0.722351758032472,0.27270260466835405
-1.3843670883058157,-0.9290060195079878
-1.3843670883058157,-1.581916581262171
0.722351758032472,0.6504703365036831
-1.3843670883058157,-0.879079145423537
0.722351758032472,0.7159776499146698
0.722351758032472,0.36460777200699923
0.722351758032472,0.21273330103906063
0.722351758032472,-0.3052167462214743
0.722351758032472,-0.37240994970287444
0.722351758032472,0.5723288988263205
-1.3843670883058157,-1.3968740006608527
0.722351758032472,-0.5540891480583013
0.722351758032472,-0.5261037924107864
-1.3843670883058157,-1.389524375613731
0.722351758032472,0.7124146521200209
0.722351758032472,0.3503458032062641
-1.3843670883058157,-1.479415239147466
0.722351758032472,0.8065924249699846
0.722351758032472,0.7964096592814461
0.722351758032472,0.2764537949356751
0.722351758032472,0.6106680898184361
0.722351758032472,0.470872803843282
0.722351758032472,-0.46622950993155565
-1.3843670883058157,-1.3599588203759096
0.722351758032472,0.5694535289755508
0.722351758032472,0.54668835532706
-1.3843670883058157,-1.0523794586027972
-1.3843670883058157,-1.010949424146284
-1.3843670883058157,-1.3918091998886002
-1.3843670883058157,-1.465149684227248
0.722351758032472,0.10098490081464273
0.722351758032472,0.5213429172438501
0.722351758032472,0.7134361113785664
-1.3843670883058157,-0.7784340840020721
0.722351758032472,1.0696146675876883
0.722351758032472,0.3824837719761489
0.722351758032472,0.477808655783585
0.722351758032472,0.488961890525755
0.722351758032472,0.7561329222806236
-1.3843670883058157,-1.2885391038973881
0.722351758032472,0.7787912468786301
-1.3843670883058157,-0.8016381834667781
-1.3843670883058157,-0.938029736465751
0.722351758032472,1.5145046615513973
0.722351758032472,0.5717275668987608
0.722351758032472,0.32717265758196445
0.722351758032472,0.7084346684359958
0.722351758032472,0.6846992825698627
0.722351758032472,1.4511266778982046
0.722351758032472,0.7339608383823127
0.722351758032472,1.358048647971648
-1.3843670883058157,-1.1810912689293032
-1.3843670883058157,-0.69762303975141
0.722351758032472,0.5943216566264199
0.722351758032472,-0.3424655775573604
0.722351758032472,1.0611243285604974
0.722351758032472,1.1267755434626112
-1.3843670883058157,-1.2674545095022096
0.722351758032472,-0.3499935646367596
0.722351758032472,-0.32072480294807115
0.722351758032472,0.23039518351332466
0.722351758032472,-0.33842543679324294
0.722351758032472,1.3604895155663401
0.722351758032472,0.5116876552101327
-1.3843670883058157,-1.0069193098362366
-1.3843670883058157,-1.7309687277575776
-1.3843670883058157,-1.3945309508975887
-1.3843670883058157,-0.935118918127651
0.722351758032472,0.5969135633456947
0.722351758032472,0.7070992674948161
0.722351758032472,0.6133094939037443
0.722351758032472,1.0467707099442123
0.722351758032472,1.023489470253307
-1.3843670883058157,-1.5114075570702594
0.722351758032472,0.7891707290120354
0.722351758032472,0.45674883128227384
0.722351758032472,0.5911339827803718
0.722351758032472,0.14471506362675224
-1.3843670883058157,-1.0920210374770778
-1.3843670883058157,-0.7437642081634231
-1.3843670883058157,-1.3802009495675251
0.722351758032472,0.47513260909116517
-1.3843670883058157,-1.3945312739796516
0.722351758032472,0.5155523243022232
0.722351758032472,1.2845805706913227
-1.3843670883058157,-1.1623022526267994
0.722351758032472,1.2307916251814723
0.722351758032472,1.0782832829416464
0.722351758032472,0.6298104857289829
-1.3843670883058157,-0.9895819252338898
0.722351758032472,-0.6093927774960128
0.722351758032472,-0.15476607990430136
-1.3843670883058157,-0.7078239403204379
0.722351758032472,1.242662814101699
-1.3843670883058157,-1.203447646349288
0.722351758032472,0.641077587919907
-1.3843670883058157,-0.814448948245542
-1.3843670883058157,-1.2519541928871105
0.722351758032472,0.3896334515631621
0.722351758032472,0.47399371843827387
-1.3843670883058157,-1.4242393708536292
0.722351758032472,1.3102184641005041
0.722351758032472,0.8299339872510928
0.722351758032472,0.5666487411305811
-1.3843670883058157,-0.7091748416728101
-1.3843670883058157,-0.8854593884217375
0.722351758032472,0.4904936274779027
0.722351758032472,1.0750359957031113
0.722351758032472,0.44303238896260044
0.722351758032472,0.30975005116968
0.722351758032472,0.556122942757291
-1.3843670883058157,-1.369213659607164
0.722351758032472,-0.44913887943479586
0.722351758032472,0.3265087574383163
-1.3843670883058157,-1.135379501905899
0.722351758032472,-0.12279270669195608
0.722351758032472,-0.2803632286564147
-1.3843670883058157,-1.1682381761997438
0.722351758032472,0.10826240016924427
0.722351758032472,0.44724360613859226
0.722351758032472,1.3765084105160015
0.722351758032472,0.14625545935525297
-1.3843670883058157,-1.2118380612611586
0.722351758032472,0.4136864634026908
0.722351758032472,1.046413242717421
-1.3843670883058157,-1.1941010484970345
0.722351758032472,0.6026477313288153
-1.3843670883058157,-1.286275763517915
0.722351758032472,0.5196106122372454
-1.3843670883058157,-1.0788462026554804
0.722351758032472,0.7369686646482346
0.722351758032472,0.5389110877869939
-1.3843670883058157,-1.0635688632205074
0.722351758032472,0.376019248491828
-1.3843670883058157,-1.3278293469484483
0.722351758032472,1.216798937187531
-1.3843670883058157,-1.3296735843482916
-1.3843670883058157,-1.1558221726510083
0.722351758032472,0.6178733794210717
0.722351758032472,1.0471401657228463
-1.3843670883058157,-0.6184392125749008
-1.3843670883058157,-1.0106796233149598
0.722351758032472,0.48024011712907244
0.722351758032472,0.7309580390000238
-1.3843670883058157,-0.6439984582410643
0.722351758032472,-0.5278162055691139
0.722351758032472,0.6343096404880976
-1.3843670883058157,-0.7143755083690273
0.722351758032472,0.4808837414399624
0.722351758032472,0.7960782219720274
-1.3843670883058157,-1.4515478039080099
0.722351758032472,0.51183510657787
-1.3843670883058157,-1.6478129018140257
0.722351758032472,0.4668876112439393
0.722351758032472,0.43951248351806693
0.722351758032472,0.3149696519441355
0.722351758032472,0.4811158101726599
-1.3843670883058157,-1.113385020987182
0.722351758032472,1.346892917871528
0.722351758032472,0.5152027372117821
-1.3843670883058157,-1.3439455437351568
0.722351758032472,0.6213043075599697
-1.3843670883058157,-1.1347531998494103
0.722351758032472,0.6148861544129248
0.722351758032472,0.3118534748062518
0.722351758032472,0.7247041422017005
0.722351758032472,1.241272101633709
0.722351758032472,1.1231070789741895
-1.3843670883058157,-0.8692423230252102
0.722351758032472,1.4211606583566954
0.722351758032472,1.1969755966761433
0.722351758032472,0.4946639851262987
0.722351758032472,0.5509547501926458
0.722351758032472,-0.5410637449469027
0.722351758032472,0.6780349249470984
-1.3843670883058157,-1.3604645505458381
-1.3843670883058157,-1.4336147436929094
0.722351758032472,0.8228413870672661
0.722351758032472,-0.5378415311428064
0.722351758032472,-0.16753174014910005
0.722351758032472,1.2910422062598932
0.722351758032472,0.41789069004243573
-1.3843670883058157,-1.5162319420416988
0.722351758032472,0.6830615963193084
-1.3843670883058157,-0.7204367890916783
0.722351758032472,0.3941765032276833
-1.3843670883058157,-1.3316824274106973
-1.3843670883058157,-1.1384560426739794
0.722351758032472,0.41769785767745726
0.722351758032472,0.6248946931200751
-1.3843670883058157,-1.1132884730144343
0.722351758032472,-0.3982187610920441
-1.3843670883058157,-1.2615086482280928
0.722351758032472,0.5593511165303532
0.722351758032472,0.6414461755215618
0.722351758032472,1.2587379398541243
0.722351758032472,0.7567422606619502
-1.3843670883058157,-1.3574276534235667
0.722351758032472,0.5133578846864203
-1.3843670883058157,-1.4024886147524647
-1.3843670883058157,-0.7565887201078246
0.722351758032472,0.05942822644456547
-1.3843670883058157,-1.185731658067422
0.722351758032472,0.9225421012727945
0.722351758032472,0.815876552527362
0.722351758032472,0.46195375773625846
0.722351758032472,-0.4512374309535358
0.722351758032472,0.5674011011049872
0.722351758032472,1.097093927565255
0.722351758032472,1.2819313462340496
0.722351758032472,0.3259145798137063
0.722351758032472,0.07182797097647176
0.722351758032472,0.613019033243776
0.722351758032472,-0.4639873194332247
0.722351758032472,0.6772687442139399
0.722351758032472,0.5212449566074796
0.722351758032472,1.1640354363817598
0.722351758032472,-0.4163641887342615
0.722351758032472,0.7297622019697961
0.722351758032472,1.1375662025841313
0.722351758032472,0.5201112743091786
-1.3843670883058157,-0.8987403445661679
0.722351758032472,0.9666560026909233
0.722351758032472,0.3501428941281013
0.722351758032472,0.5115897708637492
0.722351758032472,0.6614023240476571
0.722351758032472,0.3230391341350122
0.722351758032472,0.6186949905834199
0.722351758032472,0.28006568639306206
0.722351758032472,0.17281467486365543
0.722351758032472,0.13402402502349609
0.722351758032472,0.6050499782876625
0.722351758032472,0.7208671641805963
0.722351758032472,0.3904516251191481
-1.3843670883058157,-1.4008707123902702
-1.3843670883058157,-0.9865506317331016
-1.3843670883058157,-1.262083321322357
-1.3843670883058157,-1.330866985648968
0.722351758032472,1.2756319309620001
0.722351758032472,0.6591390462971264
0.722351758032472,1.0108783559569319
-1.3843670883058157,-1.1460040065942434
0.722351758032472,1.1800293554315036
-1.3843670883058157,-0.9272672971576235
0.722351758032472,0.2680669427198764
0.722351758032472,0.45180056881038577
0.722351758032472,-0.5482609642492721
0.722351758032472,-0.47303040422203774
0.722351758032472,0.6298015286821376
0.722351758032472,1.383214680155767
0.722351758032472,0.6582322364146825
-1.3843670883058157,-0.9320438197129034
-1.3843670883058157,-1.4561102495386586
0.722351758032472,0.6343439110159935
0.722351758032472,0.815863569810121
0.722351758032472,1.5018389555139402
0.722351758032472,0.3487400849480876
0.722351758032472,0.3912360932917682
-1.3843670883058157,-0.5822640766076634
-1.3843670883058157,-1.2138357277638296
-1.3843670883058157,-1.4008121045334996
-1.3843670883058157,-0.7213712304665629
-1.3843670883058157,-1.4202502332543592
0.722351758032472,1.1031131728730958
0.722351758032472,1.3935075635444707
-1.3843670883058157,-1.1135323070876684
-1.3843670883058157,-0.622579598599787
-1.3843670883058157,-0.722787932996503
0.722351758032472,0.8438025034141076
-1.3843670883058157,-0.5170686815691181
0.722351758032472,0.5967426237486587
0.722351758032472,0.6072335288080976
0.722351758032472,0.4494505857143022
-1.3843670883058157,-1.1725309964047579
-1.3843670883058157,-1.4212066205346874
0.722351758032472,0.8504154635875704
-1.3843670883058157,-1.2234831747054105
0.722351758032472,0.5143453007842161
-1.3843670883058157,-0.9744141958393571
0.722351758032472,1.150168354606108
0.722351758032472,0.29474199083315444
-1.3843670883058157,-0.9376133394621797
0.722351758032472,0.36327625377082107
0.722351758032472,1.215858515422644
-1.3843670883058157,-1.0702589649772098
0.722351758032472,0.10943233609283831
0.722351758032472,0.5562234628751742
-1.3843670883058157,-1.2154953426991104
0.722351758032472,0.6386167821132344
-1.3843670883058157,-1.4074568223923527
0.722351758032472,0.8507010471576931
0.722351758032472,1.4300238527900784
-1.3843670883058157,0.1962440486474788
-1.3843670883058157,-1.0078664424005643
0.722351758032472,0.9227464674931877
-1.3843670883058157,-1.0177329679214657
0.722351758032472,-0.012376589983003616
0.722351758032472,0.8521769786509145
0.722351758032472,0.6135939847516455
-1.3843670883058157,-1.0148303230601086
0.722351758032472,-0.6203519989521947
0.722351758032472,1.0205323800479738
0.722351758032472,0.5492000159110241
0.722351758032472,0.21849142547914036
0.722351758032472,-0.699967963822387
0.722351758032472,0.5528583213109258
0.722351758032472,1.43128871352972
-1.3843670883058157,-1.024643254301076
0.722351758032472,0.6468164467358347
0.722351758032472,0.554045274832694
0.722351758032472,-0.1277498996919253
0.722351758032472,0.6262445284672987
0.722351758032472,0.21368665147238297
0.722351758032472,1.219551969339792
0.722351758032472,0.19459130891187681
0.722351758032472,0.6690808106912228
-1.3843670883058157,-1.2804191674028094
0.722351758032472,1.3266972613863701
0.722351758032472,0.9066653715109924
0.722351758032472,0.3712303402492052
0.722351758032472,1.2392905972234245
0.722351758032472,0.6375301592242894
0.722351758032472,0.45681650680130514
0.722351758032472,0.5458764506700916
0.722351758032472,0.8784657795145366
-1.3843670883058157,-1.294584937784427
0.722351758032472,1.0657103612104444
0.722351758032472,0.4874450846543784
-1.3843670883058157,-0.5691690988346986
0.722351758032472,0.3641381260397948
0.722351758032472,0.5635540868968695
-1.3843670883058157,-1.335006721150232
0.722351758032472,0.141695671281042
0.722351758032472,0.30223379540044126
0.722351758032472,0.31107601406956653
0.722351758032472,0.41465714168700285
-1.3843670883058157,-1.0847340004492003
0.722351758032472,-0.31357704712820433
-1.3843670883058157,-1.5320603057807864
0.722351758032472,0.5138088584190806
-1.3843670883058157,-1.0972033126758438
0.722351758032472,0.7532211321119745
0.722351758032472,0.8505100612507904
-1.3843670883058157,-1.0616580940540965
0.722351758032472,0.4374410276131011
-1.3843670883058157,-1.3793162258759095
0.722351758032472,-0.3698723095451059
0.722351758032472,1.08850278845184
0.722351758032472,0.6419708457459351
0.722351758032472,0.3310228882006341
-1.3843670883058157,-0.5363682365434037
0.722351758032472,0.4483885415843595
0.722351758032472,0.5016169296019032
0.722351758032472,0.4066099018701521
-1.3843670883058157,-0.8598002730596424
-1.3843670883058157,-0.9805214914654067
-1.3843670883058157,-1.3346095733565297
0.722351758032472,0.7463631076996929
0.722351758032472,0.6244591532052196
-1.3843670883058157,-1.5130774268058502
-1.3843670883058157,-0.8313907707398436
0.722351758032472,1.3564236887540866
-1.3843670883058157,-0.5436802977649644
-1.3843670883058157,-1.130995286777104
-1.3843670883058157,-1.2410152970799362
0.722351758032472,0.2999782264967834
0.722351758032472,1.0173541566756974
0.722351758032472,0.5040590201880571
0.722351758032472,0.5583389347640731
-1.3843670883058157,-0.8740174400622691
-1.3843670883058157,-0.9831285127676365
-1.3843670883058157,-0.8740426599347784
0.722351758032472,0.7316220624140201
0.722351758032472,0.4954458533196021
0.722351758032472,0.6276626614755575
0.722351758032472,0.628015078122652
0.722351758032472,0.3580873072706796
0.722351758032472,0.44842732519427786
-1.3843670883058157,-1.2611319425141825
-1.3843670883058157,-0.8768432642701792
0.722351758032472,0.571410588485919
0.722351758032472,0.2860165744672811
0.722351758032472,0.5739814539068276
0.722351758032472,0.05397621785270712
-1.3843670883058157,-1.3474935847541396
-1.3843670883058157,-0.9230250760723991
0.722351758032472,0.705557917781305
0.722351758032472,-0.48368044462310444
-1.3843670883058157,-0.9612588432136921
-1.3843670883058157,-1.4288876481887214
-1.3843670883058157,-1.6080803136970312
-1.3843670883058157,-1.3774083416691374
0.722351758032472,0.5753908902469583
-1.3843670883058157,-0.8575626800834806
-1.3843670883058157,-1.0815876186335216
0.722351758032472,0.34394612474136443
0.722351758032472,1.1089502462246315
-1.3843670883058157,-1.1339084740710177
0.722351758032472,0.47780937171709514
0.722351758032472,0.8073854628865135
0.722351758032472,0.6503614043875533
0.722351758032472,0.6650311560245107
-1.3843670883058157,-1.6628890505020038
0.722351758032472,0.49011698621279287
0.722351758032472,0.3158801283207394
0.722351758032472,0.5575229898820145
0.722351758032472,-0.44995353913515224
0.722351758032472,0.8916858107782918
0.722351758032472,0.5510575067449931
-1.3843670883058157,-1.230552870276773
0.722351758032472,0.5767538806564417
-1.3843670883058157,-1.1840516576028493
0.722351758032472,0.6552864212183714
-1.3843670883058157,-1.3339098524596302
0.722351758032472,-0.40713714604222784
0.722351758032472,1.0030935118981485
-1.3843670883058157,-0.8087017486954584
0.722351758032472,0.5593850596870823
-1.3843670883058157,-1.3933257005985875
-1.3843670883058157,-1.062382352842393
0.722351758032472,0.7301130156733887
0.722351758032472,0.5196927466926008
0.722351758032472,-0.7763411240094932
0.722351758032472,0.7814947537046385
0.722351758032472,0.8973294952661167
0.722351758032472,0.7107126999686127
0.722351758032472,-0.46881666418408974
-1.3843670883058157,-1.3537437250114304
0.722351758032472,1.4443803611305728
0.722351758032472,1.1448667626110054
0.722351758032472,0.5884316365722072
-1.3843670883058157,-1.3153258430768382
0.722351758032472,0.5422320871413572
0.722351758032472,0.5318559904656625
0.722351758032472,0.7700657094724507
-1.3843670883058157,-1.2052372848596264
-1.3843670883058157,-1.3534554638522671
0.722351758032472,1.253453854342594
0.722351758032472,0.7084881014240069
0.722351758032472,0.5405660712987251
0.722351758032472,0.5210551865891832
0.722351758032472,0.5070369113870735
0.722351758032472,0.3076285268484569
0.722351758032472,1.2048685949948088
0.722351758032472,0.3678292619667507
-1.3843670883058157,-1.231681941648532
-1.3843670883058157,-1.347106583130273
0.722351758032472,-0.3565715517689667
0.722351758032472,-0.42956358444935944
0.722351758032472,-0.5028194821834329
0.722351758032472,1.2302249814866273
0.722351758032472,-0.42979343743719567
-1.3843670883058157,-0.8786402576297134
-1.3843670883058157,-0.8849839729195939
0.722351758032472,0.5224740862540486
-1.3843670883058157,-0.8628198397776525
-1.3843670883058157,-1.167756263023373
0.722351758032472,1.1561158953802706
0.722351758032472,0.393414872231973
0.722351758032472,0.4307266118050215
0.722351758032472,0.3858376002211047
0.722351758032472,0.24940965423613215
0.722351758032472,0.27539853370402756
0.722351758032472,-0.2002636149781546
0.722351758032472,0.62907110815853
0.722351758032472,0.31640066270023914
0.722351758032472,1.083652125688031
0.722351758032472,1.24758934153158
0.722351758032472,1.2304411146566956
-1.3843670883058157,-1.078336814603383
0.722351758032472,0.42200020245689407
-1.3843670883058157,-1.0633785365351183
0.722351758032472,0.7193503009678993
0.722351758032472,0.5323665995977133
0.722351758032472,0.8702421534503849
-1.3843670883058157,-1.1116013160718037
-1.3843670883058157,-0.49299124662807026
0.722351758032472,0.48764436651807064
0.722351758032472,0.5782354322180056
0.722351758032472,0.7713702605286411
0.722351758032472,0.38563172079807095
0.722351758032472,0.7213542067192881
-1.3843670883058157,-1.5037037183401445
0.722351758032472,0.4061357872362199
-1.3843670883058157,-2.270607665195477
0.722351758032472,0.5953880200327336
0.722351758032472,0.3730022583934386
-1.3843670883058157,-0.8875616901967078
-1.3843670883058157,-1.1675878093424115
0.722351758032472,0.6426972382397894
-1.3843670883058157,-1.2009781578412415
0.722351758032472,0.4902819514573421
0.722351758032472,-0.27769608792122147
-1.3843670883058157,-1.0532583358724743
-1.3843670883058157,-1.1550161093708584
-1.3843670883058157,-1.0330899957960828
0.722351758032472,0.732877238141285
0.722351758032472,-0.4148519440865773
0.722351758032472,0.5763017660345114
-1.3843670883058157,-0.6318271643023882
-1.3843670883058157,-1.00309377911738
0.722351758032472,0.6797633913731794
-1.3843670883058157,-1.2380541581960611
0.722351758032472,0.4058498515548925
-1.3843670883058157,-1.3586034411407115
0.722351758032472,0.36919662486926597
0.722351758032472,0.2566142239190363
0.722351758032472,0.2850197476838803
-1.3843670883058157,-0.9052507492016536
-1.3843670883058157,-1.2835871987410357
0.722351758032472,1.3938880026104452
0.722351758032472,1.4427444960414855
0.722351758032472,1.2235246872978771
0.722351758032472,0.6310380422531802
0.722351758032472,0.5875158283143506
-1.3843670883058157,-0.78716356059786
-1.3843670883058157,-0.7854326925030836
0.722351758032472,-0.36692266642854854
-1.3843670883058157,-1.456040026097366
0.722351758032472,0.7251468175243468
0.722351758032472,0.5799136303842801
0.722351758032472,0.7196443283738029
0.722351758032472,0.7194841250040512
-1.3843670883058157,-1.2216261406369477
0.722351758032472,1.5856944255975849
-1.3843670883058157,-1.2000016272067249
0.722351758032472,1.387178272059976
-1.3843670883058157,-1.0415527495170256
-1.3843670883058157,-1.2448226136906249
0.722351758032472,0.46552226585100087
0.722351758032472,0.34558886615802553
0.722351758032472,0.47174288843521106
0.722351758032472,-0.2029727242008772
-1.3843670883058157,-1.368063096106463
0.722351758032472,0.5490329430407849
0.722351758032472,0.19141702190280807
0.722351758032472,-0.572353637347454
0.722351758032472,0.5180155514057895
-1.3843670883058157,-1.5396991881262125
0.722351758032472,0.3323555628241853
0.722351758032472,0.5564896727833125
0.722351758032472,-0.8575437621329148
-1.3843670883058157,-1.5312959394411632
0.722351758032472,1.2240591506090301
0.722351758032472,-0.1878791103275354
0.722351758032472,0.4718881433880495
0.722351758032472,0.31437398505402914
-1.3843670883058157,-1.039010463046505
0.722351758032472,0.44559396257947514
-1.3843670883058157,-1.3468625848438487
0.722351758032472,0.6312729485870997
-1.3843670883058157,-1.4909211653452417
-1.3843670883058157,-1.0931517081472817
0.722351758032472,0.8145940904948902
0.722351758032472,-0.10301293627550423
0.722351758032472,0.2159794348243369
0.722351758032472,1.507691203096687
0.722351758032472,0.8452606925575347
0.722351758032472,0.5856001304706536
0.722351758032472,1.0079749848646982
0.722351758032472,1.3918428836537102
0.722351758032472,0.9143634367097045
0.722351758032472,0.5705873444528172
0.722351758032472,0.5189456295977962
0.722351758032472,1.0627734094699424
0.722351758032472,1.325138193462446
0.722351758032472,-0.3263254768738235
0.722351758032472,0.422897318220643
0.722351758032472,1.2364486960118461
0.722351758032472,0.5124650917845804
0.722351758032472,0.7940754042112331
-1.3843670883058157,-1.26557832702786
0.722351758032472,1.1897661874084289
0.722351758032472,0.5332193981201278
0.722351758032472,1.566607377224845
-1.3843670883058157,-1.3963407562607513
0.722351758032472,1.341722311086762
0.722351758032472,0.8714269463202623
0.722351758032472,0.6282448844797618
0.722351758032472,0.7703896331049466
0.722351758032472,1.2470728706800474
0.722351758032472,1.3554599668468312
-1.3843670883058157,-1.2877672089753927
0.722351758032472,0.25499852175765136
-1.3843670883058157,-2.1504136475017694
0.722351758032472,1.024173865390324
0.722351758032472,0.48255905173271707
0.722351758032472,0.6794254334298105
-1.3843670883058157,-1.5974338609187129
-1.3843670883058157,-1.2654489269233922
-1.3843670883058157,-0.9131919420922952
-1.3843670883058157,-1.1686950700598553
0.722351758032472,1.0698907341131907
0.722351758032472,0.5356415704810188
-1.3843670883058157,-1.0916562703374248
0.722351758032472,0.5776938443463496
-1.3843670883058157,-1.5051007743125535
0.722351758032472,1.1384237255356169
-1.3843670883058157,-1.071301964097172
0.722351758032472,-0.28977421431654404
0.722351758032472,0.48738375239027787
0.722351758032472,1.3098771696993552
0.722351758032472,0.28570916901831045
-1.3843670883058157,-0.9535404197063773
0.722351758032472,1.0608983943483326
0.722351758032472,0.7098999116300847
0.722351758032472,0.7438558049794545
0.722351758032472,0.3622389632696872
0.722351758032472,0.722032098667914
0.722351758032472,-0.4142089502070417
0.722351758032472,0.47270459211271854
0.722351758032472,1.074508614751354
0.722351758032472,1.2911961603569408
0.722351758032472,0.596184459610341
-1.3843670883058157,-0.8488769707037026
0.722351758032472,0.5990846749640178
0.722351758032472,0.708153325911229
0.722351758032472,1.3067601711323293
0.722351758032472,-0.6072222125612796
0.722351758032472,0.7954951645086309
-1.3843670883058157,-1.2984185051081214
-1.3843670883058157,-0.8849131101432446
0.722351758032472,0.44343117054623327
-1.3843670883058157,-0.9426744263701436
0.722351758032472,0.42296031586995464
0.722351758032472,0.32556321907572405
0.722351758032472,0.6225194324521902
0.722351758032472,-0.5812102701660062
0.722351758032472,0.3834094746358194
-1.3843670883058157,-0.8914479453380088
0.722351758032472,0.42296012125268523
0.722351758032472,0.6763720259460565
0.722351758032472,1.1643123772829678
0.722351758032472,1.1298520714349976
0.722351758032472,1.4395832891933682
0.722351758032472,-0.22492050810964126
-1.3843670883058157,-1.4615568409869784
-1.3843670883058157,-1.2117866575135599
0.722351758032472,1.2321335998259295
0.722351758032472,0.6262412632325703
0.722351758032472,0.5268472284875895
0.722351758032472,0.03952691028177702
0.722351758032472,0.4433774262316721
-1.3843670883058157,-1.5691829334488463
-1.3843670883058157,-1.094171952144423
-1.3843670883058157,-1.2128396864478348
0.722351758032472,1.0539111977129898
0.722351758032472,0.2855497648445313
0.722351758032472,0.4576219448819828
-1.3843670883058157,-0.4315484382881954
0.722351758032472,0.30182072029208684
-1.3843670883058157,-0.6976477477099126
0.722351758032472,0.13950733892355405
0.722351758032472,1.137896157640169
0.722351758032472,1.264078252520998
-1.3843670883058157,-1.2639133448361481
-1.3843670883058157,-1.2935171321515202
0.722351758032472,0.7325200357346927
0.722351758032472,0.5034938049568577
-1.3843670883058157,-1.1494760378759095
0.722351758032472,0.9613532493108597
0.722351758032472,0.9266943774576152
-1.3843670883058157,-1.1257803777769733
0.722351758032472,0.648858898325067
-1.3843670883058157,-0.678611407351081
0.722351758032472,0.607432618981817
0.722351758032472,0.6173855279174988
0.722351758032472,0.542815719492247
0.722351758032472,0.4048387046566859
-1.3843670883058157,-1.4822815070772504
0.722351758032472,1.3251736099467233
0.722351758032472,0.3954734110571847
-1.3843670883058157,-0.8681222486181466
0.722351758032472,-0.5721037551505496
0.722351758032472,-0.06037613682156073
-1.3843670883058157,-0.9876623454406217
0.722351758032472,1.4781139965596566
0.722351758032472,0.7958948001690275
-1.3843670883058157,-1.220014000742924
-1.3843670883058157,-0.555053514470047
0.722351758032472,0.782664963775524
0.722351758032472,0.49198189750270405
0.722351758032472,0.6049508575438404
0.722351758032472,0.6928196044704932
0.722351758032472,0.4935967279675796
0.722351758032472,1.267478753770256
0.722351758032472,0.8021973019399743
0.722351758032472,0.3697491624025073
-1.3843670883058157,-1.1574418574333873
0.722351758032472,1.2685072071178634
0.722351758032472,-0.07737049286584907
0.722351758032472,0.10152820669462714
0.722351758032472,0.4181987305328393
0.722351758032472,0.10601963975302064
0.722351758032472,-0.5651649639998828
0.722351758032472,0.4053114176868571
0.722351758032472,0.5858971647212866
0.722351758032472,0.3777894065242935
0.722351758032472,0.4104411008370742
-1.3843670883058157,-1.2753642289619118
0.722351758032472,0.7100936578613125
0.722351758032472,0.8797484827247931
-1.3843670883058157,-1.2309481076844746
-1.3843670883058157,-1.6954235860205804
0.722351758032472,0.6718829545890784
0.722351758032472,0.4735711105848076
0.722351758032472,0.46836943056198765
-1.3843670883058157,-1.2197853524856779
-1.3843670883058157,-0.9054047025228704
0.722351758032472,0.2803278540637514
-1.3843670883058157,-1.3521989200899005
0.722351758032472,0.6065337021750395
0.722351758032472,0.6962980382747629
0.722351758032472,1.0000550965971544
-1.3843670883058157,-1.38195530815025
0.722351758032472,0.2866806551011092
0.722351758032472,0.35123196981552507
0.722351758032472,0.01263200972572076
0.722351758032472,0.44382977528508605
-1.3843670883058157,-1.3462810085433008
0.722351758032472,0.4711868483438958
-1.3843670883058157,-1.3840716062348062
0.722351758032472,0.688891247873361
0.722351758032472,0.9988623882255688
-1.3843670883058157,-0.9007971650992042
0.722351758032472,0.01680635850488643
0.722351758032472,-0.3091754371106067
-1.3843670883058157,-0.8170684154845663
0.722351758032472,0.6590564693105959
0.722351758032472,0.6356663368409711
0.722351758032472,1.1486182217840124
-1.3843670883058157,-1.5358732061778082
0.722351758032472,0.4689229850275046
0.722351758032472,1.2398149107916474
-1.3843670883058157,-0.9166782965212829
0.722351758032472,0.5913773356035726
0.722351758032472,0.4041364610694522
-1.3843670883058157,-0.8013680793788802
0.722351758032472,0.3782464204715398
0.722351758032472,0.6720682914822206
0.722351758032472,-0.17226251097898904
0.722351758032472,0.3550604726459182
0.722351758032472,0.3747011695747944
0.722351758032472,0.8004237891225957
0.722351758032472,-0.178666876128801
-1.3843670883058157,-1.1644158963675881
-1.3843670883058157,-0.6622714963741625
-1.3843670883058157,-1.0445861678632982
0.722351758032472,1.038125021953174
-1.3843670883058157,-1.1039095411848887
0.722351758032472,-0.40175650495772913
-1.3843670883058157,-1.4270687942720617
-1.3843670883058157,-0.6381203787765104
0.722351758032472,0.3203011329167478
0.722351758032472,0.35392419316683155
0.722351758032472,1.269712571037949
0.722351758032472,-0.26043942568940315
0.722351758032472,0.7861057097634195
0.722351758032472,0.4175953742114906
-1.3843670883058157,-1.3615602479837707
-1.3843670883058157,-1.1094599242040708
0.722351758032472,1.1877954336261944
0.722351758032472,0.6938981960924276
-1.3843670883058157,-1.4803601736898382
0.722351758032472,1.343394229100905
0.722351758032472,0.35773718756153894
-1.3843670883058157,-1.3842183724762362
0.722351758032472,1.0550852479454877
0.722351758032472,0.5892617706714306
-1.3843670883058157,-0.7425753442082413
0.722351758032472,0.4596733183673165
-1.3843670883058157,-0.39630060652179083
0.722351758032472,0.443101843573662
0.722351758032472,0.6874834093941823
-1.3843670883058157,-1.3168786477287955
-1.3843670883058157,-1.325095666303906
-1.3843670883058157,-1.143824518331026
0.722351758032472,0.31153820483540795
-1.3843670883058157,-1.0047442839649052
-1.3843670883058157,-0.9010650522376817
0.722351758032472,1.0614075603196036
0.722351758032472,1.196133709095287
0.722351758032472,0.1418824790845139
-1.3843670883058157,-1.3765178585142017
0.722351758032472,1.245689477256838
-1.3843670883058157,-0.6759169253718328
0.722351758032472,0.3599150411417382
0.722351758032472,0.08214122816932823
0.722351758032472,0.5872172430243267
-1.3843670883058157,-0.9618109066581153
-1.3843670883058157,-1.0812783834692032
-1.3843670883058157,-0.8250193893845154
0.722351758032472,0.742048468355687
-1.3843670883058157,-0.952776992125135
0.722351758032472,1.3600332830285309
-1.3843670883058157,-1.0935994800024829
0.722351758032472,0.5733744508941273
0.722351758032472,0.5787546209726669
0.722351758032472,0.362051183610711
-1.3843670883058157,-1.4498229636305964
-1.3843670883058157,-1.2161494789814142
-1.3843670883058157,-1.0571162677853239
-1.3843670883058157,-0.8657061355648545
0.722351758032472,1.1788122845928055
-1.3843670883058157,-0.7140025782361809
0.722351758032472,1.0610212324678643
-1.3843670883058157,-0.6205251950564241
0.722351758032472,0.5160401819183459
0.722351758032472,0.5636290226548141
0.722351758032472,0.25557654764872384
-1.3843670883058157,-1.14897625115494
0.722351758032472,0.5276570489339284
0.722351758032472,1.0614719934157653
0.722351758032472,1.449723379001766
0.722351758032472,1.2706232837484324
-1.3843670883058157,-1.41920122003622
-1.3843670883058157,-0.5425575394824944
-1.3843670883058157,-0.5447202039474417
0.722351758032472,0.03352573954420979
0.722351758032472,0.48428039632084297
-1.3843670883058157,-0.8959198474265843
-1.3843670883058157,-1.0425590139406613
-1.3843670883058157,-1.2966034153839483
0.722351758032472,0.9197340070543173
-1.3843670883058157,-1.0364011574840375
0.722351758032472,1.1282786541583958
-1.3843670883058157,-1.1239941670991138
0.722351758032472,-0.3267861713918808
0.722351758032472,1.3595384131131296
0.722351758032472,0.7829690527104253
-1.3843670883058157,-0.9383315665386984
0.722351758032472,0.46313977314494215
0.722351758032472,0.6414888801416362
-1.3843670883058157,-1.0176112613735078
-1.3843670883058157,-1.1598484717231163
-1.3843670883058157,-1.1188630065503387
0.722351758032472,1.3233991833097418
0.722351758032472,0.7006442611778593
-1.3843670883058157,-1.3183765665844207
-1.3843670883058157,-0.5819221528698586
-1.3843670883058157,-1.4942489103934815
0.722351758032472,0.38257021243787714
-1.3843670883058157,-0.9977536121853401
0.722351758032472,0.27353574358412547
-1.3843670883058157,-1.1575027520854064
-1.3843670883058157,-0.7014288653067462
-1.3843670883058157,-1.4953937381796771
0.722351758032472,0.45974306292303213
-1.3843670883058157,-0.5131462217076094
-1.3843670883058157,-0.5937216550712823
-1.3843670883058157,-0.6487495711696243
0.722351758032472,1.0926518646242114
0.722351758032472,1.022392357144994
0.722351758032472,-0.5923839154112681
-1.3843670883058157,-1.299587727959782
0.722351758032472,-0.439296374366556
-1.3843670883058157,-1.1587381618563095
0.722351758032472,1.3088833881371729
-1.3843670883058157,-1.6682115024635884
0.722351758032472,0.7346458084020021
-1.3843670883058157,-0.7997888646884506
0.722351758032472,0.6213602943105897
-1.3843670883058157,-1.4603854729884338
-1.3843670883058157,-1.1543132263475426
0.722351758032472,0.4944379216499978
-1.3843670883058157,-1.4205794168593102
-1.3843670883058157,-1.4440505894284668
-1.3843670883058157,-1.4654005435649762
0.722351758032472,0.5619374253032273
-1.3843670883058157,-1.364916590071589
0.722351758032472,0.5427182426295248
0.722351758032472,0.8115609774031965
0.722351758032472,1.147699171596562
0.722351758032472,0.6260998131688901
0.722351758032472,-0.7443263410913654
0.722351758032472,1.0310677995274662
0.722351758032472,0.7163945734136518
0.722351758032472,0.7837459510412891
0.722351758032472,0.6136737578164954
0.722351758032472,0.4732403730025514
-1.3843670883058157,-0.6767135714612604
-1.3843670883058157,-1.4760410801467838
0.722351758032472,1.4053202726166525
0.722351758032472,1.1273275727080305
0.722351758032472,0.7284105144204299
0.722351758032472,0.5368860748069809
0.722351758032472,0.4065072816090818
0.722351758032472,-0.40055098461680927
-1.3843670883058157,-0.9264128466206942
-1.3843670883058157,-0.4406989160514754
0.722351758032472,0.633454378431138
-1.3843670883058157,-0.9636600862231411
-1.3843670883058157,-0.7987198841065821
0.722351758032472,-0.597002632739069
0.722351758032472,0.3137457949791418
0.722351758032472,0.4321234552967189
0.722351758032472,0.47236788279713937
-1.3843670883058157,-0.6509553388291255
0.722351758032472,1.3568956142707842
-1.3843670883058157,-0.9969652267237772
0.722351758032472,1.0473473617318612
-1.3843670883058157,-0.5261755731062588
-1.3843670883058157,-0.6880939584645397
0.722351758032472,0.5110905513207477
-1.3843670883058157,-1.2637579691711123
0.722351758032472,-0.10996686606543149
0.722351758032472,0.46627252911371597
-1.3843670883058157,-1.02210270022649
0.722351758032472,0.7489725602282088
-1.3843670883058157,-0.3277159745512427
0.722351758032472,0.6182385772724192
0.722351758032472,1.3230044051111838
0.722351758032472,1.2648922531175155
-1.3843670883058157,-1.3561059872522703
-1.3843670883058157,-1.0912141950434826
0.722351758032472,0.5666498181724257
-1.3843670883058157,-1.2262636148793589
-1.3843670883058157,-0.44561592356786534
0.722351758032472,0.9972766044024942
0.722351758032472,0.8261068009083269
0.722351758032472,0.4803118234899426
0.722351758032472,0.9127472766907133
-1.3843670883058157,-0.6815025485392185
0.722351758032472,0.702293096671354
0.722351758032472,0.5280295277276027
-1.3843670883058157,-1.226901535887198
-1.3843670883058157,-0.708819008004496
-1.3843670883058157,-0.7436035465858981
0.722351758032472,-0.4277675191905083
0.722351758032472,1.4538359049999148
0.722351758032472,1.056603094927489
0.722351758032472,-0.07555058045459495
-1.3843670883058157,-1.0378030413096564
-1.3843670883058157,-0.8384425989395482
0.722351758032472,0.8751739087406368
0.722351758032472,0.3248339899493853
-1.3843670883058157,-1.2658719712159936
0.722351758032472,0.7528213502325517
0.722351758032472,0.4332710669572155
-1.3843670883058157,-1.0602516562531341
0.722351758032472,0.5818029346387831
0.722351758032472,1.0260770951518317
0.722351758032472,0.5048093084321225
0.722351758032472,1.2619716692010892
-1.3843670883058157,-1.4203300552391362
-1.3843670883058157,-1.1682808457765144
0.722351758032472,0.7797531613349459
-1.3843670883058157,-1.0190585777771763
-1.3843670883058157,-1.2817158550717596
-1.3843670883058157,-0.5979087353645157
0.722351758032472,0.2607362730740632
0.722351758032472,0.19752772051526146
-1.3843670883058157,-0.6841099212314103
0.722351758032472,0.48734007313284955
-1.3843670883058157,-1.0850849620385128
0.722351758032472,1.3572233580320412
-1.3843670883058157,-1.0261761282481003
0.722351758032472,0.38020539634227557
0.722351758032472,0.4260974707146804
-1.3843670883058157,-1.5804789475593308
0.722351758032472,0.2414992583480713
0.722351758032472,0.4873827351334393
0.722351758032472,0.490506506763425
-1.3843670883058157,-1.416829736121764
0.722351758032472,0.20867263169637762
-1.3843670883058157,-1.3863575751805717
0.722351758032472,1.1904086510384015
0.722351758032472,-0.25452695448550056
0.722351758032472,0.6848108912139547
0.722351758032472,0.29240031269053857
0.722351758032472,0.4638333077860203
0.722351758032472,0.7214090648414359
0.722351758032472,1.2633236450730947
-1.3843670883058157,-0.7474814640163444
-1.3843670883058157,-1.6112958305236074
0.722351758032472,1.3957626856322078
-1.3843670883058157,-1.3274445135637096
-1.3843670883058157,-0.8117334410758381
0.722351758032472,1.0163753746601674
-1.3843670883058157,-1.2624328949450545
-1.3843670883058157,-0.6731478311461973
-1.3843670883058157,-1.3078186844663326
0.722351758032472,0.5056548391489389
0.722351758032472,1.0546939931896757
0.722351758032472,1.3450686475852054
0.722351758032472,1.4041925873559848
-1.3843670883058157,-1.0883408496544118
-1.3843670883058157,-1.0727445788197358
0.722351758032472,0.4787268369983708
-1.3843670883058157,-1.0218046951842377
0.722351758032472,0.2780292761311691
-1.3843670883058157,-1.3949637561484147
-1.3843670883058157,-0.779914161777194
0.722351758032472,0.3415656563540871
0.722351758032472,0.6207721132094347
0.722351758032472,0.8698655829368899
0.722351758032472,1.150407142488616
0.722351758032472,-0.40859215738664684
0.722351758032472,0.6094354584881146
-1.3843670883058157,-0.628147960528212
-1.3843670883058157,-1.0660353758597738
-1.3843670883058157,-1.3068610254022202
0.722351758032472,0.2691480618660317
-1.3843670883058157,-1.2413007333960362
0.722351758032472,0.47592423824429875
0.722351758032472,0.26192972714877727
-1.3843670883058157,-1.4606218064644847
0.722351758032472,0.574760687710543
-1.3843670883058157,-1.4029041064337568
0.722351758032472,0.25912171263522876
0.722351758032472,0.156242461624573
-1.3843670883058157,-1.0986228521272752
0.722351758032472,0.34637947871715036
0.722351758032472,0.7970188697246038
0.722351758032472,0.5862960584955074
-1.3843670883058157,-0.9887340915111118
0.722351758032472,0.6304965593550079
0.722351758032472,0.3782927393223856
-1.3843670883058157,-1.3254862354893924
0.722351758032472,0.6745854901746072
0.722351758032472,0.43362343737303344
0.722351758032472,0.6172928893891508
0.722351758032472,0.5769044742584345
0.722351758032472,0.38290220591291657
0.722351758032472,0.6744995634251117
0.722351758032472,-0.5682542596364455
-1.3843670883058157,-1.1751353946143386
-1.3843670883058157,-1.0544300899125005
0.722351758032472,0.5995885568347242
0.722351758032472,0.3761168201659565
0.722351758032472,1.2623670749794162
0.722351758032472,0.6923563324958709
-1.3843670883058157,-1.23307285294442
0.722351758032472,-0.534866358066108
-1.3843670883058157,-1.1199558123844628
0.722351758032472,1.0004168039792725
-1.3843670883058157,-1.4051714430994442
0.722351758032472,0.360189251857289
-1.3843670883058157,-1.144962957882893
0.722351758032472,0.4399455002791989
0.722351758032472,0.6619250284402006
-1.3843670883058157,-1.0710645655626776
0.722351758032472,1.1825555256893603
-1.3843670883058157,-1.2365804520198829
-1.3843670883058157,-0.8199125696723879
0.722351758032472,0.531781374572574
0.722351758032472,0.47887701806902505
0.722351758032472,0.4100628765513956
-1.3843670883058157,-0.8906019677620889
0.722351758032472,0.8383437467830709
0.722351758032472,0.39810118786209703
-1.3843670883058157,-0.8127319854184507
0.722351758032472,0.22485415370092343
0.722351758032472,1.2578588670725952
0.722351758032472,0.5201652940894258
-1.3843670883058157,-1.2467247020002699
0.722351758032472,0.7017783298423111
-1.3843670883058157,-0.7958552267400982
0.722351758032472,0.545598399828701
-1.3843670883058157,-0.5267282260308184
0.722351758032472,-0.5377287045897146
-1.3843670883058157,-1.1174620229287244
0.722351758032472,0.8464533680377405
0.722351758032472,-0.2126195537640601
-1.3843670883058157,-0.8698024914929314
-1.3843670883058157,-0.8100610434393898
0.722351758032472,0.3189580056464234
0.722351758032472,0.45808985281153536
0.722351758032472,0.7082261796379216
0.722351758032472,0.3694484698186731
-1.3843670883058157,-0.9934820725631693
-1.3843670883058157,0.09239471201700367
0.722351758032472,1.0017237228673892
0.722351758032472,0.5596256696384122
0.722351758032472,0.4008163949120507
0.722351758032472,0.70497443563878
0.722351758032472,0.47897142763890255
0.722351758032472,0.9095389360015914
-1.3843670883058157,-1.4647242486602166
-1.3843670883058157,-1.2605715181646966
0.722351758032472,0.5785289300175841
0.722351758032472,-0.17753041667768693
0.722351758032472,1.300040775275808
0.722351758032472,0.7782096970514744
-1.3843670883058157,-1.0335696906264562
0.722351758032472,0.6180213549294548
0.722351758032472,0.4026791472923583
-1.3843670883058157,-1.2039157961159388
-1.3843670883058157,-1.0750005894597292
0.722351758032472,-0.5828574092024534
0.722351758032472,0.3001057202432087
-1.3843670883058157,-0.7962823869245664
0.722351758032472,0.21980157948974788
0.722351758032472,0.40172262628315014
-1.3843670883058157,-0.6101025449930251
0.722351758032472,0.4746651898983565
0.722351758032472,0.6162001471890958
0.722351758032472,0.5043483380909622
0.722351758032472,0.8822866560583026
-1.3843670883058157,-1.2023041462923254
-1.3843670883058157,-1.198278857758404
0.722351758032472,0.2694530114786715
0.722351758032472,1.0871400390513508
0.722351758032472,0.38726204627377325
0.722351758032472,0.5813812443571421
0.722351758032472,-0.5839133192248896
0.722351758032472,0.6628582859749129
-1.3843670883058157,-1.280622612817131
0.722351758032472,0.4302340069113406
0.722351758032472,1.3606026112287792
0.722351758032472,0.48080788449242096
-1.3843670883058157,-1.2103175592505915
-1.3843670883058157,-0.8154832668919831
-1.3843670883058157,-1.2487780007871798
0.722351758032472,0.5463324795912553
0.722351758032472,0.14478271039743607
-1.3843670883058157,-1.3355377994091597
0.722351758032472,0.3616289066965557
0.722351758032472,0.7318231783488337
0.722351758032472,1.1128235935678732
-1.3843670883058157,-1.5553408562685869
0.722351758032472,1.0374964139059184
0.722351758032472,0.7054550711484476
-1.3843670883058157,-1.2853158467037171
-1.3843670883058157,-1.2926462541966512
0.722351758032472,1.373750653963096
0.722351758032472,1.1523002338264927
-1.3843670883058157,-1.1090472410591876
-1.3843670883058157,-0.9544179353480624
0.722351758032472,0.49209504034101725
0.722351758032472,-0.5769490257768946
-1.3843670883058157,-1.1162549974298306
0.722351758032472,0.5620791327373723
0.722351758032472,0.6724541431662457
0.722351758032472,0.19540855927735457
0.722351758032472,0.4840534614952928
0.722351758032472,1.1797302085427779
-1.3843670883058157,-0.9605952557923154
0.722351758032472,0.5359408264082312
-1.3843670883058157,-0.8051237120354487
0.722351758032472,1.0473064777280192
0.722351758032472,0.8293047289902337
-1.3843670883058157,-0.7737719067819457
-1.3843670883058157,-0.9719577266937642
-1.3843670883058157,-1.124414539718607
0.722351758032472,1.400405236102515
0.722351758032472,0.19391064053857632
-1.3843670883058157,-1.019171981665181
-1.3843670883058157,-1.0952083771091037
0.722351758032472,0.9719578198445936
-1.3843670883058157,-1.2582587834949743
0.722351758032472,0.4075123108796359
0.722351758032472,0.35865457658118405
-1.3843670883058157,-1.1560624293052917
-1.3843670883058157,-0.8974350182293838
0.722351758032472,0.8023765212026696
0.722351758032472,0.5817668529802075
0.722351758032472,0.6446319218259914
0.722351758032472,0.49359689064895684
0.722351758032472,1.2846472548823824
0.722351758032472,1.2744920919245253
0.722351758032472,0.9796087222615592
0.722351758032472,1.095326277422609
0.722351758032472,-0.41304622946380465
0.722351758032472,0.176962343840255
0.722351758032472,0.587826057515117
-1.3843670883058157,-0.925846228486976
-1.3843670883058157,-1.2674930573124903
-1.3843670883058157,-1.1724804202531431
0.722351758032472,1.3014340559084836
0.722351758032472,0.6781464191867509
0.722351758032472,0.5538988488132314
0.722351758032472,0.4459109935823936
-1.3843670883058157,-0.9318041559581944
0.722351758032472,0.42367264684182915
0.722351758032472,0.5356206373910538
-1.3843670883058157,-1.2379876488400194
-1.3843670883058157,-1.3044673877647865
0.722351758032472,0.7612339816965453
-1.3843670883058157,-1.3001436380609692
0.722351758032472,0.38625449410763146
0.722351758032472,0.8902463506735191
0.722351758032472,0.46277521799232657
0.722351758032472,0.4300505698769532
0.722351758032472,0.566183678001479
0.722351758032472,0.9650473764147459
-1.3843670883058157,-1.4031590070507725
0.722351758032472,0.3877866552817494
-1.3843670883058157,-0.7716524944422678
0.722351758032472,0.3498070795095467
-1.3843670883058157,-1.0629430086275349
-1.3843670883058157,-1.528097801130393
0.722351758032472,0.5047002431909767
0.722351758032472,0.2289858857005458
0.722351758032472,0.049652605202832545
-1.3843670883058157,-1.3025391159734359
0.722351758032472,0.7223397146382368
0.722351758032472,0.26448806182535933
-1.3843670883058157,-1.1249493803184856
0.722351758032472,1.1390557066863884
0.722351758032472,0.5994498339942563
0.722351758032472,1.149582169406954
-1.3843670883058157,-0.9577282602432045
0.722351758032472,-0.39134052152046594
-1.3843670883058157,-1.0760438741815763
0.722351758032472,-0.5290197564478201
-1.3843670883058157,-1.3638846661562731
0.722351758032472,0.5505994188173212
0.722351758032472,1.559463193497141
-1.3843670883058157,-1.3363021884502202
0.722351758032472,0.18957983620466679
-1.3843670883058157,-0.5714211765888332
-1.3843670883058157,-1.2366000497442327
0.722351758032472,1.1616808858917742
-1.3843670883058157,-0.9544598870510621
-1.3843670883058157,-1.3127782739398093
0.722351758032472,1.1643681389254592
0.722351758032472,-0.5818412058028135
0.722351758032472,0.43711711622499827
0.722351758032472,0.2640253148841474
0.722351758032472,1.0798090842142924
0.722351758032472,-0.16429273109231618
-1.3843670883058157,-1.1619816756731165
0.722351758032472,0.39830273626012647
-1.3843670883058157,-0.5873755185444316
0.722351758032472,0.4181520412247941
-1.3843670883058157,-1.3363528963406588
0.722351758032472,-0.22198151290494933
0.722351758032472,0.4913791604751575
0.722351758032472,0.70257859071457
-1.3843670883058157,-1.0367779833525632
0.722351758032472,0.23133640428549362
-1.3843670883058157,-1.1176328793856523
0.722351758032472,0.5353631368013406
-1.3843670883058157,-1.2622857646136816
0.722351758032472,0.9327490036510192
-1.3843670883058157,-0.41580350177475656
0.722351758032472,0.7652576644262555
0.722351758032472,0.3823766587155537
0.722351758032472,0.42931709721252287
0.722351758032472,0.6923027640715477
0.722351758032472,0.7133680848107319
-1.3843670883058157,-1.278772710049474
-1.3843670883058157,-1.1490829273683358
-1.3843670883058157,-1.3847871015502367
-1.3843670883058157,-1.1946058729773308
0.722351758032472,1.0125539998472575
0.722351758032472,0.29917749869539634
-1.3843670883058157,-1.0750598359884773
-1.3843670883058157,-1.4804743536311276
-1.3843670883058157,-1.0088881691622085
0.722351758032472,0.2290535392750287
-1.3843670883058157,-0.884857798223609
0.722351758032472,1.2773260945208302
0.722351758032472,0.37691652613331084
-1.3843670883058157,-1.2393713954989827
0.722351758032472,1.2491034770290539
0.722351758032472,1.2407517822330028
0.722351758032472,0.9738652142402239
0.722351758032472,0.4241774190661074
0.722351758032472,0.3673961045223646
0.722351758032472,0.6880258826496225
0.722351758032472,0.6552516317201557
-1.3843670883058157,-1.0482013859464436
0.722351758032472,0.411397210426903
-1.3843670883058157,-0.6492550428115372
0.722351758032472,0.5168819883100272
0.722351758032472,0.6846375380925548
0.722351758032472,0.6416953260017598
0.722351758032472,0.46057332131250406
0.722351758032472,-0.36547189491313725
-1.3843670883058157,-1.1479026452886067
0.722351758032472,0.7466430424960072
0.722351758032472,0.5993659047035672
0.722351758032472,0.8275150395672538
0.722351758032472,0.4646317544002867
-1.3843670883058157,-1.1604940920276832
0.722351758032472,0.3570558950042735
0.722351758032472,0.29802616019492423
0.722351758032472,0.6168144650317194
0.722351758032472,-0.3119373455834902
-1.3843670883058157,-1.382705157167065
0.722351758032472,0.6250326721927176
0.722351758032472,-0.009455348690041387
-1.3843670883058157,-1.1473051778661592
-1.3843670883058157,-1.1216671130730012
0.722351758032472,0.49288005470665797
-1.3843670883058157,-0.7184762421155968
0.722351758032472,0.42902638940927085
-1.3843670883058157,-1.24360852829063
0.722351758032472,1.0444426269868963
0.722351758032472,0.2620718688785859
0.722351758032472,-0.3827037371980758
0.722351758032472,0.1654605509229874
0.722351758032472,0.3711902046009785
0.722351758032472,0.7167922540941588
-1.3843670883058157,-1.3669992276895635
0.722351758032472,0.316978454397985
-1.3843670883058157,-1.091303425777833
0.722351758032472,0.2632441062051972
0.722351758032472,1.3931669637221722
0.722351758032472,0.5380092099764179
-1.3843670883058157,-1.1216840924220106
0.722351758032472,1.1054727118695005
-1.3843670883058157,-1.5090534680924768
0.722351758032472,1.4755213350450127
0.722351758032472,0.5516853201597597
-1.3843670883058157,-1.3031546649029155
-1.3843670883058157,-0.7395004671164349
0.722351758032472,0.4782168439207827
0.722351758032472,0.7402104328669429
0.722351758032472,1.4434364193328566
-1.3843670883058157,-1.1798854026292975
-1.3843670883058157,-0.950608495758597
0.722351758032472,1.2391890021097702
-1.3843670883058157,-1.1821658487197206
0.722351758032472,0.36451770026953734
0.722351758032472,-0.5644067826472092
-1.3843670883058157,-1.060855762639673
0.722351758032472,-0.27783779672523706
-1.3843670883058157,-1.2451991468839074
0.722351758032472,0.8373561415518055
0.722351758032472,0.2520569380212643
0.722351758032472,0.617149472925511
0.722351758032472,0.6477072794166349
0.722351758032472,0.5999723098153059
0.722351758032472,1.3271013736917472
-1.3843670883058157,-1.0351878534381727
-1.3843670883058157,-0.9674531821196843
-1.3843670883058157,-0.9223913651234426
-1.3843670883058157,-1.3220814475490168
0.722351758032472,0.33515896697236414
0.722351758032472,0.6692363547224148
0.722351758032472,0.5720087908457129
-1.3843670883058157,-0.916909256165765
-1.3843670883058157,-1.1882035526166375
-1.3843670883058157,-1.242988545130094
0.722351758032472,0.8064177270354042
-1.3843670883058157,-0.7499282836832761
0.722351758032472,0.27635042251758746
0.722351758032472,0.6355053639214726
0.722351758032472,0.8329982353745614
0.722351758032472,1.381935693461641
0.722351758032472,0.40990649703125204
0.722351758032472,-0.17534498713090169
0.722351758032472,0.4692783393116753
0.722351758032472,0.6050073354247217
0.722351758032472,0.42647822167282334
0.722351758032472,0.7391187955764068
0.722351758032472,0.5213574423860724
0.722351758032472,0.943777758137513
0.722351758032472,0.6980405376596713
0.722351758032472,-0.04881168639335115
-1.3843670883058157,-1.145279609274927
0.722351758032472,-0.5101971938665688
0.722351758032472,0.6281403844185364
-1.3843670883058157,-0.5157657972527214
0.722351758032472,0.8601277405481814
0.722351758032472,0.49682289219917164
-1.3843670883058157,-1.5507518777565252
0.722351758032472,1.2228825984367688
0.722351758032472,1.299233601156622
0.722351758032472,0.4138607445844119
0.722351758032472,0.3615634240653165
0.722351758032472,0.6539671762083646
0.722351758032472,0.35747779493526965
0.722351758032472,0.602364452267876
0.722351758032472,0.26343790166343783
0.722351758032472,0.2634931173772185
0.722351758032472,0.10986078570883684
0.722351758032472,0.5705335438983529
0.722351758032472,0.4708366802323283
0.722351758032472,0.008113318089700172
-1.3843670883058157,-1.9772605637693785
0.722351758032472,0.4927660218415574
0.722351758032472,-0.5639325744485132
-1.3843670883058157,-1.0954176799025488
0.722351758032472,0.8375274254479129
0.722351758032472,0.6932101076077223
0.722351758032472,0.41378669759806896
-1.3843670883058157,-1.3016413344436593
0.722351758032472,-0.015092438474255676
0.722351758032472,0.46545888107798206
0.722351758032472,0.43806613698011054
0.722351758032472,0.48682633391984476
-1.3843670883058157,-0.7911855942902462
-1.3843670883058157,-1.3385875825225098
0.722351758032472,0.5532530427358059
-1.3843670883058157,-1.3084594044386226
0.722351758032472,1.3934691668376145
0.722351758032472,0.26351984720634036
0.722351758032472,1.2389525018618301
0.722351758032472,0.7006153106871232
0.722351758032472,0.4782490594147649
-1.3843670883058157,-1.0329578534911281
0.722351758032472,0.21415555705117195
0.722351758032472,0.42097249095947475
0.722351758032472,0.7260681937728614
0.722351758032472,0.30094905813896455
0.722351758032472,0.49292342064638184
0.722351758032472,0.632285689598599
0.722351758032472,0.7101909985188438
-1.3843670883058157,-1.4741153140928
0.722351758032472,0.6894682103914985
-1.3843670883058157,-0.8705691302604887
0.722351758032472,0.3598364667404508
0.722351758032472,0.08417830870714038
0.722351758032472,0.45054379241520603
0.722351758032472,0.6415242108013787
-1.3843670883058157,-1.1494476348603118
0.722351758032472,0.5115535064199154
0.722351758032472,0.5703706174068987
-1.3843670883058157,-1.1904742552897916
0.722351758032472,0.4188135153068062
0.722351758032472,0.4824887171606468
0.722351758032472,0.31525660760921936
0.722351758032472,0.36627006169632714
0.722351758032472,0.2269898850871579
0.722351758032472,0.6019361715869739
0.722351758032472,0.5859785979402979
0.722351758032472,0.7760467642797736
0.722351758032472,1.1817231153530687
0.722351758032472,0.2629380318286556
0.722351758032472,0.5264954294827967
0.722351758032472,0.4363355368427422
0.722351758032472,0.7963441582154921
-1.3843670883058157,-1.666517027940694
0.722351758032472,1.1369481475566356
0.722351758032472,-0.4409830556840959
0.722351758032472,0.615412151511111
0.722351758032472,-0.3625536786198496
0.722351758032472,0.2587346161479881
0.722351758032472,0.4446346110474304
0.722351758032472,-0.6785985984842775
0.722351758032472,1.0473340595070608
0.722351758032472,0.2774653833327838
0.722351758032472,-0.6029341238687297
-1.3843670883058157,-0.6989847947011882
0.722351758032472,0.5132628496594677
-1.3843670883058157,-1.2430506299172195
0.722351758032472,0.23262629845953875
-1.3843670883058157,-1.2998606021894603
0.722351758032472,0.4991982274880936
0.722351758032472,0.48498801200308905
0.722351758032472,1.181943114527313
-1.3843670883058157,-1.4918574157702567
0.722351758032472,1.1242588774343156
0.722351758032472,0.7589389393955858
0.722351758032472,0.4545739315731543
0.722351758032472,0.29711478020383275
-1.3843670883058157,-0.895610494491085
0.722351758032472,0.7414472526590409
-1.3843670883058157,-1.4891085793857486
-1.3843670883058157,-1.21538958668108
-1.3843670883058157,-1.3859958050313756
-1.3843670883058157,-1.0373034202683113
0.722351758032472,0.7127708315581359
0.722351758032472,0.6214149901799652
0.722351758032472,0.5737813484410857
0.722351758032472,0.4065650344250209
0.722351758032472,0.08629902866026251
0.722351758032472,0.301426749665221
0.722351758032472,0.41323945546958407
0.722351758032472,0.6686479677165978
0.722351758032472,-0.5178666828023882
-1.3843670883058157,-1.2739457304097344
0.722351758032472,0.5558080791112915
0.722351758032472,0.6097071700315283
-1.3843670883058157,-0.85952552287391
0.722351758032472,1.1022697346033423
0.722351758032472,1.3934220835338
0.722351758032472,0.3657178739155016
0.722351758032472,0.2962301072621738
-1.3843670883058157,-1.0690067752317778
0.722351758032472,0.0006089026149385113
0.722351758032472,1.4007627069479023
-1.3843670883058157,-1.3681046866336282
0.722351758032472,0.5166210228397571
0.722351758032472,0.31681646391779505
0.722351758032472,0.2420183690068548
-1.3843670883058157,-0.926658411976938
0.722351758032472,1.1772219157938055
-1.3843670883058157,-1.0458513329805341
0.722351758032472,0.6391371381982892
-1.3843670883058157,-1.3827645245131033
0.722351758032472,1.0901691974143213
0.722351758032472,0.4169034566946537
0.722351758032472,0.638958043878526
0.722351758032472,-0.2700483856835111
0.722351758032472,0.5936969543404128
-1.3843670883058157,-1.241198417443731
0.722351758032472,0.6360269149300554
-1.3843670883058157,-0.7368961297952286
0.722351758032472,0.6877722475874998
-1.3843670883058157,-0.97505770029013
-1.3843670883058157,-1.3407437742115695
0.722351758032472,0.5597713270746657
0.722351758032472,0.6610369824052845
-1.3843670883058157,-0.9633382723439352
0.722351758032472,0.5246756636141642
0.722351758032472,1.2228239895410589
0.722351758032472,0.15517860941824968
0.722351758032472,1.3046451866621531
0.722351758032472,0.4423669868028789
0.722351758032472,1.096959830546389
-1.3843670883058157,-1.0570190932440044
0.722351758032472,1.2361414503620058
-1.3843670883058157,-0.6604977303825815
0.722351758032472,1.2125747119960306
0.722351758032472,0.3147528797703786
-1.3843670883058157,-1.2279835549521112
0.722351758032472,1.0978554875696869
0.722351758032472,1.3423441297900482
0.722351758032472,0.5996029375852746
-1.3843670883058157,-1.0137927647273308
0.722351758032472,0.5214307475137202
0.722351758032472,0.1843249155320228
0.722351758032472,0.2996708055685371
0.722351758032472,0.7862485221823944
-1.3843670883058157,-1.2212032355966196
0.722351758032472,0.3821497143667003
0.722351758032472,0.4891043958685163
0.722351758032472,0.33024099994296585
0.722351758032472,0.9125760717889678
-1.3843670883058157,0.08716408583414581
-1.3843670883058157,-0.8688958873206789
0.722351758032472,0.4392411753339358
-1.3843670883058157,-1.1701433213668369
0.722351758032472,-0.5608627770862707
-1.3843670883058157,-0.9968443730165324
-1.3843670883058157,-0.6720382526550047
0.722351758032472,0.34308127043789916
0.722351758032472,0.277143884249039
0.722351758032472,0.7743916343730678
-1.3843670883058157,-1.2652275307720715
0.722351758032472,0.4132278450851887
0.722351758032472,0.4859392333844096
0.722351758032472,0.8783907335842195
-1.3843670883058157,-1.3703454204755154
-1.3843670883058157,-1.241392885766102
-1.3843670883058157,-0.7005547506843004
-1.3843670883058157,-1.4256351148547233
0.722351758032472,1.1220210503053925
0.722351758032472,0.3869442394674243
-1.3843670883058157,-1.4627105359638581
0.722351758032472,0.9962686062073837
0.722351758032472,0.5793406247044895
0.722351758032472,0.8436932038405037
0.722351758032472,1.3876102528679461
-1.3843670883058157,-1.294376696073165
0.722351758032472,0.4535414863212266
0.722351758032472,0.02296801024542483
-1.3843670883058157,-0.8802643464858053
-1.3843670883058157,-1.1619674425704782
0.722351758032472,0.30436488536320483
-1.3843670883058157,-0.5484955371949466
0.722351758032472,1.5200441823018704
0.722351758032472,0.5519240458139488
0.722351758032472,0.49703646221780173
0.722351758032472,-0.4155969921270546
0.722351758032472,0.8747763963239127
0.722351758032472,1.026363549366749
0.722351758032472,0.7193188239351821
-1.3843670883058157,-0.6353440682947529
0.722351758032472,0.162594478966526
0.722351758032472,0.6566350848779302
0.722351758032472,0.7675046610132358
0.722351758032472,0.26288778452164874
-1.3843670883058157,-0.32649233811701717
-1.3843670883058157,-0.9455138503912366
0.722351758032472,0.31372960981096465
0.722351758032472,0.6443786171272484
-1.3843670883058157,-0.9082649056753385
0.722351758032472,-0.35818721349598504
-1.3843670883058157,-1.013186546311088
0.722351758032472,0.19204890388698326
0.722351758032472,1.0965523293301387
0.722351758032472,0.933483392606889
0.722351758032472,0.7563041038803421
0.722351758032472,-0.5019129087118417
0.722351758032472,0.47263426548084686
0.722351758032472,0.2883563944520845
-1.3843670883058157,-1.5422621637262521
-1.3843670883058157,-1.4042461470673875
0.722351758032472,-0.5878920807766753
0.722351758032472,0.5632806865981909
0.722351758032472,0.5284703160663805
0.722351758032472,0.46234291251212734
0.722351758032472,0.5474676827867114
-1.3843670883058157,-1.2305117007229218
-1.3843670883058157,-1.2605607778461794
0.722351758032472,0.3597529978128131
0.722351758032472,1.1399490817037465
0.722351758032472,1.4153644243910977
-1.3843670883058157,-1.4966517545802944
0.722351758032472,0.30715323311328213
0.722351758032472,0.2608718856204526
0.722351758032472,1.2125944916559863
-1.3843670883058157,-1.222518354230389
-1.3843670883058157,-1.11673123242063
0.722351758032472,-0.45689066659962335
0.722351758032472,0.6519350162464309
-1.3843670883058157,-1.1825007357147008
0.722351758032472,0.5511275929568841
-1.3843670883058157,-0.797123694372954
-1.3843670883058157,-2.102350856121964
-1.3843670883058157,-1.3876506929166879
-1.3843670883058157,-1.0593747678306207
0.722351758032472,0.40308924383451006
0.722351758032472,0.9879124775873612
0.722351758032472,0.5279901082043993
0.722351758032472,0.5739922550846542
0.722351758032472,0.8886106044804712
-1.3843670883058157,-1.33898624326422
-1.3843670883058157,-1.0629898331071517
0.722351758032472,1.3723713677247624
0.722351758032472,0.9825404609090346
0.722351758032472,0.3400502756832364
0.722351758032472,0.7092175587678023
0.722351758032472,-0.4796189186985055
0.722351758032472,0.6599527878268231
0.722351758032472,1.1272810536666826
-1.3843670883058157,-0.9031748315793721
0.722351758032472,1.0781391011921366
0.722351758032472,0.6537457421768001
-1.3843670883058157,-1.3532206093866601
-1.3843670883058157,-0.9937012723104628
0.722351758032472,0.4350134908188559
-1.3843670883058157,-0.7542263193350486
0.722351758032472,-0.6537644447305668
-1.3843670883058157,-1.257693904007957
-1.3843670883058157,-0.6738804947227368
0.722351758032472,0.37317391991313953
0.722351758032472,0.8523897593881794
0.722351758032472,0.5119205095527747
-1.3843670883058157,-1.1433999632370475
-1.3843670883058157,-1.1373087838909703
0.722351758032472,0.1394488955169112
-1.3843670883058157,-1.030957553938292
0.722351758032472,1.114298251916921
0.722351758032472,0.5512637880315664
0.722351758032472,-0.0943787218416417
0.722351758032472,0.2712225864465059
0.722351758032472,-0.3668105413818091
-1.3843670883058157,-1.273542818935502
-1.3843670883058157,-1.1992032613434396
-1.3843670883058157,-1.1315603328522794
-1.3843670883058157,-0.9177481425937848
-1.3843670883058157,-1.2049823935782078
0.722351758032472,0.6052434864946395
0.722351758032472,0.3809045458732977
0.722351758032472,0.3168341078396404
0.722351758032472,0.4669077837264244
0.722351758032472,0.9605381784381976
0.722351758032472,0.37395025059553477
-1.3843670883058157,-1.1784094566045762
-1.3843670883058157,-0.7186653861174842
0.722351758032472,0.6396197838521042
-1.3843670883058157,-0.7956132153561256
-1.3843670883058157,-1.3561041076436156
0.722351758032472,0.5135609332446444
0.722351758032472,0.26600048627761197
-1.3843670883058157,-1.1807586069803473
0.722351758032472,1.2633304890579549
-1.3843670883058157,-1.0944914858956674
0.722351758032472,0.5419273533737966
0.722351758032472,-0.4793577390608472
-1.3843670883058157,-1.0840162143604495
0.722351758032472,0.7324347757107296
0.722351758032472,0.850028830386559
0.722351758032472,1.1728893112848877
0.722351758032472,0.4867674172802715
-1.3843670883058157,-0.9512048650308587
0.722351758032472,0.7534833060995131
-1.3843670883058157,-1.1076797367250653
0.722351758032472,1.5795581187258607
-1.3843670883058157,-1.4242550449491511
0.722351758032472,0.6519777503500456
0.722351758032472,0.7750819522038656
0.722351758032472,0.5205489040939154
-1.3843670883058157,-1.4236857942628296
0.722351758032472,0.5850547905627047
0.722351758032472,0.6467930021411329
0.722351758032472,0.5230382673455375
0.722351758032472,1.4429362330917512
0.722351758032472,0.6601173167407609
-1.3843670883058157,-1.3519303379190521
0.722351758032472,1.3433311154242489
0.722351758032472,0.5432791700196787
-1.3843670883058157,-1.1594166454056904
-1.3843670883058157,-1.0565319564075328
0.722351758032472,-0.3879076644795185
0.722351758032472,0.48426860380564707
-1.3843670883058157,-1.0883954057920788
0.722351758032472,0.44094497362721485
0.722351758032472,1.4498482762174096
-1.3843670883058157,-0.5993489249208139
0.722351758032472,1.3029273751470116
-1.3843670883058157,-0.416728653848825
0.722351758032472,0.898094045186394
-1.3843670883058157,-1.097858085844275
0.722351758032472,0.7598138935495898
0.722351758032472,0.9398495052726988
-1.3843670883058157,-0.8438552337170346
0.722351758032472,0.3771171687544276
0.722351758032472,0.8336661514501517
0.722351758032472,0.41512403445712653
0.722351758032472,0.3771622976335125
-1.3843670883058157,-1.0821856205277292
0.722351758032472,1.3788239119583592
0.722351758032472,0.28749247283339807
0.722351758032472,1.4020357833511743
0.722351758032472,0.9067471373859722
0.722351758032472,0.9129336498895176
-1.3843670883058157,-1.1241942091544104
-1.3843670883058157,-0.694071662454244
0.722351758032472,1.402150129453986
-1.3843670883058157,-1.2653711625000936
0.722351758032472,0.5778206659635082
-1.3843670883058157,-1.0631379936193035
-1.3843670883058157,-1.1972541625884268
-1.3843670883058157,-1.0352362516536442
-1.3843670883058157,-1.530725614022714
0.722351758032472,0.80969822134917
0.722351758032472,0.7380573582722841
0.722351758032472,1.2095901407000516
0.722351758032472,1.139449414080933
-1.3843670883058157,-1.1448944677461537
0.722351758032472,0.7275363184264608
0.722351758032472,0.46394309461351946
0.722351758032472,0.35727296464938463
0.722351758032472,0.6204506311843706
0.722351758032472,0.3731212062473146
0.722351758032472,0.4162605727034183
0.722351758032472,1.0736028764182102
-1.3843670883058157,-1.074676468454617
0.722351758032472,0.4435962526842465
0.722351758032472,0.975622733587641
0.722351758032472,0.26537669535016717
0.722351758032472,0.5618476220445011
0.722351758032472,1.393422940393557
0.722351758032472,0.7222512994099978
-1.3843670883058157,-0.941995784947461
0.722351758032472,0.3454243143368738
-1.3843670883058157,-1.1086494691167155
0.722351758032472,1.371962483604209
-1.3843670883058157,-1.446174358673011
0.722351758032472,0.5958500419330989
-1.3843670883058157,-1.030333775519539
-1.3843670883058157,-0.9255067257716655
0.722351758032472,0.7675758477040285
0.722351758032472,0.11124935837739347
0.722351758032472,0.7918829706827307
0.722351758032472,0.4510715861425527
-1.3843670883058157,-1.3593082649997354
-1.3843670883058157,-1.0170317845753356
-1.3843670883058157,-0.9295187138558594
0.722351758032472,-0.47409536509953415
-1.3843670883058157,-1.2000768034335274
0.722351758032472,0.5292659788113306
0.722351758032472,0.7214589009660767
-1.3843670883058157,-1.4348194675641324
0.722351758032472,0.5455933006788994
-1.3843670883058157,-0.6534073748478422
0.722351758032472,0.29299085433419414
0.722351758032472,1.1697146563884946
0.722351758032472,0.771691305602742
-1.3843670883058157,-0.8256669031149789
-1.3843670883058157,-1.196045721512352
0.722351758032472,0.7616694271537775
0.722351758032472,0.13454028230352533
0.722351758032472,1.1342248374873298
0.722351758032472,0.6811804908773019
0.722351758032472,0.5611542342639443
0.722351758032472,0.3358289050551968
0.722351758032472,0.49182418912088977
-1.3843670883058157,-0.8298958612044056
0.722351758032472,0.36841869844826436
-1.3843670883058157,-1.1516438752052773
0.722351758032472,0.3432666719832842
0.722351758032472,-0.5788283689508531
0.722351758032472,0.25889208907985806
0.722351758032472,0.6522240914547873
-1.3843670883058157,-0.8836446085221052
0.722351758032472,0.4940918815048666
0.722351758032472,0.5455779963325506
0.722351758032472,0.5077942851654232
-1.3843670883058157,-0.5507622852529994
-1.3843670883058157,-1.4748956309100425
-1.3843670883058157,-0.7946187003546497
0.722351758032472,0.19273917039229893
0.722351758032472,1.03802001240678
0.722351758032472,0.5172769627793828
0.722351758032472,0.28982819833682716
-1.3843670883058157,-0.7747474127669993
0.722351758032472,0.3692959007537302
0.722351758032472,0.2487660575407823
0.722351758032472,1.3425028096911258
0.722351758032472,0.3943610364011696
0.722351758032472,0.7421984944510026
0.722351758032472,0.5362013910863227
-1.3843670883058157,-1.281688098777026
0.722351758032472,-0.27431125871621254
0.722351758032472,0.2842360246353133
0.722351758032472,0.5544087190633301
0.722351758032472,0.6174262135098841
-1.3843670883058157,-1.176131913879019
-1.3843670883058157,-1.3270723473118649
-1.3843670883058157,-1.0862267026217496
-1.3843670883058157,-1.2223587403934635
0.722351758032472,0.594581828967618
-1.3843670883058157,-1.0844241384079554
0.722351758032472,0.6885983159090113
-1.3843670883058157,-0.7295185313916597
0.722351758032472,1.299018570906477
0.722351758032472,0.8000893315402807
-1.3843670883058157,-0.49210262912660896
-1.3843670883058157,-1.2238754913008376
-1.3843670883058157,-1.076671557354608
-1.3843670883058157,-1.2520486408684932
0.722351758032472,0.22382709901573228
-1.3843670883058157,-1.2167156877830427
-1.3843670883058157,-1.4504522253880034
-1.3843670883058157,-0.6553548588359546
0.722351758032472,0.69277902978798
0.722351758032472,-0.16852353313623425
-1.3843670883058157,-1.1188549316617882
0.722351758032472,0.3761767218664056
0.722351758032472,0.7060915643636453
0.722351758032472,0.41486400489033604
0.722351758032472,0.610414185411894
0.722351758032472,0.6150924750115757
0.722351758032472,0.61646106063714
0.722351758032472,0.733661734439932
0.722351758032472,0.40843402853771293
-1.3843670883058157,-1.1866536611423348
-1.3843670883058157,-1.1643551845403097
0.722351758032472,0.7423336615273827
0.722351758032472,0.6830484763212769
0.722351758032472,0.5839728742427613
0.722351758032472,0.6877449843903481
0.722351758032472,1.3304360616668127
0.722351758032472,0.5750153250322393
0.722351758032472,0.8891445050405095
0.722351758032472,-0.4969741824043135
-1.3843670883058157,-0.7120778598925341
0.722351758032472,0.6497318142736505
-1.3843670883058157,-1.2614841665123766
0.722351758032472,0.5374678828349703
0.722351758032472,0.7941171939720112
0.722351758032472,1.3024260464391206
0.722351758032472,0.37522120680759485
0.722351758032472,0.721548215078664
0.722351758032472,0.8581258199061282
-1.3843670883058157,-1.4637063204037892
-1.3843670883058157,-1.5853606713141724
-1.3843670883058157,-1.2305617270538844
0.722351758032472,0.6713432709086472
-1.3843670883058157,-1.3468401350686796
-1.3843670883058157,-1.3259498191850578
-1.3843670883058157,-1.0758971985155932
0.722351758032472,1.4441578533263546
-1.3843670883058157,-0.7558849522451545
-1.3843670883058157,-1.260780124702392
0.722351758032472,0.5986419945017761
0.722351758032472,0.3742443830907459
0.722351758032472,0.8157670341595477
0.722351758032472,1.2687619538682369
-1.3843670883058157,-1.2682144565113471
0.722351758032472,0.6221823180093037
0.722351758032472,0.5893372529730675
0.722351758032472,0.616943956965912
0.722351758032472,0.6879041122085073
0.722351758032472,-0.5351588866872139
-1.3843670883058157,-0.43202285549126274
0.722351758032472,0.33480558351495415
0.722351758032472,1.259667276978913
0.722351758032472,0.4264910091887403
0.722351758032472,1.239050457640415
0.722351758032472,0.5722695661650915
0.722351758032472,-0.4250479208440425
-1.3843670883058157,-1.040290699592559
0.722351758032472,1.277875940835726
0.722351758032472,0.5186971551100225
0.722351758032472,-0.4132291372466259
0.722351758032472,1.2747704135351938
-1.3843670883058157,-1.2800420551844582
0.722351758032472,1.1317138811887792
-1.3843670883058157,-1.5787126285219601
-1.3843670883058157,-1.434871965599419
0.722351758032472,0.9814974467738219
0.722351758032472,1.1564469611479145
0.722351758032472,0.5359569835656733
0.722351758032472,1.1231812344933556
-1.3843670883058157,-0.7527894857672397
-1.3843670883058157,-1.32127918301246
0.722351758032472,0.8045763030584311
-1.3843670883058157,-1.0853656587959022
-1.3843670883058157,-0.5766771075906809
0.722351758032472,0.8098655446032464
0.722351758032472,0.4298373888312419
0.722351758032472,0.2113413528379452
0.722351758032472,0.5184523259076955
-1.3843670883058157,-1.2591435144319054
-1.3843670883058157,-1.0881202607830343
0.722351758032472,-0.009680234985881109
0.722351758032472,0.6216433823582875
-1.3843670883058157,-1.4893981712163928
0.722351758032472,1.0845086978117084
-1.3843670883058157,-1.5420325182395302
-1.3843670883058157,-1.1694290558691716
-1.3843670883058157,-0.9136124459118516
0.722351758032472,0.6845000271881542
0.722351758032472,-0.48807095808752526
-1.3843670883058157,-1.305232651175861
0.722351758032472,0.8519000787881984
0.722351758032472,0.6368959804813098
0.722351758032472,0.06974747153947214
0.722351758032472,1.4469456317461882
0.722351758032472,0.7366963802048704
-1.3843670883058157,-1.258411430013829
0.722351758032472,1.1270241724876309
0.722351758032472,-0.4980964454625517
0.722351758032472,0.4958190966573618
0.722351758032472,0.6671936923908205
-1.3843670883058157,-1.1119132708015411
0.722351758032472,0.3393873499754234
-1.3843670883058157,-1.167297465485782
0.722351758032472,0.4307164319462059
0.722351758032472,0.5873555816322796
0.722351758032472,0.45857306144643495
0.722351758032472,0.46567972903313093
-1.3843670883058157,-0.8978858629835366
-1.3843670883058157,-1.2200685690217403
0.722351758032472,0.7079167802222416
0.722351758032472,0.54904965922025
-1.3843670883058157,-0.652319167717458
-1.3843670883058157,-0.8226722829316561
0.722351758032472,0.6462095269664764
0.722351758032472,0.668458959158165
-1.3843670883058157,-1.6238736508119986
-1.3843670883058157,-1.27078044574497
0.722351758032472,0.4667312382616895
0.722351758032472,0.7771588207680659
-1.3843670883058157,-1.4317453728397325
0.722351758032472,0.3305844467074066
0.722351758032472,-0.4316768504898026
0.722351758032472,0.579491114085232
0.722351758032472,0.8464731640305762
-1.3843670883058157,-0.8402102859822773
0.722351758032472,0.552153734673147
0.722351758032472,0.5920536326196261
0.722351758032472,0.5547002662713657
-1.3843670883058157,-0.6774766727728894
-1.3843670883058157,-1.4859469676639654
-1.3843670883058157,-0.5490205255278968
0.722351758032472,-0.2509184283848054
0.722351758032472,0.5622616528217005
0.722351758032472,0.6561080801300011
-1.3843670883058157,-1.0028780335185394
0.722351758032472,0.4946475928698725
0.722351758032472,1.1294078072676306
-1.3843670883058157,-1.1174648069485023
0.722351758032472,0.4402121690551941
0.722351758032472,0.25527268898751587
0.722351758032472,-0.04191729858452958
0.722351758032472,0.23409339104921867
0.722351758032472,1.1612087610259008
-1.3843670883058157,-1.3681041704642278
-1.3843670883058157,-0.995113390257699
0.722351758032472,0.26630682805995853
0.722351758032472,0.8862209525409416
-1.3843670883058157,-1.1908752299123395
-1.3843670883058157,-1.2070209290408602
0.722351758032472,0.516871643232169
-1.3843670883058157,-1.3716503480148532
0.722351758032472,1.154450254293006
0.722351758032472,0.6134344648387474
0.722351758032472,0.7378298884406339
0.722351758032472,0.7950040577132745
0.722351758032472,-0.015076726769565063
-1.3843670883058157,-1.3099699870682644
-1.3843670883058157,-1.0335597911398118
-1.3843670883058157,-1.2814627788576964
0.722351758032472,0.6616846493310463
0.722351758032472,0.4023209176057314
0.722351758032472,0.9493365794256964
0.722351758032472,0.26217682825580235
0.722351758032472,0.8132538973899307
0.722351758032472,0.6319895342107423
0.722351758032472,1.089164957244511
0.722351758032472,0.7592952264697989
-1.3843670883058157,-1.4532042178001132
0.722351758032472,1.1208738233454145
-1.3843670883058157,-1.516341707312887
0.722351758032472,0.4017165708342615
0.722351758032472,0.3536596615824319
0.722351758032472,0.7492192122766813
-1.3843670883058157,-1.354827389112161
0.722351758032472,0.5039330868177697
-1.3843670883058157,-1.1585387387977133
0.722351758032472,0.3542550449445765
0.722351758032472,0.6962392893443453
0.722351758032472,0.28581853432841475
0.722351758032472,0.5670065452562375
0.722351758032472,0.49306346062034645
-1.3843670883058157,-1.5487422901904786
-1.3843670883058157,-1.589340620993959
0.722351758032472,1.4915098006165248
0.722351758032472,0.4075734305755264
0.722351758032472,0.28123828541838625
-1.3843670883058157,-1.196752915871091
0.722351758032472,0.7951948598490132
0.722351758032472,0.8442870401585482
0.722351758032472,0.6878544231010787
0.722351758032472,0.6059949247260009
0.722351758032472,0.5533074572429443
0.722351758032472,1.1159051985365331
0.722351758032472,0.2585331595903757
-1.3843670883058157,-1.0759093867120857
0.722351758032472,1.3256451574595847
0.722351758032472,-0.534671972227557
0.722351758032472,1.3661208533545945
-1.3843670883058157,-1.5519181376098619
0.722351758032472,1.1889725967128446
0.722351758032472,0.44643356445358406
0.722351758032472,0.4423102355843971
0.722351758032472,1.0250630622632086
0.722351758032472,-0.5116158742951912
-1.3843670883058157,-1.1213874620310869
0.722351758032472,1.1454835808823507
0.722351758032472,-0.5492486616221975
0.722351758032472,0.6934308154340473
-1.3843670883058157,-1.420351987377955
-1.3843670883058157,-1.2991873683398008
0.722351758032472,0.5010837652911634
-1.3843670883058157,-1.142676468593592
0.722351758032472,0.5213587343642291
0.722351758032472,0.450053426899483
-1.3843670883058157,-1.3330402428651842
-1.3843670883058157,-1.2697024312489278
-1.3843670883058157,-1.2031671758572786
0.722351758032472,-0.13791769893579997
0.722351758032472,0.009228128585692219
0.722351758032472,0.649695391503642
0.722351758032472,0.5749873295723748
0.722351758032472,0.8071170647943945
0.722351758032472,0.5328086777531046
-1.3843670883058157,-1.3735103704791838
-1.3843670883058157,-0.8531723179097275
0.722351758032472,0.33107583354751047
-1.3843670883058157,-1.104790910160229
-1.3843670883058157,-1.3148699790232417
0.722351758032472,0.25070123005921474
0.722351758032472,0.6949112434726864
0.722351758032472,0.400217948965355
-1.3843670883058157,-1.1843000800482186
0.722351758032472,1.350428059632177
0.722351758032472,0.6132190607307694
0.722351758032472,0.3918181218287534
0.722351758032472,0.3335688263253075
0.722351758032472,1.1123093564942534
0.722351758032472,1.179866445093281
0.722351758032472,0.3888628498247959
-1.3843670883058157,-1.4587296273308348
0.722351758032472,1.1617648261320088
0.722351758032472,0.3479484847478418
-1.3843670883058157,-0.7277605899720581
-1.3843670883058157,-0.6187252164549295
0.722351758032472,0.2953633710475494
-1.3843670883058157,-1.3447788211643854
0.722351758032472,0.23649934601852096
0.722351758032472,-0.6444084239110048
0.722351758032472,1.4526926742459296
-1.3843670883058157,-1.3019938676066547
0.722351758032472,1.254513221633696
0.722351758032472,0.3442112503922109
-1.3843670883058157,-1.4632845267168357
0.722351758032472,0.6756274552337603
-1.3843670883058157,-0.8237043127013535
0.722351758032472,0.3306494862038365
0.722351758032472,-0.32540157712834317
-1.3843670883058157,-1.0795423457958118
-1.3843670883058157,-1.5117635596969325
0.722351758032472,0.3758041353495437
-1.3843670883058157,-1.445785903173145
-1.3843670883058157,-1.1521573529736826
0.722351758032472,0.5567047677868603
0.722351758032472,0.4860955189973938
0.722351758032472,0.3141761319787121
0.722351758032472,0.24597238943938082
0.722351758032472,-0.42731967085509615
0.722351758032472,0.4727185949176099
0.722351758032472,1.32775582599246
-1.3843670883058157,-0.8606869678052499
0.722351758032472,1.0193739492025458
-1.3843670883058157,-1.1785869711090506
0.722351758032472,0.4546206688160781
-1.3843670883058157,-0.689031903156633
-1.3843670883058157,-0.9468533379292069
0.722351758032472,0.47056531020561854
-1.3843670883058157,-0.7269910628029715
-1.3843670883058157,-0.7510668857987919
0.722351758032472,1.3962926302069203
0.722351758032472,0.5035068076149144
-1.3843670883058157,-0.8923722976383137
0.722351758032472,0.04326909127728018
0.722351758032472,1.0330651110616889
0.722351758032472,0.8885505952324152
0.722351758032472,0.5803858894400723
-1.3843670883058157,-1.4706225649838187
-1.3843670883058157,-1.2332157138170565
-1.3843670883058157,-0.7576727605037503
0.722351758032472,0.2556314403407782
-1.3843670883058157,-0.8756885797388497
0.722351758032472,0.7734705227898501
0.722351758032472,0.4596916709605843
0.722351758032472,1.1006308884934248
0.722351758032472,0.9927840845115411
-1.3843670883058157,-1.2242867030999454
0.722351758032472,0.4480354081452962
0.722351758032472,0.5685149015680989
-1.3843670883058157,-1.4420865433172758
0.722351758032472,1.4257533884603082
0.722351758032472,-0.2150107696047871
0.722351758032472,0.00329537445607353
0.722351758032472,0.4440966417364317
0.722351758032472,0.45671777150883597
-1.3843670883058157,-1.4121929554724566
0.722351758032472,1.0349841057397904
0.722351758032472,0.6006031741953147
0.722351758032472,0.7557984946009436
0.722351758032472,0.6495306656872838
0.722351758032472,0.5157003582181866
0.722351758032472,1.1381411834762405
-1.3843670883058157,-1.1915999805182054
-1.3843670883058157,-1.0442260910539507
0.722351758032472,0.6069728788049803
-1.3843670883058157,-1.4791870659884157
0.722351758032472,1.403086134051076
0.722351758032472,0.5121331203315597
-1.3843670883058157,-1.2502939066169825
-1.3843670883058157,-1.451896890578608
0.722351758032472,0.4442053671100702
0.722351758032472,0.42121438102424724
0.722351758032472,0.6029634355086592
0.722351758032472,0.40316109777239306
0.722351758032472,-0.4288408609102305
0.722351758032472,1.2374014797695176
0.722351758032472,0.9490132409930757
0.722351758032472,0.2928681232613928
-1.3843670883058157,-0.8024822605240581
0.722351758032472,0.2685175962701132
0.722351758032472,0.5538655679662058
-1.3843670883058157,-0.6873921322077883
0.722351758032472,0.09387720417608669
-1.3843670883058157,-1.2526894230083294
-1.3843670883058157,-1.389496050158396
0.722351758032472,-0.38018547123330376
0.722351758032472,0.9961401576523615
0.722351758032472,0.68564238966446
0.722351758032472,-0.4106122867426152
0.722351758032472,1.1724312795250595
0.722351758032472,0.45197810222943635
-1.3843670883058157,-0.6750399700180855
-1.3843670883058157,-1.1880608318514125
0.722351758032472,-0.06816554365077354
-1.3843670883058157,-1.2580220835909863
0.722351758032472,0.6764500587222976
0.722351758032472,0.8517907066532796
-1.3843670883058157,-1.2463455143596476
-1.3843670883058157,-1.4401465734344776
-1.3843670883058157,-1.1834953547154432
0.722351758032472,0.485157508864955
0.722351758032472,0.5605301128683106
0.722351758032472,1.277052087567487
0.722351758032472,0.4521487972791447
-1.3843670883058157,-0.794842824673053
0.722351758032472,0.8756249347721553
0.722351758032472,1.010481694082198
-1.3843670883058157,-0.8849054294253693
-1.3843670883058157,-1.0905237812429243
0.722351758032472,-0.5067551921647949
0.722351758032472,0.8815972579885735
0.722351758032472,-0.4418254502651753
-1.3843670883058157,-1.205873978298429
0.722351758032472,1.3260585012566288
-1.3843670883058157,-1.200053014655051
0.722351758032472,1.2206488662126374
0.722351758032472,0.9433447473688655
0.722351758032472,1.144777139569419
0.722351758032472,0.6218216294190483
-1.3843670883058157,-0.4064150154142596
0.722351758032472,0.5623779161711823
0.722351758032472,1.2359927013912362
0.722351758032472,1.4803178937603647
0.722351758032472,0.7218913451019874
0.722351758032472,1.1261118950715105
0.722351758032472,1.3254939859775061
0.722351758032472,-0.6077870012385304
0.722351758032472,0.5759312759916483
0.722351758032472,-0.7476760892104009
0.722351758032472,0.6331820432942025
0.722351758032472,0.28306133409108203
-1.3843670883058157,-0.9817122140008168
0.722351758032472,0.6917564981908232
0.722351758032472,0.7726210379900528
0.722351758032472,0.41549524729693066
-1.3843670883058157,-0.6645894261587129
0.722351758032472,0.5504164666448793
0.722351758032472,0.7949589228272304
-1.3843670883058157,-0.9934645156345239
-1.3843670883058157,-0.614057870344225
-1.3843670883058157,-1.1082046266989436
0.722351758032472,1.1354200344765473
0.722351758032472,0.04257840234008792
-1.3843670883058157,-1.4841220299423226
0.722351758032472,-0.24102243602433138
0.722351758032472,0.562357854389507
0.722351758032472,0.7944592704642951
0.722351758032472,0.6268507969763543
0.722351758032472,0.1396192958175987
-1.3843670883058157,-1.3181071018371626
-1.3843670883058157,-0.8704520750577722
0.722351758032472,1.0581545081360648
0.722351758032472,0.37719190636147504
0.722351758032472,0.3450079673964873
0.722351758032472,0.4181064472176299
0.722351758032472,0.4074875209364308
0.722351758032472,0.5979989620787073
0.722351758032472,0.1025023519550321
0.722351758032472,1.3561727692864833
-1.3843670883058157,-0.7062559793093371
0.722351758032472,0.21585583153059296
-1.3843670883058157,-0.5670777526627523
0.722351758032472,0.33997541775841233
-1.3843670883058157,-1.2451312152638288
0.722351758032472,0.40572552622357183
-1.3843670883058157,-1.2869654133584982
0.722351758032472,1.429116129635998
0.722351758032472,-0.3417733939474792
0.722351758032472,1.0723216080140596
-1.3843670883058157,-0.8045587228114173
0.722351758032472,-0.6178460534701231
-1.3843670883058157,-1.1753264842630022
-1.3843670883058157,-1.226361634475793
-1.3843670883058157,-1.4970512982825004
-1.3843670883058157,-1.3850485844827967
0.722351758032472,0.5206502924971458
0.722351758032472,0.6950754649767824
0.722351758032472,0.40043482576453404
0.722351758032472,1.3586419233189697
0.722351758032472,0.7837416516023911
0.722351758032472,0.6047066385952794
0.722351758032472,0.7987659326552187
0.722351758032472,0.8669754017531747
-1.3843670883058157,-0.9088462207478731
-1.3843670883058157,-1.2132341937001416
0.722351758032472,0.40133807102306085
0.722351758032472,0.2927365264388475
-1.3843670883058157,-0.9853754739108551
0.722351758032472,0.5797353057249667
-1.3843670883058157,-1.403413210028341
-1.3843670883058157,-1.4594668925853116
0.722351758032472,0.3763757626403933
-1.3843670883058157,-1.336765483723691
-1.3843670883058157,-1.5095071648952385
0.722351758032472,0.4586745137874225
-1.3843670883058157,-1.0126593652173255
-1.3843670883058157,-1.0798354090821018
0.722351758032472,0.9737255757803157
-1.3843670883058157,-1.2047966854445853
0.722351758032472,1.2920849877883054
-1.3843670883058157,-1.2262241047017888
-1.3843670883058157,-1.1028592452611463
0.722351758032472,0.270819318798031
0.722351758032472,0.3938553836282408
0.722351758032472,0.26370565527568157
0.722351758032472,1.2179135686777625
0.722351758032472,0.3150573026668634
-1.3843670883058157,-1.243936497412379
0.722351758032472,0.414366082581205
0.722351758032472,1.15139254119992
0.722351758032472,0.9378262428448428
0.722351758032472,0.601649082765228
0.722351758032472,0.6085128187254097
-1.3843670883058157,-1.6318371260501587
-1.3843670883058157,-1.5158646608793764
-1.3843670883058157,-1.1400731561705304
-1.3843670883058157,-1.064036690687573
0.722351758032472,1.4386204184582834
0.722351758032472,0.23626574867074657
0.722351758032472,0.5088256614934866
0.722351758032472,1.228726998593034
0.722351758032472,-0.6377902452479387
0.722351758032472,0.385246419912348
-1.3843670883058157,-0.7763271954507904
0.722351758032472,0.5767550975015131
-1.3843670883058157,-1.4091170556690815
0.722351758032472,-0.33513246925478857
-1.3843670883058157,-0.6122822525052922
0.722351758032472,1.2932918660422623
-1.3843670883058157,-1.244394750564069
-1.3843670883058157,-0.6926983531795883
0.722351758032472,0.4924744613344417
0.722351758032472,0.48589374129069796
0.722351758032472,0.4201238203971245
0.722351758032472,0.352688181361108
0.722351758032472,-0.4252460498310105
0.722351758032472,0.9856478894175565
0.722351758032472,0.4924608352723855
0.722351758032472,0.811964678782246
0.722351758032472,0.3054513917061381
0.722351758032472,0.8913494562450394
0.722351758032472,0.3585690815777678
0.722351758032472,0.6613261058245491
-1.3843670883058157,-0.698904903082767
0.722351758032472,0.364699465679576
0.722351758032472,0.730051603817388
0.722351758032472,0.42017947703490255
0.722351758032472,1.3398358546529145
0.722351758032472,1.204327299800446
0.722351758032472,0.7351024908150098
0.722351758032472,0.45107708051757045
-1.3843670883058157,-1.0893465219321763
0.722351758032472,1.1503999299837449
0.722351758032472,0.34923346685135503
-1.3843670883058157,-0.9801419888815638
0.722351758032472,1.3623065276672937
0.722351758032472,0.47418890384493606
-1.3843670883058157,-1.5849612874454664
0.722351758032472,1.15152218863384
-1.3843670883058157,-0.9789215714894546
0.722351758032472,0.8757859900385535
0.722351758032472,1.3507442998103918
0.722351758032472,1.2136184485181247
0.722351758032472,-0.24584960866621913
0.722351758032472,0.3324143713391967
0.722351758032472,0.5525518580727592
0.722351758032472,0.53856654581063
0.722351758032472,1.0072027193291144
0.722351758032472,0.10572723259365491
0.722351758032472,1.3253895866664323
-1.3843670883058157,-1.0629691820874732
-1.3843670883058157,-1.1125777291218903
0.722351758032472,1.3903704429341714
0.722351758032472,1.0961937129918446
-1.3843670883058157,-1.533095680868838
-1.3843670883058157,-1.1785485921451408
0.722351758032472,1.4601702530449412
0.722351758032472,0.7138368242298517
-1.3843670883058157,-1.0491877312541247
0.722351758032472,0.1974930544080309
-1.3843670883058157,-1.5167377926262162
-1.3843670883058157,-1.0691790000982284
-1.3843670883058157,-0.775593727485343
-1.3843670883058157,-1.3632500655342576
0.722351758032472,0.8502724365825823
0.722351758032472,1.2608497060285893
0.722351758032472,1.2834167839881512
0.722351758032472,1.3733774744963476
0.722351758032472,1.246530867122921
0.722351758032472,-0.3283257469328539
0.722351758032472,0.404722446750414
-1.3843670883058157,-1.0769095331145402
-1.3843670883058157,-1.2450250421755964
-1.3843670883058157,-0.8820143763586777
0.722351758032472,0.2787946662030014
-1.3843670883058157,-1.2929055792913386
-1.3843670883058157,-1.298780831679493
0.722351758032472,0.5408072791203805
0.722351758032472,0.3497446485551582
0.722351758032472,0.33860763047795717
-1.3843670883058157,-1.1113590358306342
-1.3843670883058157,-0.8720753636971017
0.722351758032472,0.8670356872281267
0.722351758032472,0.47385892582692435
0.722351758032472,0.21073518880700304
-1.3843670883058157,-0.9747304679671072
0.722351758032472,1.1837138904145954
0.722351758032472,-0.588217245534407
0.722351758032472,1.2982221869070574
0.722351758032472,0.5083950668710494
0.722351758032472,1.0879645707580354
-1.3843670883058157,-0.5741516994053302
-1.3843670883058157,-1.1383107052789931
0.722351758032472,0.8529649613871862
0.722351758032472,0.3389726256094635
0.722351758032472,0.5652203515641959
0.722351758032472,0.3037378980025198
0.722351758032472,1.0318240899418067
-1.3843670883058157,-0.934538556909976
0.722351758032472,-0.3265378239152556
0.722351758032472,0.6876350864618824
-1.3843670883058157,-1.09863463780897
-1.3843670883058157,-1.3172598814929601
0.722351758032472,0.6723012334377886
0.722351758032472,-0.5970914384310353
-1.3843670883058157,-1.347037289470566
0.722351758032472,1.2196018510218511
0.722351758032472,1.1526056047269302
0.722351758032472,0.7270124927508502
-1.3843670883058157,-0.4488622240623233
-1.3843670883058157,-1.352528924566985
0.722351758032472,0.4365587264741384
-1.3843670883058157,-1.3861434846628224
0.722351758032472,0.3201251944521468
-1.3843670883058157,-1.2520429649719564
0.722351758032472,0.3385669487317512
0.722351758032472,0.408031512074128
-1.3843670883058157,-1.1918751116124497
0.722351758032472,0.7048918180701914
0.722351758032472,0.44029145888568155
0.722351758032472,0.9231419725483986
0.722351758032472,-0.01804669665347014
0.722351758032472,1.0366985706529834
0.722351758032472,1.2432537361791383
-1.3843670883058157,-0.5649613609573784
0.722351758032472,0.49237952731421386
0.722351758032472,0.16096298372683493
0.722351758032472,1.1538759528907652
-1.3843670883058157,-1.0380793171404301
-1.3843670883058157,-1.1587962801023366
-1.3843670883058157,-1.3596773082470364
0.722351758032472,1.2926542695922514
0.722351758032472,0.39568644208114134
0.722351758032472,0.3990723327045471
0.722351758032472,0.4207017760948367
0.722351758032472,0.38908179222231
-1.3843670883058157,-1.6787836851989013
0.722351758032472,0.6996363362255734
0.722351758032472,1.104268787241768
-1.3843670883058157,-1.3714980745751002
-1.3843670883058157,-1.243631094878701
0.722351758032472,0.4860831778142206
0.722351758032472,0.6732371371560896
0.722351758032472,1.3383133711708783
0.722351758032472,1.2762747316387375
0.722351758032472,0.5467117112214056
0.722351758032472,0.6486425915800832
0.722351758032472,1.324004200483277
0.722351758032472,0.7665529949113968
0.722351758032472,1.3432406994364188
0.722351758032472,0.15476901532248866
0.722351758032472,0.18987011794770592
-1.3843670883058157,-1.1015100869133299
0.722351758032472,0.556197252327174
-1.3843670883058157,-1.4314389559471608
0.722351758032472,-0.4624384494850373
0.722351758032472,0.6489460817194265
-1.3843670883058157,-1.1335197337566116
0.722351758032472,0.6595241675397706
0.722351758032472,0.7101729545382652
-1.3843670883058157,-1.375354086372069
0.722351758032472,0.2595762750802726
-1.3843670883058157,-1.2115900702827926
-1.3843670883058157,-0.6896247883290723
0.722351758032472,1.0583624791973651
-1.3843670883058157,-1.2259426523227952
0.722351758032472,-0.360755027333109
0.722351758032472,0.6869846277462733
0.722351758032472,0.4246100676554153
-1.3843670883058157,-1.0148660964566623
-1.3843670883058157,-1.1895613006810586
0.722351758032472,0.7751080242505858
-1.3843670883058157,-1.1433395662418362
-1.3843670883058157,-1.3063937681538798
-1.3843670883058157,-1.2576799204986195
0.722351758032472,0.32872635551331886
0.722351758032472,0.41527068540843715
0.722351758032472,-0.21877493977900409
0.722351758032472,0.554916634175571
-1.3843670883058157,-1.127975281965609
0.722351758032472,0.6529726866213629
0.722351758032472,0.8823181700353958
0.722351758032472,1.1986230388976002
0.722351758032472,0.2631627909261871
0.722351758032472,0.06042341702590548
-1.3843670883058157,-1.2584050662142081
0.722351758032472,0.27341037702769355
0.722351758032472,-0.38272872330378804
0.722351758032472,0.4575283135658694
-1.3843670883058157,-1.3501406219616918
0.722351758032472,0.6032785674684885
0.722351758032472,0.6413009935970478
0.722351758032472,0.481197571395939
0.722351758032472,0.9054319753001393
0.722351758032472,0.23223310854614354
0.722351758032472,0.44954410623849306
0.722351758032472,1.2309757291835473
0.722351758032472,1.169027389108015
0.722351758032472,0.0925570341021158
-1.3843670883058157,-1.150323071199881
-1.3843670883058157,-0.6449795442209465
0.722351758032472,0.5045967099142928
0.722351758032472,1.0448983045415785
-1.3843670883058157,-1.330293145896018
0.722351758032472,0.5903705166730445
0.722351758032472,1.2057767040539664
0.722351758032472,0.39722686103947824
-1.3843670883058157,-1.2798626450523694
0.722351758032472,0.5452815212217995
0.722351758032472,0.514422563969506
-1.3843670883058157,-1.3811344720743675
0.722351758032472,1.476015119920743
0.722351758032472,0.9962418283193549
0.722351758032472,1.2356653526056531
0.722351758032472,0.731962909557819
0.722351758032472,0.5967205565447159
-1.3843670883058157,-0.9777473716142902
-1.3843670883058157,-1.4304888313030588
0.722351758032472,1.4855995276916039
0.722351758032472,1.0070872700806408
0.722351758032472,-0.6901836519961086
0.722351758032472,0.5785208051751908
0.722351758032472,0.4017392780877964
0.722351758032472,0.5578867751585855
0.722351758032472,1.2053493915020677
0.722351758032472,0.6725696638608064
-1.3843670883058157,-1.1922625991903937
-1.3843670883058157,-1.086220546117047
0.722351758032472,0.7066739879418059
0.722351758032472,0.8701681861472598
0.722351758032472,0.339039571612324
0.722351758032472,0.33065142906642797
0.722351758032472,1.277301306284789
0.722351758032472,1.0319970602083743
0.722351758032472,0.835491052812832
-1.3843670883058157,-0.8648806179805814
0.722351758032472,0.7383769463826239
-1.3843670883058157,-0.8618132150214184
-1.3843670883058157,-0.7083821254668745
0.722351758032472,0.4566272321252376
0.722351758032472,0.40306444254039686
-1.3843670883058157,-0.6938219118987532
0.722351758032472,1.3334323307213376
-1.3843670883058157,-0.7743265389754819
0.722351758032472,1.45066803994315
-1.3843670883058157,-1.3271955862173679
0.722351758032472,0.29089434609702025
-1.3843670883058157,-1.103055170831138
0.722351758032472,0.6959598281640421
-1.3843670883058157,-1.1226164498671398
-1.3843670883058157,-1.1477263517551717
0.722351758032472,0.44198078476376224
0.722351758032472,0.43013439193263137
0.722351758032472,0.29489789530246147
-1.3843670883058157,-1.2925759168027082
0.722351758032472,0.4780832148689017
-1.3843670883058157,-1.9697836871475292
-1.3843670883058157,-0.8259231667996059
0.722351758032472,1.0356953827768693
-1.3843670883058157,-0.9098740345869016
0.722351758032472,1.2594493408141298
0.722351758032472,0.48192791626307663
-1.3843670883058157,-0.9327305167493014
-1.3843670883058157,-1.0519876309284624
-1.3843670883058157,-1.117159225109818
0.722351758032472,0.48197129060088095
0.722351758032472,0.4852980595966262
-1.3843670883058157,-1.034396292416165
0.722351758032472,0.23803821217215182
-1.3843670883058157,-0.8663327307892934
-1.3843670883058157,-0.9225753945283299
0.722351758032472,0.2014374994599084
0.722351758032472,0.5130600373750148
0.722351758032472,0.429231246838634
0.722351758032472,-0.18439215594098968
0.722351758032472,0.6955788196926901
0.722351758032472,0.6605237590464855
-1.3843670883058157,-1.0384595650415118
-1.3843670883058157,-0.7845341276869062
0.722351758032472,1.0970343405630087
0.722351758032472,0.36237613726212414
-1.3843670883058157,-0.8560089130703162
0.722351758032472,0.2673412557948063
0.722351758032472,0.5316959554649646
-1.3843670883058157,-1.0974326676980302
0.722351758032472,1.09603368737356
0.722351758032472,-0.18214347361835803
0.722351758032472,-0.4124738833778645
0.722351758032472,0.6361074998713104
0.722351758032472,0.45225527175808766
-1.3843670883058157,-1.4259552466609304
0.722351758032472,0.05164534146229527
0.722351758032472,0.8282616684378955
0.722351758032472,0.40900704806536614
0.722351758032472,-0.37623769749975067
-1.3843670883058157,-0.9452145199905196
-1.3843670883058157,-1.3087365072496866
0.722351758032472,-0.5372446720255105
0.722351758032472,1.1811036935338626
-1.3843670883058157,-1.4032556886101222
-1.3843670883058157,-1.01090402316555
0.722351758032472,1.0517155254599402
0.722351758032472,0.30317198808309853
0.722351758032472,0.5860717279299924
0.722351758032472,0.5534782547096077
0.722351758032472,0.8721029565235491
0.722351758032472,0.5590916036394303
0.722351758032472,0.5630194694660798
-1.3843670883058157,-1.0512020498383294
0.722351758032472,0.5321129769923615
0.722351758032472,1.2014651633323323
0.722351758032472,0.8211654575944015
0.722351758032472,0.5425950379464789
-1.3843670883058157,-0.8214697560775941
0.722351758032472,1.0549958642991215
0.722351758032472,0.6914294378476998
-1.3843670883058157,-1.1609453954577909
0.722351758032472,0.538813457521179
-1.3843670883058157,-1.1515456798928925
0.722351758032472,0.6186253390666138
-1.3843670883058157,-0.9341557857691931
0.722351758032472,0.6128531777704517
-1.3843670883058157,-1.2533660377400442
0.722351758032472,1.1512285909540245
0.722351758032472,1.0308428940903829
-1.3843670883058157,-0.9384610754018502
0.722351758032472,0.4891425972629734
0.722351758032472,0.40058674797869354
-1.3843670883058157,-0.6404194726692167
-1.3843670883058157,-1.1096274807781832
0.722351758032472,-0.06582766598490397
0.722351758032472,-0.09758196017712761
-1.3843670883058157,-0.6322827237446538
0.722351758032472,1.115737941407808
-1.3843670883058157,-1.3214081632292538
0.722351758032472,-0.09314063164381431
0.722351758032472,-0.5696107370607847
-1.3843670883058157,-0.8584800295957536
0.722351758032472,1.0751934831431358
0.722351758032472,0.41835507812545214
-1.3843670883058157,-0.9826216872872792
0.722351758032472,0.7648207583830641
-1.3843670883058157,-1.4856630882861674
0.722351758032472,-0.5331160659984839
0.722351758032472,0.273320079505705
-1.3843670883058157,-0.9702586680157163
0.722351758032472,-0.0733825301206692
0.722351758032472,0.7105050041418272
0.722351758032472,0.8866398557956893
-1.3843670883058157,-0.5711158414623569
0.722351758032472,0.4708602951815334
-1.3843670883058157,-1.3054002855383677
0.722351758032472,0.45956979438641976
0.722351758032472,0.665911992257724
-1.3843670883058157,-1.250915901814861
0.722351758032472,-0.2392969537393188
-1.3843670883058157,-1.0596163937789522
0.722351758032472,-0.39014262989324006
0.722351758032472,0.6150758605201397
0.722351758032472,0.4664142496117729
0.722351758032472,0.9246393601457049
-1.3843670883058157,-1.4951620790837663
0.722351758032472,0.8668844544965585
0.722351758032472,0.488411127475194
-1.3843670883058157,-1.2762883849442137
0.722351758032472,0.9230832727998023
0.722351758032472,0.5010524376844802
0.722351758032472,1.068553062710273
-1.3843670883058157,-1.256216003426666
-1.3843670883058157,-2.1941024736068355
0.722351758032472,1.0506319662254184
0.722351758032472,0.9194933010099798
-1.3843670883058157,-1.3429386273662587
0.722351758032472,0.4897004735174607
0.722351758032472,-0.3379328047077991
0.722351758032472,-0.5284913330789768
0.722351758032472,-0.6055524782539998
-1.3843670883058157,-1.2650873375170326
-1.3843670883058157,-1.019642242756936
0.722351758032472,0.7006205230120345
0.722351758032472,1.1255073973459515
0.722351758032472,0.698727188380564
-1.3843670883058157,-1.197266048564337
-1.3843670883058157,-1.6615076518521938
0.722351758032472,0.6497345752081313
0.722351758032472,0.8178923631562479
0.722351758032472,0.5675516554901333
-1.3843670883058157,-1.5197182222427892
0.722351758032472,0.3273492403581393
-1.3843670883058157,-1.1948379016518562
0.722351758032472,0.36817586022384063
-1.3843670883058157,-1.0361486700293097
0.722351758032472,0.4422143589846501
-1.3843670883058157,-1.0231884729915903
0.722351758032472,0.578888835268177
-1.3843670883058157,-0.9368284335065946
0.722351758032472,0.790028688904603
-1.3843670883058157,-0.8484028872317316
-1.3843670883058157,-2.2100163625626443
0.722351758032472,0.9329535260729654
0.722351758032472,0.4809487526111039
-1.3843670883058157,-1.0052207253462042
0.722351758032472,0.9964466724638542
-1.3843670883058157,-0.7395412434366528
0.722351758032472,1.074287267784951
0.722351758032472,0.5091659049203866
-1.3843670883058157,-1.2388482365508704
-1.3843670883058157,-0.906718268777003
-1.3843670883058157,-1.5444503136979293
-1.3843670883058157,-1.0913348277064268
-1.3843670883058157,-1.0781202252201627
0.722351758032472,0.4499890531299947
0.722351758032472,0.5503425750287881
-1.3843670883058157,-1.4738186117457428
0.722351758032472,-0.5596125512908703
0.722351758032472,-0.4897903470378216
0.722351758032472,-0.45214568509489
0.722351758032472,0.07849571867814686
0.722351758032472,0.5679275788073862
0.722351758032472,0.5987761246798887
0.722351758032472,0.4361809779057103
0.722351758032472,0.2714557686706871
0.722351758032472,0.7198738143453692
0.722351758032472,0.546806671692294
0.722351758032472,0.6228853012343633
0.722351758032472,1.364862563123415
0.722351758032472,0.4607780153046709
-1.3843670883058157,-1.0608507014898727
-1.3843670883058157,-0.9852615243360271
-1.3843670883058157,-1.0337820321585496
0.722351758032472,0.696343863342391
0.722351758032472,0.5974563014261206
-1.3843670883058157,-1.3153428463206303
0.722351758032472,1.284672673157917
-1.3843670883058157,-0.6974822492723354
-1.3843670883058157,-1.2767235637864682
0.722351758032472,0.2264441010066972
-1.3843670883058157,-1.2793128388554753
0.722351758032472,1.1351846666527527
0.722351758032472,0.5862214757202618
-1.3843670883058157,-1.0960635079764842
0.722351758032472,0.7246462417478611
0.722351758032472,0.4976855508033807
-1.3843670883058157,-1.1431287731282795
-1.3843670883058157,-1.5634861668182092
0.722351758032472,0.8995314691511801
-1.3843670883058157,-1.3278992400468863
0.722351758032472,1.1752974071938125
-1.3843670883058157,-0.5489039256909864
-1.3843670883058157,-0.9315550471000797
0.722351758032472,0.7260936131209138
0.722351758032472,1.1289250939999675
0.722351758032472,0.5910857752753725
0.722351758032472,-0.6385201791032593
0.722351758032472,0.5352489847589638
0.722351758032472,0.8137611381720219
0.722351758032472,0.47140468714066763
0.722351758032472,0.4044831419240662
0.722351758032472,0.563172259579597
0.722351758032472,0.41566116053068025
-1.3843670883058157,-1.0555381856040738
0.722351758032472,0.37879159816829444
0.722351758032472,0.55626974927486
-1.3843670883058157,-1.1104982178597906
-1.3843670883058157,-1.041136624356461
0.722351758032472,0.6596484346095192
0.722351758032472,-0.720622217466078
0.722351758032472,1.1506126043676441
0.722351758032472,0.7757464579326522
0.722351758032472,0.7519988664285343
0.722351758032472,0.3316254575309694
0.722351758032472,-0.465844197891191
0.722351758032472,0.7706343941448864
0.722351758032472,0.4845811932185037
-1.3843670883058157,-1.2772909642637553
0.722351758032472,0.6007135466823369
0.722351758032472,0.9578927563825291
-1.3843670883058157,-0.8922537852216943
0.722351758032472,0.7810605583512925
0.722351758032472,1.2391625924353895
0.722351758032472,0.5324821859127317
0.722351758032472,0.558425666872601
0.722351758032472,0.47491856301196833
0.722351758032472,1.3251804335049684
-1.3843670883058157,-1.4227922562109214
0.722351758032472,0.39296145710318353
-1.3843670883058157,-1.2977542287767212
-1.3843670883058157,-1.1346870085398342
0.722351758032472,0.590243034336052
0.722351758032472,-0.3983218485631683
-1.3843670883058157,-0.7456690206065875
0.722351758032472,0.52743505642828
0.722351758032472,0.5947514374054327
0.722351758032472,-0.19804222648321101
-1.3843670883058157,-0.9519857432474667
0.722351758032472,0.35142673831998017
-1.3843670883058157,-1.0065472585155533
-1.3843670883058157,-1.0347259928261356
0.722351758032472,0.36191472077386233
0.722351758032472,-0.49896981603561263
-1.3843670883058157,-1.3555381985563657
0.722351758032472,0.35924460402881087
0.722351758032472,0.7536421024014984
-1.3843670883058157,-1.1904043386857803
0.722351758032472,-0.5879859866136748
0.722351758032472,0.4998541715864776
0.722351758032472,0.31136037958652585
0.722351758032472,0.5503612847232185
0.722351758032472,0.6322093275908841
-1.3843670883058157,-0.7874443759600178
0.722351758032472,-0.5004546470117867
-1.3843670883058157,-1.3236069843453342
0.722351758032472,0.4085394983690671
0.722351758032472,1.2325332578668595
-1.3843670883058157,-0.5488569003754259
0.722351758032472,0.3064856907959228
-1.3843670883058157,-0.7447118691661264
0.722351758032472,0.5877340986193994
0.722351758032472,0.556679456638243
-1.3843670883058157,-0.8589510601414544
0.722351758032472,1.0371637364368533
-1.3843670883058157,-0.7155478953954606
0.722351758032472,0.8178316028165479
-1.3843670883058157,-1.174594184631339
0.722351758032472,0.11178966987486183
-1.3843670883058157,-1.42273637738635
0.722351758032472,0.5293303442098175
0.722351758032472,0.4793395989237137
-1.3843670883058157,-0.5888384836418915
0.722351758032472,0.8950753271083022
0.722351758032472,0.4804990448240559
-1.3843670883058157,-1.180845361596144
-1.3843670883058157,-0.5988524001872534
0.722351758032472,0.2918425275159491
-1.3843670883058157,-1.3889421720376105
0.722351758032472,-0.5310330895656463
0.722351758032472,1.1694413815473772
0.722351758032472,1.392316115566146
0.722351758032472,0.5044728910879507
0.722351758032472,0.40380463882046946
-1.3843670883058157,-1.3359263545182123
0.722351758032472,0.2790915681468018
0.722351758032472,0.5353718982284729
-1.3843670883058157,-1.2594714334597548
0.722351758032472,1.3247777326619725
0.722351758032472,0.6013167054899934
-1.3843670883058157,-1.3418959125871255
-1.3843670883058157,-1.076218142990418
0.722351758032472,0.35597742890926054
0.722351758032472,0.5513806816825849
0.722351758032472,0.34075776172700545
0.722351758032472,0.5371931582421668
-1.3843670883058157,-1.912414748687822
-1.3843670883058157,-1.1212026631454173
-1.3843670883058157,-1.0754802422392233
-1.3843670883058157,-1.0703973079345244
0.722351758032472,1.1839549401648504
0.722351758032472,1.4106601177527498
0.722351758032472,1.2835117357809898
-1.3843670883058157,-1.1510835149555165
-1.3843670883058157,-1.0638774499849246
0.722351758032472,0.5596565972541175
-1.3843670883058157,-0.8744252761909789
-1.3843670883058157,-1.2531765008376676
0.722351758032472,0.42154721865333145
-1.3843670883058157,-0.6990156167507425
0.722351758032472,1.3547824700228248
-1.3843670883058157,-0.7232178395303713
-1.3843670883058157,-1.1333182519493532
0.722351758032472,0.8806128000769685
-1.3843670883058157,-1.1567951585959533
0.722351758032472,0.37954921771610617
0.722351758032472,0.4010203797985644
-1.3843670883058157,-0.6509001318108687
0.722351758032472,1.12873307003824
0.722351758032472,0.44560893126102286
0.722351758032472,0.5442881998811678
0.722351758032472,0.38022110324010217
-1.3843670883058157,-0.8976596672639016
0.722351758032472,1.4377025351557098
-1.3843670883058157,-1.3473978781219884
-1.3843670883058157,-1.2950166276830357
-1.3843670883058157,-1.2284094796493163
0.722351758032472,-0.4256001478061834
-1.3843670883058157,-1.1942409413532507
0.722351758032472,1.262721267603855
-1.3843670883058157,-0.8188595187012572
0.722351758032472,1.0210721396869125
-1.3843670883058157,-0.7766648036313998
0.722351758032472,0.3021210809065843
0.722351758032472,0.4099189502734173
-1.3843670883058157,-1.2004606016292338
0.722351758032472,-0.25402487668771717
0.722351758032472,0.4506756429465042
0.722351758032472,0.6281462932546317
0.722351758032472,1.1782512704640657
-1.3843670883058157,-1.2575031374974581
0.722351758032472,0.4076665531026211
0.722351758032472,0.6084249176398998
-1.3843670883058157,-1.3575029145678053
0.722351758032472,0.7043847760529073
-1.3843670883058157,-0.8377503587448554
-1.3843670883058157,-0.9622334759996047
0.722351758032472,0.37908516751195065
-1.3843670883058157,-0.8731432880962715
0.722351758032472,0.6279286435048356
0.722351758032472,0.8860174224620704
0.722351758032472,1.0498983922430076
0.722351758032472,0.3412878241827473
0.722351758032472,1.2649157449935289
-1.3843670883058157,-1.1741814467727067
0.722351758032472,0.19479218624119587
0.722351758032472,0.6706552532312843
-1.3843670883058157,-1.0437825121698328
0.722351758032472,0.36652681468832626
0.722351758032472,0.6122603783186679
0.722351758032472,1.4066138286380676
-1.3843670883058157,-0.962373329391538
-1.3843670883058157,-1.1771694656690883
0.722351758032472,0.5831719045889782
0.722351758032472,0.42929737919654254
-1.3843670883058157,-1.145049204462993
-1.3843670883058157,-1.2514665419274842
-1.3843670883058157,-0.9706105282543098
0.722351758032472,0.9798753338002087
0.722351758032472,1.3351659305340977
0.722351758032472,0.37538535691222197
0.722351758032472,1.0301053383525298
0.722351758032472,0.6479088291368432
-1.3843670883058157,-0.6947700182769324
-1.3843670883058157,-1.3026859637884942
0.722351758032472,1.249163137054257
-1.3843670883058157,-0.7524314148726312
0.722351758032472,-0.48498243302574345
0.722351758032472,0.9431080203044208
0.722351758032472,0.6266743358609942
0.722351758032472,0.808151538303043
0.722351758032472,-0.7038169688286091
-1.3843670883058157,-1.1567634625191947
0.722351758032472,0.45164884402451977
0.722351758032472,0.43738899674167686
0.722351758032472,0.8952384565922428
0.722351758032472,0.5306749572759549
-1.3843670883058157,-1.3161126492204533
0.722351758032472,0.37032788183918997
0.722351758032472,0.559317237714574
0.722351758032472,0.4045171938972655
-1.3843670883058157,-0.8951800305727754
0.722351758032472,-0.5790175739253312
0.722351758032472,0.3982370776296654
-1.3843670883058157,-1.0366146527959896
-1.3843670883058157,-1.5947469807034653
0.722351758032472,0.40388985966640667
0.722351758032472,0.9378464388471272
0.722351758032472,0.4372340810066543
0.722351758032472,0.5359923475818645
0.722351758032472,1.0299122789855062
0.722351758032472,1.2324973131122685
-1.3843670883058157,-1.4004422340054745
0.722351758032472,1.0042452908516872
0.722351758032472,0.6856836807480503
0.722351758032472,1.0734296283834492
0.722351758032472,0.3246206615777092
-1.3843670883058157,-1.498915913933704
0.722351758032472,0.2756327979835653
0.722351758032472,0.08442673958752533
-1.3843670883058157,-0.7892258334233286
0.722351758032472,1.2995332752850044
0.722351758032472,0.5224906499907981
0.722351758032472,-0.4834985495201273
0.722351758032472,-0.5419716813567627
0.722351758032472,0.3855444753119822
0.722351758032472,1.0246045142727156
0.722351758032472,0.617912109109468
-1.3843670883058157,-0.6278478687935236
-1.3843670883058157,-0.7983754034368906
-1.3843670883058157,-0.9868297735550873
0.722351758032472,0.5429094834938492
0.722351758032472,0.6023121340245753
0.722351758032472,1.6073508885068137
0.722351758032472,0.6144533433216125
-1.3843670883058157,-1.0766686442861577
-1.3843670883058157,-0.7005428603607615
0.722351758032472,0.4128225226671878
-1.3843670883058157,-1.3457622361893675
-1.3843670883058157,-1.039416371438105
0.722351758032472,0.45289789282221016
-1.3843670883058157,-1.434540007325408
0.722351758032472,0.43078216558335636
-1.3843670883058157,-1.6222607131212619
0.722351758032472,0.4064103127602896
0.722351758032472,0.7461468626168161
-1.3843670883058157,-1.2796150694415915
0.722351758032472,-0.27313046565444044
0.722351758032472,0.9304099165487959
0.722351758032472,0.029456204559059285
-1.3843670883058157,-2.134619819485743
0.722351758032472,0.30210749050591057
0.722351758032472,0.4222718033336842
-1.3843670883058157,-0.8669698535664212
0.722351758032472,0.4411805014979382
0.722351758032472,0.6370416369805655
-1.3843670883058157,-1.3848564281498286
0.722351758032472,0.6609350284043479
-1.3843670883058157,-1.595448193718009
-1.3843670883058157,-1.1420154646425649
0.722351758032472,0.840455646266178
-1.3843670883058157,-0.6061890803822411
0.722351758032472,0.20716916018785547
-1.3843670883058157,-1.3834168319855957
-1.3843670883058157,-1.2075264923575117
-1.3843670883058157,-1.2369805995661234
0.722351758032472,0.5590972643784872
-1.3843670883058157,-1.234650013687919
-1.3843670883058157,-0.6985302901206794
0.722351758032472,0.7308202276557832
0.722351758032472,1.0407039147958148
0.722351758032472,0.3871657173005859
0.722351758032472,1.1218837066479437
0.722351758032472,0.7836935692231287
-1.3843670883058157,-1.3242419500375218
-1.3843670883058157,-1.241213583386688
0.722351758032472,0.5942914363511432
0.722351758032472,0.07184600776335104
0.722351758032472,0.5665209246543123
0.722351758032472,0.4311726256345765
0.722351758032472,1.3342950084275733
-1.3843670883058157,-0.9959777724504305
0.722351758032472,0.6241168522935377
-1.3843670883058157,-1.3502689273574542
-1.3843670883058157,-1.0692676408035655
0.722351758032472,1.3111385331794532
-1.3843670883058157,-1.4730334134617884
0.722351758032472,1.2834066435014466
-1.3843670883058157,-1.24896189589526
0.722351758032472,0.5049884222035458
-1.3843670883058157,-0.8837598358160788
0.722351758032472,0.5076295839335357
-1.3843670883058157,-0.8964420589024459
-1.3843670883058157,-1.4455631707258896
0.722351758032472,-0.4972037072951701
0.722351758032472,0.7409961413774279
0.722351758032472,0.46425869586382995
0.722351758032472,0.5100358136300062
0.722351758032472,0.6512484977219503
-1.3843670883058157,-1.2513181873652472
-1.3843670883058157,-0.9923584610006351
0.722351758032472,-0.06791619559399087
0.722351758032472,1.201212168516836
0.722351758032472,1.1969784829917742
-1.3843670883058157,-1.2010911576190555
0.722351758032472,0.5901166796826643
0.722351758032472,0.8291249534108479
-1.3843670883058157,-1.2095665443602845
0.722351758032472,0.5924541305209284
-1.3843670883058157,-1.1394343122073773
0.722351758032472,0.5593898539032126
-1.3843670883058157,-1.2422775268895783
0.722351758032472,0.4080960573237137
-1.3843670883058157,-0.5938981134746092
-1.3843670883058157,-1.1136783577790346
0.722351758032472,0.530073969477927
-1.3843670883058157,-0.5947334442225783
-1.3843670883058157,-1.4948700931897068
0.722351758032472,0.453306953285059
0.722351758032472,0.19258134847018282
0.722351758032472,0.4638876920875531
-1.3843670883058157,-1.1146041466185768
0.722351758032472,0.723681966624023
-1.3843670883058157,-1.392977046567919
0.722351758032472,0.1430308708483462
-1.3843670883058157,-1.2505707601847196
0.722351758032472,-0.27300562425725233
0.722351758032472,0.34175948776432363
0.722351758032472,0.17632508150152626
-1.3843670883058157,-1.178373392309155
0.722351758032472,0.5602177955352748
0.722351758032472,0.6790992723935293
0.722351758032472,-0.3756272109911285
-1.3843670883058157,-1.5141877818765328
-1.3843670883058157,-1.31982867377938
0.722351758032472,0.6220147118109128
0.722351758032472,1.1640410625639723
-1.3843670883058157,-0.9442996624861608
-1.3843670883058157,-0.5670478910859231
0.722351758032472,0.4591926530222076
-1.3843670883058157,-1.4691183716337668
0.722351758032472,0.49092503898584317
0.722351758032472,0.39013941916793615
-1.3843670883058157,-1.0031375186912883
0.722351758032472,0.6186886016054697
0.722351758032472,0.1443350750973167
0.722351758032472,0.47626288712999676
0.722351758032472,0.4585482611000812
-1.3843670883058157,-0.8435805055973408
0.722351758032472,0.5313274296193334
0.722351758032472,0.44841830865422727
-1.3843670883058157,-1.236182554674428
-1.3843670883058157,-1.3352901163234498
0.722351758032472,0.24697109700129616
0.722351758032472,-0.18098743224195035
-1.3843670883058157,-1.2908843120292999
0.722351758032472,0.5097872663826516
0.722351758032472,0.24959864504990836
0.722351758032472,0.4748328270675788
0.722351758032472,1.2932913183063035
0.722351758032472,0.9596204394686078
0.722351758032472,0.5284481976021266
-1.3843670883058157,-1.2378630304085199
0.722351758032472,0.793849895929209
-1.3843670883058157,-1.0032510020853918
0.722351758032472,0.27098382826975986
0.722351758032472,-0.22486663692924858
0.722351758032472,0.35423726854281945
0.722351758032472,0.10249915100576812
0.722351758032472,0.26469059605839296
0.722351758032472,-0.3784529275337466
-1.3843670883058157,-0.9063974580775851
0.722351758032472,0.5284183351118267
0.722351758032472,0.4846213647552614
0.722351758032472,-0.6429522527816557
0.722351758032472,0.6176756019462523
-1.3843670883058157,-1.2658150172060083
-1.3843670883058157,-1.310366046434451
-1.3843670883058157,-0.533985109151489
0.722351758032472,0.4256935247289263
0.722351758032472,0.37110966823854874
0.722351758032472,0.6856400440143952
0.722351758032472,0.5940787163926876
0.722351758032472,0.5292409714383798
0.722351758032472,0.6652428760611219
-1.3843670883058157,-1.1749220949501746
0.722351758032472,0.8227378725169444
0.722351758032472,0.7541040400637659
0.722351758032472,-0.45704166251378764
0.722351758032472,-0.5875653673518436
-1.3843670883058157,-0.9603447460860884
-1.3843670883058157,-1.3687628723047292
0.722351758032472,0.5950398524470427
-1.3843670883058157,-0.789356618790177
-1.3843670883058157,-1.5391992270412516
0.722351758032472,0.41835131353791977
-1.3843670883058157,-0.8477357549806976
0.722351758032472,1.1128330528815256
0.722351758032472,0.7634174802596408
0.722351758032472,0.3391206400148057
0.722351758032472,0.7399438292076587
-1.3843670883058157,-1.1579529178213899
0.722351758032472,0.4534890488600509
0.722351758032472,0.4322168976990267
0.722351758032472,0.14772363234089614
0.722351758032472,0.4555215030963522
-1.3843670883058157,-1.0763825437365697
0.722351758032472,1.3639703045532103
0.722351758032472,0.5312111657636222
0.722351758032472,0.5699409106713517
0.722351758032472,1.204575733141282
-1.3843670883058157,-1.3343753431819798
0.722351758032472,1.3640005724015185
0.722351758032472,0.7400650593879793
0.722351758032472,1.0977195513590665
0.722351758032472,1.1664695637559377
-1.3843670883058157,-1.2106045331263586
-1.3843670883058157,-0.7196310245342428
0.722351758032472,1.0979939872459434
0.722351758032472,0.37558351010462254
0.722351758032472,0.5517155531535337
0.722351758032472,-0.06843004889639559
0.722351758032472,0.6295737345461804
0.722351758032472,0.6807634047727577
0.722351758032472,0.5919971654201338
-1.3843670883058157,-1.2568223719557838
0.722351758032472,0.44738135034170423
-1.3843670883058157,-1.1871089238292374
0.722351758032472,0.4859801731322172
0.722351758032472,0.22240237434882715
0.722351758032472,0.43609847265514834
0.722351758032472,0.36654743257048317
-1.3843670883058157,-0.7443743853245742
-1.3843670883058157,-1.1548982706885336
0.722351758032472,0.784166753103302
-1.3843670883058157,-1.0922349932337774
0.722351758032472,-0.5722569621174317
-1.3843670883058157,-1.048735304286263
0.722351758032472,0.20098611781720988
0.722351758032472,0.4076062908010385
0.722351758032472,1.331642050608933
0.722351758032472,0.22376382590011612
0.722351758032472,-0.40599725758141175
0.722351758032472,0.9996415647147819
0.722351758032472,0.37150758361047376
0.722351758032472,0.5331296209832287
0.722351758032472,0.924149328039097
0.722351758032472,-0.5463676022499778
0.722351758032472,1.2229267424521106
0.722351758032472,-0.412794144060011
-1.3843670883058157,-0.8667008444466419
0.722351758032472,0.5679274915936817
0.722351758032472,0.37855083286553426
0.722351758032472,0.5998118513940457
0.722351758032472,0.5298048940687424
0.722351758032472,1.1887811961307526
-1.3843670883058157,-1.0610330716105887
0.722351758032472,0.2230759735140131
-1.3843670883058157,-0.7525653214928487
0.722351758032472,-0.5963906829495993
0.722351758032472,0.5171703900677042
-1.3843670883058157,-0.8245157554005734
0.722351758032472,0.2937263651217097
0.722351758032472,-0.5311471537839768
-1.3843670883058157,-0.986457009805399
0.722351758032472,1.019999009090546
0.722351758032472,0.5745015923720785
0.722351758032472,0.31654503162677305
0.722351758032472,0.6581293638287505
0.722351758032472,0.5677013781532437
0.722351758032472,0.390758370342566
-1.3843670883058157,-1.2383618094916207
0.722351758032472,1.0306014643823591
0.722351758032472,0.5657547631710586
-1.3843670883058157,-1.1453525574963113
0.722351758032472,0.5240372517850543
-1.3843670883058157,-1.0546791561934052
-1.3843670883058157,-1.164930610204542
0.722351758032472,0.35682836027705855
0.722351758032472,0.6038552358011452
0.722351758032472,1.4622286112651461
0.722351758032472,1.156604974028462
-1.3843670883058157,-0.9346294512105273
-1.3843670883058157,-1.124251187678097
-1.3843670883058157,-1.1939159656867404
0.722351758032472,0.47509959788134903
0.722351758032472,-0.31803049242221737
0.722351758032472,0.6259497230090606
-1.3843670883058157,-1.2873417237381015
0.722351758032472,1.363806035553265
0.722351758032472,0.3715384565588371
-1.3843670883058157,-1.331879162503444
0.722351758032472,1.3062932791517743
0.722351758032472,0.8000791292750346
-1.3843670883058157,-1.0709064360739888
-1.3843670883058157,-1.0045362005595178
0.722351758032472,0.5248431233055068
0.722351758032472,0.8741565746752843
0.722351758032472,0.21781803354778106
0.722351758032472,0.3936705650015806
-1.3843670883058157,-0.6127843772448106
0.722351758032472,0.6994305059599645
0.722351758032472,-0.28957830481678465
0.722351758032472,0.33055098520155934
0.722351758032472,1.450213280331209
0.722351758032472,1.3834841414716168
-1.3843670883058157,-1.5619175308061743
0.722351758032472,-0.5579928226028281
0.722351758032472,0.34047662023671577
0.722351758032472,0.3323312720994649
0.722351758032472,0.44959895678882333
-1.3843670883058157,-1.4759794059281885
-1.3843670883058157,-1.3871847393501722
0.722351758032472,0.5008435197276789
0.722351758032472,0.2590052293065451
-1.3843670883058157,-0.7814098684199833
-1.3843670883058157,-0.8346888521502005
-1.3843670883058157,-1.2068866507326204
0.722351758032472,1.260105850977319
0.722351758032472,0.43190020704391463
0.722351758032472,0.22291460392235607
0.722351758032472,0.5681093083745928
0.722351758032472,0.38947712675710155
0.722351758032472,0.5234748458930584
0.722351758032472,0.33777138581473
-1.3843670883058157,-1.207217705309594
0.722351758032472,0.44895145439172524
-1.3843670883058157,-1.530938386193141
-1.3843670883058157,-0.8681284233194133
-1.3843670883058157,-1.3402982068983604
0.722351758032472,-0.07431360230325823
-1.3843670883058157,-1.1680346311754106
0.722351758032472,0.26836420833507124
0.722351758032472,0.6904639759002299
-1.3843670883058157,-1.018811951531195
0.722351758032472,0.626632772762803
0.722351758032472,1.0255389454329378
0.722351758032472,0.4809258765547687
-1.3843670883058157,-1.1572947186639393
0.722351758032472,0.5741934794900282
0.722351758032472,0.1020647631024737
0.722351758032472,-0.12477604506605722
0.722351758032472,0.47293221350811887
-1.3843670883058157,-1.192200674102242
-1.3843670883058157,-1.1079891580487073
0.722351758032472,0.44921088553676936
0.722351758032472,0.7437575339170089
-1.3843670883058157,-0.9646499054847968
-1.3843670883058157,-1.0976275200017351
0.722351758032472,1.2902855722578064
0.722351758032472,1.3297210320923893
0.722351758032472,-0.5264000519387354
-1.3843670883058157,-1.148476357481897
-1.3843670883058157,-1.2455327590808023
-1.3843670883058157,-1.4022256532929203
0.722351758032472,-0.179898907997115
0.722351758032472,0.16544097792051105
-1.3843670883058157,-1.1618575884623805
0.722351758032472,0.5912438370614083
0.722351758032472,1.390662163350194
0.722351758032472,0.37162733343773435
-1.3843670883058157,-1.0219183667189817
0.722351758032472,0.5692114750055167
0.722351758032472,0.4931350773101727
-1.3843670883058157,-1.0050419166135
0.722351758032472,0.5444949388004471
0.722351758032472,0.256262359051053
0.722351758032472,0.06273172245392955
0.722351758032472,0.5820051627597304
0.722351758032472,1.3068587120772515
0.722351758032472,0.8278415678575136
0.722351758032472,0.1749248000816086
-1.3843670883058157,-0.8139771547438768
-1.3843670883058157,-1.2101202569419134
-1.3843670883058157,-1.1869603461280214
-1.3843670883058157,-1.1891058199131532
0.722351758032472,0.5092522481371259
-1.3843670883058157,-0.6122742986578849
0.722351758032472,0.6112924542487322
0.722351758032472,1.1964144529500924
0.722351758032472,-0.22245133157765706
0.722351758032472,1.090599627033495
0.722351758032472,0.7538713334204704
0.722351758032472,0.39693163917599783
-1.3843670883058157,-1.6245769910894143
0.722351758032472,0.18537728896882766
0.722351758032472,0.43235712003309057
0.722351758032472,0.3504911142831877
0.722351758032472,1.0152755644871414
0.722351758032472,-0.08681943439400541
-1.3843670883058157,-1.3584708935981984
0.722351758032472,1.1538064175497356
0.722351758032472,0.3637913382205107
-1.3843670883058157,-0.6200390268521732
-1.3843670883058157,-1.2788723160954916
0.722351758032472,0.6826188629404729
0.722351758032472,0.43830500060185984
0.722351758032472,0.49141848480112327
0.722351758032472,0.3525874375218251
-1.3843670883058157,-0.9051059696784435
0.722351758032472,0.5291796382726265
0.722351758032472,-0.5161872030427909
-1.3843670883058157,-1.335877424629986
0.722351758032472,0.2971270546790996
-1.3843670883058157,-1.6065574349804845
-1.3843670883058157,-0.9388861733425431
-1.3843670883058157,-1.086207428490634
0.722351758032472,0.34855956546951616
0.722351758032472,0.520504028557914
-1.3843670883058157,-0.6709488875968533
-1.3843670883058157,-0.8256075229193568
-1.3843670883058157,-0.9863234049500367
0.722351758032472,-0.46427639846082
0.722351758032472,0.19931424240449147
0.722351758032472,0.5877889994034077
0.722351758032472,0.6673559503489842
0.722351758032472,0.6065650335086928
0.722351758032472,-0.18501475633638875
-1.3843670883058157,-1.3128818956650554
0.722351758032472,0.3502206766533218
-1.3843670883058157,-1.0920185074064643
-1.3843670883058157,-1.1162829694946388
-1.3843670883058157,-1.251267661837015
0.722351758032472,0.356164730110322
0.722351758032472,1.33183116720658
0.722351758032472,1.3634515425332685
0.722351758032472,1.2062136064607074
0.722351758032472,0.42826753289208686
0.722351758032472,0.3826714453216218
0.722351758032472,0.6130003959860159
0.722351758032472,0.4761289567898148
0.722351758032472,0.9525558821177266
-1.3843670883058157,-1.4680452111742124
0.722351758032472,1.0325571657293864
0.722351758032472,0.3655557685723506
0.722351758032472,1.0341828200927545
0.722351758032472,0.8464444194223978
-1.3843670883058157,-1.0668087173304226
-1.3843670883058157,-1.1121213292312304
0.722351758032472,0.4478246106513808
0.722351758032472,-0.5464815876273103
0.722351758032472,0.42640415345766447
-1.3843670883058157,-1.2371358085019357
0.722351758032472,0.6830630596860557
0.722351758032472,0.807059149001644
-1.3843670883058157,-1.3230283944138899
-1.3843670883058157,-1.2083691365068814
0.722351758032472,0.3544525835115069
0.722351758032472,0.6335736568216203
0.722351758032472,-0.6861053089694527
-1.3843670883058157,-1.106137197001149
-1.3843670883058157,-1.0737846081443307
-1.3843670883058157,-0.956798680596888
0.722351758032472,0.2559505195308718
0.722351758032472,0.20645261186900798
0.722351758032472,0.5743696008512279
0.722351758032472,1.3593100487511567
0.722351758032472,0.25912136048530543
0.722351758032472,0.6317179410270738
-1.3843670883058157,-1.0010853870634038
0.722351758032472,0.8622591093644217
0.722351758032472,0.05325510068662609
-1.3843670883058157,-0.9374946266796998
0.722351758032472,0.7962116842754471
-1.3843670883058157,-1.2119298486402696
-1.3843670883058157,-1.2878875573585398
0.722351758032472,1.1119054778975546
0.722351758032472,-0.4743164039179427
0.722351758032472,0.21278638020349216
0.722351758032472,0.7908165539085473
-1.3843670883058157,-1.2573052889680745
-1.3843670883058157,-1.0069899117186554
-1.3843670883058157,-1.370980945080755
-1.3843670883058157,-1.4851875875837242
0.722351758032472,1.325770101107358
0.722351758032472,-0.49556055273794036
0.722351758032472,0.4683602749881902
0.722351758032472,0.6027692596445019
-1.3843670883058157,-1.1864091694643284
-1.3843670883058157,-1.1951226801187191
0.722351758032472,1.1528861372752521
-1.3843670883058157,-0.6740438517493568
0.722351758032472,-0.6190787525105932
-1.3843670883058157,-1.5575013146675256
0.722351758032472,0.39800191709076826
0.722351758032472,0.5936409032646927
0.722351758032472,0.8272483913727501
0.722351758032472,0.7939946734073654
0.722351758032472,0.5816348579766558
0.722351758032472,0.9383068727807339
0.722351758032472,0.5981599334403865
0.722351758032472,0.46334028044330733
0.722351758032472,0.5978996898851531
0.722351758032472,-0.3865225573034572
-1.3843670883058157,-1.2060587177804398
-1.3843670883058157,-1.257052887372314
-1.3843670883058157,-1.0833908942119184
0.722351758032472,0.5848955782395874
0.722351758032472,0.4976987775011458
0.722351758032472,0.6050934331714771
0.722351758032472,1.318329776293691
0.722351758032472,0.4623650931971024
-1.3843670883058157,-1.1819016050684312
0.722351758032472,0.37340092931824154
-1.3843670883058157,-1.148740227461444
0.722351758032472,1.237287511318474
-1.3843670883058157,-1.2620578785418837
-1.3843670883058157,-0.7049554016023798
-1.3843670883058157,-1.3501488582187873
0.722351758032472,-0.6278853916153715
-1.3843670883058157,-1.2196904347272106
0.722351758032472,1.2701244065233976
-1.3843670883058157,-0.9811205898504648
-1.3843670883058157,-0.8262062397369534
0.722351758032472,-0.2811109292625067
0.722351758032472,1.1951228718678335
0.722351758032472,0.3708030266808223
-1.3843670883058157,-1.4932787943793913
0.722351758032472,1.291029159459896
-1.3843670883058157,-1.0818740384156764
0.722351758032472,0.37510141352442306
0.722351758032472,0.695820269807672
0.722351758032472,1.1042909686327098
-1.3843670883058157,-0.9462286644144635
0.722351758032472,0.9543621187927332
0.722351758032472,0.47284487413487974
-1.3843670883058157,-1.2460186143421448
0.722351758032472,0.6986709283102627
0.722351758032472,-0.30814336615326304
0.722351758032472,0.2468429748772023
0.722351758032472,0.6216162480763373
0.722351758032472,0.5575050794728179
0.722351758032472,0.5270010599335092
-1.3843670883058157,-0.9979649771986556
0.722351758032472,0.6915762599164271
0.722351758032472,0.2939677645788974
0.722351758032472,0.9898354784190729
0.722351758032472,-0.4998922657344229
0.722351758032472,0.3503354523883263
0.722351758032472,0.9328772164652422
-1.3843670883058157,-1.2825458515965844
0.722351758032472,0.33481665130165716
-1.3843670883058157,-1.0509831298148784
-1.3843670883058157,-0.9545636594964474
0.722351758032472,1.1845787774515646
-1.3843670883058157,-1.262500850847468
0.722351758032472,0.5330886446548792
0.722351758032472,0.40852954369113836
0.722351758032472,0.7033047660796267
-1.3843670883058157,-1.4708437786932718
-1.3843670883058157,-1.4354600449016992
-1.3843670883058157,-1.0505001535254839
0.722351758032472,1.179190456105799
0.722351758032472,1.37185051433966
0.722351758032472,0.2943758317162901
-1.3843670883058157,-1.1046237826929817
0.722351758032472,-0.46903202890735674
-1.3843670883058157,-1.3926007060976051
0.722351758032472,1.39466568886459
-1.3843670883058157,-1.2839224042065944
0.722351758032472,-0.48339685485851375
0.722351758032472,1.134553119361021
0.722351758032472,1.2998727174538196
0.722351758032472,0.9943631963874332
0.722351758032472,0.2802941029672612
0.722351758032472,0.4610040101615227
0.722351758032472,0.37481217183689886
0.722351758032472,0.21038565681490395
0.722351758032472,0.2014550190444726
0.722351758032472,0.20516714672044345
0.722351758032472,0.9881200847557267
0.722351758032472,1.1133649600897875
0.722351758032472,0.4429242796234625
-1.3843670883058157,-1.2056383134187048
0.722351758032472,0.5666099205188789
0.722351758032472,0.8498811693488107
0.722351758032472,0.12393629573999776
0.722351758032472,-0.35445217112209604
-1.3843670883058157,-1.0881581242179643
-1.3843670883058157,-1.208202583545887
0.722351758032472,0.6055851653309167
0.722351758032472,0.9154462134258087
0.722351758032472,0.5175036000030934
-1.3843670883058157,-1.1142581927421458
0.722351758032472,1.157606572408488
-1.3843670883058157,-0.8183676235203785
-1.3843670883058157,-1.291923702429992
-1.3843670883058157,-1.2098880950367192
-1.3843670883058157,-1.6019602925775298
0.722351758032472,0.4778446823314515
-1.3843670883058157,-0.9767041452901284
0.722351758032472,0.5304453213166068
0.722351758032472,1.1209283293185095
0.722351758032472,-0.3853353505322896
0.722351758032472,0.5611973202744033
0.722351758032472,1.33339690307464
-1.3843670883058157,-1.4205096520189344
0.722351758032472,0.6040111435395114
0.722351758032472,0.9016530729807436
0.722351758032472,-0.20448708115371073
-1.3843670883058157,-1.5149076167375866
0.722351758032472,-0.5955394967243075
-1.3843670883058157,-0.857268724101458
0.722351758032472,0.45593673528708667
0.722351758032472,0.5577126638246152
0.722351758032472,0.7610413151369676
0.722351758032472,0.3767984963051556
-1.3843670883058157,-1.454452739093373
-1.3843670883058157,-1.1816198446861605
-1.3843670883058157,-1.354417325026788
0.722351758032472,0.5707182008133754
-1.3843670883058157,-1.0662550697896012
-1.3843670883058157,-1.3782702204807369
0.722351758032472,0.568209298536562
0.722351758032472,0.26898629495020077
-1.3843670883058157,-0.8194035419626483
-1.3843670883058157,-1.3576524781889203
-1.3843670883058157,-1.058352685154965
0.722351758032472,0.4666417877318795
0.722351758032472,-0.2419292535289732
0.722351758032472,1.16775750653209
-1.3843670883058157,-1.2661436050356394
-1.3843670883058157,-1.109123843564263
0.722351758032472,1.005933039866409
0.722351758032472,1.3323522455883934
0.722351758032472,1.418178208297988
0.722351758032472,0.26389921136619643
0.722351758032472,0.6064877050100078
0.722351758032472,0.36389488958787153
0.722351758032472,0.4092249791977548
0.722351758032472,0.36086208433744416
0.722351758032472,0.33949770502188703
0.722351758032472,1.3459930720435302
0.722351758032472,0.3638023025856806
0.722351758032472,0.5560251126674117
0.722351758032472,0.7931859456678062
0.722351758032472,0.7434518142481682
-1.3843670883058157,-1.4490115119576146
0.722351758032472,0.5108953403975446
0.722351758032472,0.18844259882152992
-1.3843670883058157,-0.8056782173440007
-1.3843670883058157,-1.1441317548836978
-1.3843670883058157,-1.3307904999118243
0.722351758032472,1.0597096852548225
0.722351758032472,0.6874242292097564
-1.3843670883058157,-1.0139826724195458
-1.3843670883058157,-0.673998468383783
-1.3843670883058157,-1.2785110511594118
-1.3843670883058157,-0.9724572048785493
0.722351758032472,0.5087631842844492
0.722351758032472,0.43031317303526007
0.722351758032472,0.4236958229964287
0.722351758032472,-0.42134157239950853
0.722351758032472,0.5015643246893494
-1.3843670883058157,-1.0699439927505012
-1.3843670883058157,-0.5196878235649723
0.722351758032472,0.41743373412362506
0.722351758032472,-0.019138408639885307
0.722351758032472,-0.42658273403129704
0.722351758032472,0.0012421255741598136
0.722351758032472,0.3983080752226842
-1.3843670883058157,-1.2659502876353088
-1.3843670883058157,-0.8458470932613988
-1.3843670883058157,-1.1081424005495524
-1.3843670883058157,-1.291799480963257
0.722351758032472,0.5157923950977418
-1.3843670883058157,-1.3789314502080638
0.722351758032472,-0.31681673587883236
-1.3843670883058157,-1.5080908375794744
0.722351758032472,0.5799859367992569
-1.3843670883058157,-1.078555204637357
0.722351758032472,-0.49727500060714264
0.722351758032472,0.43726617286229175
0.722351758032472,0.2783419059411081
0.722351758032472,0.7076616000467845
0.722351758032472,0.7515883359228582
0.722351758032472,0.36954839453617794
0.722351758032472,1.0830101169922974
0.722351758032472,0.5237231609946801
0.722351758032472,0.6381048123238423
0.722351758032472,0.29582013729464296
-1.3843670883058157,-1.146784890675864
0.722351758032472,0.6038606305903224
0.722351758032472,0.6232194644137398
0.722351758032472,1.0296046366698746
0.722351758032472,0.8948356482994043
-1.3843670883058157,-0.6005269590578866
0.722351758032472,0.47333052512752416
0.722351758032472,0.7318084161781665
0.722351758032472,0.5930796315892449
0.722351758032472,1.49712436587137
-1.3843670883058157,-0.8168193749705261
0.722351758032472,0.734346214701524
0.722351758032472,0.11085567682934894
0.722351758032472,1.3322470587468507
0.722351758032472,0.542252800012183
-1.3843670883058157,-0.9689470631390505
0.722351758032472,0.9568029387691473
0.722351758032472,-0.2733172132445812
0.722351758032472,1.2121920260565626
0.722351758032472,1.1181866381896808
0.722351758032472,1.1323369228593974
-1.3843670883058157,-0.9898690785117619
0.722351758032472,0.5820215584086842
0.722351758032472,0.5987772256198461
0.722351758032472,0.5383623270248429
0.722351758032472,-0.16605702976477033
0.722351758032472,-0.20601672853185038
0.722351758032472,1.2361668273087574
-1.3843670883058157,-1.5307785413684778
0.722351758032472,0.44089954582878244
0.722351758032472,0.38969982520019486
0.722351758032472,0.7986014790845778
0.722351758032472,0.44015681376114435
0.722351758032472,0.8325281920180826
0.722351758032472,0.3689972554307429
0.722351758032472,-0.3476757048682404
0.722351758032472,0.6336908816467012
0.722351758032472,0.38578935930963376
0.722351758032472,0.6724710917062794
-1.3843670883058157,-1.2235592218170646
0.722351758032472,0.709047592705841
-1.3843670883058157,-0.7846308207470427
-1.3843670883058157,-1.0522312725121725
0.722351758032472,0.2577244033409539
-1.3843670883058157,-1.2908090890341912
-1.3843670883058157,-1.0170915724227776
-1.3843670883058157,-1.364770151871315
-1.3843670883058157,-1.2068111927894185
0.722351758032472,0.4547934189921411
0.722351758032472,1.283078921410441
0.722351758032472,1.2728285680672324
0.722351758032472,0.6938921241425459
-1.3843670883058157,-1.1679745700950934
0.722351758032472,0.7068851203792373
0.722351758032472,0.6332305782237905
0.722351758032472,0.5486705866144869
0.722351758032472,0.5157718223286772
0.722351758032472,0.35968427916688817
0.722351758032472,0.9215001059365545
0.722351758032472,0.29480582075980366
-1.3843670883058157,-0.4560192315631558
-1.3843670883058157,-1.0073106543571626
0.722351758032472,1.2657505153189774
-1.3843670883058157,-0.809271740318338
-1.3843670883058157,-0.8023179150896059
0.722351758032472,1.3371373326826372
-1.3843670883058157,-0.8352653318703026
0.722351758032472,1.2038086231658065
0.722351758032472,0.9774589631326763
-1.3843670883058157,-0.5683486157803415
-1.3843670883058157,-1.4827436417088427
0.722351758032472,0.5382231954690259
0.722351758032472,0.550853581647505
0.722351758032472,0.27004941130182225
0.722351758032472,0.242194896963412
0.722351758032472,0.4236632667942396
0.722351758032472,0.6071217423808927
0.722351758032472,0.18621828213740488
-1.3843670883058157,-1.4518774220836852
-1.3843670883058157,-0.9149846604733224
-1.3843670883058157,-1.1561805011866766
-1.3843670883058157,-1.1250402033328888
-1.3843670883058157,-1.4006380330814996
0.722351758032472,0.3677433767123077
-1.3843670883058157,-1.2493776519424364
0.722351758032472,0.6031977650613153
-1.3843670883058157,-1.3044556021197378
-1.3843670883058157,-1.0799963788647664
0.722351758032472,-0.113408918800743
-1.3843670883058157,-0.8132063801104704
0.722351758032472,1.3222642324570963
0.722351758032472,-0.29786469107191327
0.722351758032472,1.4612138110254551
0.722351758032472,0.25188688085456135
-1.3843670883058157,-0.8458833534619383
0.722351758032472,0.8814519276480476
0.722351758032472,0.6203857995957446
0.722351758032472,1.2224186882897516
-1.3843670883058157,-1.448011065990201
0.722351758032472,0.31347231546898047
0.722351758032472,0.5494921588651672
-1.3843670883058157,-0.7390333971421301
-1.3843670883058157,-0.6362601125227582
0.722351758032472,-0.4576328568988819
0.722351758032472,-0.19033806647324109
-1.3843670883058157,-1.2021840626537217
0.722351758032472,0.6283953256894753
0.722351758032472,0.24323880738072634
-1.3843670883058157,-1.4772435858720183
-1.3843670883058157,-2.251013046325692
-1.3843670883058157,-1.2179423418978284
-1.3843670883058157,-0.7426338464870343
0.722351758032472,0.36448100862446764
0.722351758032472,1.3607273449132995
-1.3843670883058157,-1.3695672327864532
-1.3843670883058157,-1.0351192715725996
-1.3843670883058157,-2.0497319978026587
0.722351758032472,0.42133398823473744
0.722351758032472,1.2822762113819524
0.722351758032472,0.6958503089197844
0.722351758032472,0.6435293117876101
-1.3843670883058157,-1.3036841218813988
0.722351758032472,0.537181399898708
0.722351758032472,0.7431803869838843
-1.3843670883058157,-0.8647400614956186
-1.3843670883058157,-1.1435783868575942
0.722351758032472,0.8532824965217564
-1.3843670883058157,-1.0982384420678628
0.722351758032472,0.4914096453478186
0.722351758032472,0.6274763359198062
0.722351758032472,0.7519850491964565
-1.3843670883058157,-1.3743047297704187
0.722351758032472,0.9660897246982475
-1.3843670883058157,-0.837349621537782
-1.3843670883058157,-1.0197670047683858
0.722351758032472,0.5262320942264361
0.722351758032472,0.445856538145489
0.722351758032472,0.5336581215482975
0.722351758032472,-0.5141795867295238
0.722351758032472,0.9951835229813105
0.722351758032472,0.8445165290531461
0.722351758032472,0.5001049321253827
0.722351758032472,1.061586691326649
0.722351758032472,0.7391750387424593
0.722351758032472,-0.13513686871899117
0.722351758032472,0.7045834670261052
-1.3843670883058157,-1.124681913745444
0.722351758032472,0.4959903266126645
0.722351758032472,0.7604714922867227
-1.3843670883058157,-0.9701601309167338
0.722351758032472,0.3273603038771904
0.722351758032472,0.8269726619346901
0.722351758032472,-0.1389858487424439
0.722351758032472,1.3811434558604128
0.722351758032472,0.8780638362999439
0.722351758032472,1.2135817351951816
0.722351758032472,0.3385317358021712
0.722351758032472,0.42551211959410706
-1.3843670883058157,-1.151328714469699
0.722351758032472,-0.586865257699039
0.722351758032472,0.4240374856864718
0.722351758032472,-0.05155123900141673
0.722351758032472,0.7148992454925244
0.722351758032472,1.2352099119439237
-1.3843670883058157,-0.6944517067072622
-1.3843670883058157,-0.4908685397583844
0.722351758032472,0.7867016074743333
0.722351758032472,0.25181366159955476
0.722351758032472,0.6779301763229696
0.722351758032472,0.5254912171527589
-1.3843670883058157,-1.1512675396300391
0.722351758032472,0.6313116108761917
0.722351758032472,0.7007031901222026
0.722351758032472,0.5451061768960107
-1.3843670883058157,-0.8865208204951944
0.722351758032472,0.40042436092130895
-1.3843670883058157,-0.8232754668422304
0.722351758032472,0.5594649545401261
0.722351758032472,0.5142932404180937
-1.3843670883058157,-0.8030659230462709
-1.3843670883058157,-1.2179156098453456
0.722351758032472,0.45212122766462515
-1.3843670883058157,-0.8851361105572964
0.722351758032472,0.5205857828805917
0.722351758032472,0.35128499086080134
0.722351758032472,0.06329823133934398
0.722351758032472,0.6494689768458811
0.722351758032472,0.5142338151575959
0.722351758032472,0.699253795744288
0.722351758032472,1.1742712389317234
-1.3843670883058157,-0.8031755743879515
0.722351758032472,0.581090964226742
0.722351758032472,0.6732305959722454
0.722351758032472,-0.47981946137566595
-1.3843670883058157,-0.9212590953839279
0.722351758032472,0.5057171281069027
-1.3843670883058157,-1.309046088176197
-1.3843670883058157,-1.596343550549347
0.722351758032472,0.5167669612539069
-1.3843670883058157,-1.09179558068783
0.722351758032472,1.0419603787431941
0.722351758032472,0.2693136158028758
0.722351758032472,0.5405491719414516
0.722351758032472,1.0837355799217274
0.722351758032472,1.067847528366208
0.722351758032472,0.49172036651441997
-1.3843670883058157,-0.6418710608248581
0.722351758032472,1.3395008571467941
0.722351758032472,1.3343849561799268
0.722351758032472,0.6453414780340142
0.722351758032472,0.10581090968237017
0.722351758032472,0.5892971343970884
-1.3843670883058157,-1.2087014736711255
0.722351758032472,0.4066394377571416
0.722351758032472,0.6133927838983281
-1.3843670883058157,-1.1754260442875673
0.722351758032472,1.1242217150155582
-1.3843670883058157,-0.9111948358102198
0.722351758032472,0.5356516216245312
-1.3843670883058157,-0.999694284968895
0.722351758032472,0.44223146191602425
-1.3843670883058157,-1.5565300748344004
-1.3843670883058157,-1.0770086152772818
0.722351758032472,0.5362115591661855
0.722351758032472,0.6509371925560478
-1.3843670883058157,-1.0622672397173414
0.722351758032472,0.4594103201755064
-1.3843670883058157,-0.656980498173305
0.722351758032472,0.7114336177189448
0.722351758032472,0.33120027612716063
0.722351758032472,0.23412951036835383
0.722351758032472,0.3646463231135043
0.722351758032472,0.5149115412123174
0.722351758032472,0.36184778446552657
-1.3843670883058157,-0.7291531571096284
0.722351758032472,1.1479841934996955
0.722351758032472,0.6256634404775397
0.722351758032472,-0.48944595117954176
0.722351758032472,0.35863491809018255
0.722351758032472,-0.2939246030722335
0.722351758032472,0.649237979141159
0.722351758032472,0.46453228415479175
0.722351758032472,0.6683650129269815
0.722351758032472,1.1783719256001666
0.722351758032472,0.43846958612653464
-1.3843670883058157,-0.36918355901839306
0.722351758032472,-0.38044166057574524
0.722351758032472,0.593530506246902
-1.3843670883058157,-1.1578880716601625
0.722351758032472,0.3154600159779052
0.722351758032472,1.3878324184914148
0.722351758032472,0.6209291512358414
-1.3843670883058157,-0.5172288085584718
-1.3843670883058157,-1.327093855216953
0.722351758032472,0.6073547951445603
0.722351758032472,0.4118834036040484
0.722351758032472,0.5770011286347995
0.722351758032472,0.5948997314181729
0.722351758032472,1.3299531755562408
-1.3843670883058157,-1.541968089338583
-1.3843670883058157,-1.0459634379613634
0.722351758032472,1.068199934759182
-1.3843670883058157,-1.185517159580236
0.722351758032472,1.2149690167963274
-1.3843670883058157,-1.0787502524755976
0.722351758032472,0.43683242407756895
0.722351758032472,0.757100357818535
0.722351758032472,1.194125851066302
0.722351758032472,0.7215452702209523
-1.3843670883058157,-1.2436201902608146
0.722351758032472,0.23446549101797243
0.722351758032472,0.49341262421152654
-1.3843670883058157,-1.3230158212990122
-1.3843670883058157,-1.0579482220585004
-1.3843670883058157,-1.315161216173153
-1.3843670883058157,-0.38593568662105826
0.722351758032472,0.6676323331466557
0.722351758032472,0.5967292107568342
-1.3843670883058157,-0.4615359263193954
0.722351758032472,0.5458494651398306
0.722351758032472,-0.2902446681489714
-1.3843670883058157,-1.1233279558430698
-1.3843670883058157,-0.5520232375558288
0.722351758032472,1.2850966490977465
-1.3843670883058157,-1.1939797836675938
-1.3843670883058157,-1.124979012441485
0.722351758032472,0.7374183067728103
0.722351758032472,0.3239615615454906
0.722351758032472,0.18171467799917262
0.722351758032472,0.3071830850042323
-1.3843670883058157,-1.2572238883317417
0.722351758032472,0.8633387109500722
0.722351758032472,1.0190874328429622
0.722351758032472,0.488967753540395
-1.3843670883058157,-0.7586722680692352
0.722351758032472,0.30620687363065113
0.722351758032472,-0.29340512259566454
-1.3843670883058157,-1.367185788170826
0.722351758032472,-0.0982723537715175
0.722351758032472,1.431579786042899
-1.3843670883058157,-1.4727867267953356
0.722351758032472,0.7196429834551245
0.722351758032472,1.2609604495291271
0.722351758032472,0.4413516971721638
0.722351758032472,1.3402269295764264
-1.3843670883058157,-0.9420238589601048
0.722351758032472,0.12872112479354625
0.722351758032472,0.5562438722599171
0.722351758032472,1.3646403267984732
-1.3843670883058157,-0.674934183886797
0.722351758032472,1.1702608032702595
0.722351758032472,0.1404395577741857
0.722351758032472,0.2695232378271253
0.722351758032472,0.4595118302527852
0.722351758032472,1.068207194183326
-1.3843670883058157,-1.1985160553517311
0.722351758032472,0.5604590179605827
0.722351758032472,1.284350870643173
0.722351758032472,0.4854165545020609
0.722351758032472,1.150868952000149
-1.3843670883058157,-0.9016246479813134
0.722351758032472,1.2116496711255502
-1.3843670883058157,-1.2886795740590762
-1.3843670883058157,-1.1916675626318727
-1.3843670883058157,-1.4795011988141902
0.722351758032472,1.410428785411776
-1.3843670883058157,-0.5467892405744503
0.722351758032472,0.5443258732666277
0.722351758032472,0.8972601715792717
-1.3843670883058157,-1.4724871102617603
0.722351758032472,0.3297210533089924
-1.3843670883058157,-0.7796953625077615
-1.3843670883058157,-1.0615939107530608
0.722351758032472,0.542127902088421
-1.3843670883058157,-1.2797716737124727
-1.3843670883058157,-0.4866987262978605
0.722351758032472,-0.26937872202275137
-1.3843670883058157,-1.6667011688819264
-1.3843670883058157,-1.1756734698817248
0.722351758032472,0.6951360805939152
0.722351758032472,1.1376024820046027
0.722351758032472,0.6866910696658647
0.722351758032472,0.36559978174272834
0.722351758032472,1.3058666537014347
0.722351758032472,1.0643941416401694
-1.3843670883058157,-0.5460593581441822
-1.3843670883058157,-1.273672759807668
0.722351758032472,0.47382471181058583
0.722351758032472,0.5513101490465656
0.722351758032472,0.4343972131914511
-1.3843670883058157,-0.7786514505448675
0.722351758032472,1.3898575514668976
0.722351758032472,0.5223536129029306
0.722351758032472,-0.47879411327003596
0.722351758032472,0.6178323032071679
0.722351758032472,0.45494567321452406
0.722351758032472,0.7409955951654387
-1.3843670883058157,-1.6151779650952132
0.722351758032472,-0.5039808611833706
-1.3843670883058157,-1.3203708690806302
-1.3843670883058157,-1.0744278307482404
0.722351758032472,0.5403960797929769
-1.3843670883058157,-1.3320585592069505
0.722351758032472,0.5954993360459783
-1.3843670883058157,-1.3061001294628047
0.722351758032472,0.19816055891876994
0.722351758032472,0.4575097082431193
0.722351758032472,0.17478160036598467
0.722351758032472,0.9985270731535673
0.722351758032472,0.6087386204213278
0.722351758032472,0.5652484232299043
0.722351758032472,0.5015508799112806
0.722351758032472,0.651706355272852
-1.3843670883058157,-0.8955853467798147
0.722351758032472,0.5782539908721495
-1.3843670883058157,-1.3054197314431264
-1.3843670883058157,-0.9101154054270131
0.722351758032472,1.362865688663748
0.722351758032472,0.28162875368603424
0.722351758032472,1.531716504277853
0.722351758032472,0.8195967499624807
0.722351758032472,1.2374163801427942
0.722351758032472,1.3620461337413587
-1.3843670883058157,-1.1807718997268377
0.722351758032472,0.4251453068574086
-1.3843670883058157,-1.1549398548540013
-1.3843670883058157,-1.379287514917421
0.722351758032472,0.6873939104345942
0.722351758032472,0.5154620545950673
-1.3843670883058157,-0.8806047210009169
0.722351758032472,1.3709686408239379
0.722351758032472,0.7808756501714033
0.722351758032472,0.7291527810071724
-1.3843670883058157,-1.2292402072916526
-1.3843670883058157,-1.1123778010932814
0.722351758032472,1.4553943908892224
-1.3843670883058157,-1.1555462112774686
0.722351758032472,1.3327507874171132
0.722351758032472,-0.4687260661141456
0.722351758032472,0.925300322210257
0.722351758032472,0.35763379294624786
0.722351758032472,0.4958382961147684
0.722351758032472,-0.36053950652438344
-1.3843670883058157,-1.023772579513501
0.722351758032472,1.0695183399095103
0.722351758032472,1.3299904903829636
0.722351758032472,0.873338354594624
0.722351758032472,0.7688002221995557
0.722351758032472,0.288438924534674
-1.3843670883058157,-1.6502798949192337
0.722351758032472,0.789077567919427
-1.3843670883058157,-1.1822511484575076
0.722351758032472,0.4016322533332717
-1.3843670883058157,-1.3932952949701436
0.722351758032472,0.6891510139505793
0.722351758032472,1.2752273081028638
0.722351758032472,1.260376807924156
0.722351758032472,0.5133303572206595
-1.3843670883058157,-1.4837298349401664
0.722351758032472,0.5359800627486498
0.722351758032472,0.3407628645037424
0.722351758032472,0.8475756776148148
0.722351758032472,0.6720443186940667
-1.3843670883058157,-0.7257694654360736
-1.3843670883058157,-1.1123510563037107
0.722351758032472,0.7635887858609872
0.722351758032472,0.47658186957892956
0.722351758032472,1.1656596741113723
0.722351758032472,0.6485827677079855
-1.3843670883058157,-1.1823977472662297
0.722351758032472,-0.36129639364845567
0.722351758032472,0.4377920430876653
0.722351758032472,0.5627271607210401
0.722351758032472,0.6542583817504856
-1.3843670883058157,-1.5100609188989453
0.722351758032472,1.365978210702326
-1.3843670883058157,-1.4618935438182503
0.722351758032472,0.9799150772587056
0.722351758032472,0.49043045832602383
0.722351758032472,1.1508444264439412
0.722351758032472,0.5585132866231467
-1.3843670883058157,-0.6661564745159269
0.722351758032472,0.3474222609930634
-1.3843670883058157,-1.2098237401323635
-1.3843670883058157,-1.0621492061441151
-1.3843670883058157,-0.9092225218015327
0.722351758032472,0.4896042806311206
0.722351758032472,0.9827155740341021
-1.3843670883058157,-0.8646220021117872
0.722351758032472,0.8158776903740076
0.722351758032472,0.5456461621644412
0.722351758032472,-0.5419185237782256
0.722351758032472,0.543495185719909
0.722351758032472,1.3812062666832916
0.722351758032472,0.7070982808489726
0.722351758032472,-0.04912369024705587
0.722351758032472,0.6185471328335325
-1.3843670883058157,-0.9144655529305016
0.722351758032472,0.5154478444698373
0.722351758032472,0.3595945450774083
0.722351758032472,0.5638181644110535
0.722351758032472,1.2334779922225927
0.722351758032472,-0.7297242360617378
-1.3843670883058157,-1.220534860513337
-1.3843670883058157,-1.3265922408853266
-1.3843670883058157,-1.2003431103969313
0.722351758032472,0.2971575860403409
-1.3843670883058157,-1.3242427494258666
0.722351758032472,0.5178765033252707
0.722351758032472,0.6284019227392897
-1.3843670883058157,-1.0123388030403464
-1.3843670883058157,-1.1960623883058201
-1.3843670883058157,-1.4469966914946426
0.722351758032472,0.8098678880196483
0.722351758032472,0.2665246391687789
-1.3843670883058157,-0.970710200910637
0.722351758032472,0.5684085808283584
0.722351758032472,1.1677629071834081
0.722351758032472,-0.4397146355047475
0.722351758032472,-0.3384612058625003
0.722351758032472,0.7763176033828404
-1.3843670883058157,-1.392861894317412
-1.3843670883058157,-1.0342061890724012
0.722351758032472,0.43372608192609285
0.722351758032472,0.9959190784481876
-1.3843670883058157,-0.9376202384948382
0.722351758032472,0.464144800919272
-1.3843670883058157,-1.026008052679498
0.722351758032472,0.6235563038398607
0.722351758032472,-0.6708115142730808
0.722351758032472,1.2680299748348607
-1.3843670883058157,-1.06432422314445
0.722351758032472,1.1229807595719956
0.722351758032472,-0.2630589864709312
0.722351758032472,1.3120730441502242
0.722351758032472,0.9581538126642789
-1.3843670883058157,-1.37628243547832
0.722351758032472,0.44985709744924207
-1.3843670883058157,-0.7885030132728656
-1.3843670883058157,-1.3935954935088892
-1.3843670883058157,-1.3354599733394514
0.722351758032472,-0.6278104345176971
0.722351758032472,0.37742834663769886
-1.3843670883058157,-1.2570563184956145
-1.3843670883058157,-1.0560876571832556
0.722351758032472,0.8705298053643055
0.722351758032472,-0.5950584518256788
0.722351758032472,0.7476861210949927
0.722351758032472,-0.20880039504827053
-1.3843670883058157,-1.1566920986612814
-1.3843670883058157,-0.5269729469924382
-1.3843670883058157,-0.6620988868548863
-1.3843670883058157,-0.9532715871669554
-1.3843670883058157,-1.0350527788876074
0.722351758032472,1.257673274783536
-1.3843670883058157,-0.8174611683507633
0.722351758032472,0.6984842113496305
0.722351758032472,0.7177150707784662
0.722351758032472,0.7419879370620689
-1.3843670883058157,-1.1869280276206102
-1.3843670883058157,-0.8321699634456546
0.722351758032472,0.2884344947631141
0.722351758032472,0.954451440971721
0.722351758032472,0.627238234438961
0.722351758032472,0.9983368342289046
0.722351758032472,1.1957532526014725
-1.3843670883058157,-1.0443343743181863
-1.3843670883058157,-0.590678992579585
0.722351758032472,-0.17667719574419022
0.722351758032472,0.7687726118783068
-1.3843670883058157,-1.2983360321611763
-1.3843670883058157,0.2019290868424748
0.722351758032472,0.6806003910414092
0.722351758032472,0.22798904457916724
-1.3843670883058157,-1.262548533261946
0.722351758032472,0.616103769370126
0.722351758032472,0.7116190838261663
0.722351758032472,-0.2548760951303469
-1.3843670883058157,-1.1671058536809011
0.722351758032472,0.699058802528055
-1.3843670883058157,-1.421037285918984
-1.3843670883058157,-1.0711120516186892
0.722351758032472,1.1597217376695421
0.722351758032472,0.7440000955173239
-1.3843670883058157,-0.816171252553433
-1.3843670883058157,-1.0027323762189604
0.722351758032472,0.9354019460134769
-1.3843670883058157,-1.22443650932522
-1.3843670883058157,-1.4810512295993523
-1.3843670883058157,-1.108056515687655
0.722351758032472,1.311634524154409
-1.3843670883058157,-1.0384602821482125
0.722351758032472,-0.5006856146711962
0.722351758032472,0.6205598256386028
-1.3843670883058157,-1.3345809575532916
0.722351758032472,1.0458438034475743
0.722351758032472,0.34340159256074076
0.722351758032472,0.5801495193231362
0.722351758032472,0.6803982002258496
0.722351758032472,0.8676823044506178
-1.3843670883058157,-1.0550433281687166
0.722351758032472,0.08165070806678887
-1.3843670883058157,-1.4243506248097075
-1.3843670883058157,-1.027359727959226
0.722351758032472,0.891510654061736
0.722351758032472,-0.3836589824904185
-1.3843670883058157,-1.0474529046555756
0.722351758032472,0.8327158997257685
0.722351758032472,1.3049242274729238
0.722351758032472,0.7103702987824957
0.722351758032472,0.18383445507256269
0.722351758032472,0.23991600000632063
0.722351758032472,1.272455842849364
0.722351758032472,0.32592228791908495
0.722351758032472,1.3349508035151212
0.722351758032472,0.5629764114499064
-1.3843670883058157,-1.272488046441175
0.722351758032472,0.4468442682233157
-1.3843670883058157,-1.4961089252454822
0.722351758032472,0.20004535738899687
-1.3843670883058157,-0.946914431697516
-1.3843670883058157,-1.2614916840448958
-1.3843670883058157,-1.4367562398121478
0.722351758032472,0.47659902417531064
0.722351758032472,-0.44748759791463005
0.722351758032472,0.9046908302810771
-1.3843670883058157,-1.0399433636149946
0.722351758032472,0.3094882155435166
-1.3843670883058157,-1.1065147850225832
-1.3843670883058157,-0.7463722107908639
0.722351758032472,0.44167558140212226
0.722351758032472,0.45358110757074066
0.722351758032472,0.24994405186068103
0.722351758032472,-0.13163676787532536
0.722351758032472,0.5673833471630317
0.722351758032472,1.0690370007033554
0.722351758032472,1.2160110488949205
0.722351758032472,-0.46274855269178666
0.722351758032472,0.5043553700556042
0.722351758032472,1.0579134006637374
0.722351758032472,0.5040311809662209
0.722351758032472,0.2564716440567435
0.722351758032472,0.239687716648749
0.722351758032472,0.5483355161203755
0.722351758032472,1.1780264591449403
-1.3843670883058157,-1.3635343594703184
-1.3843670883058157,-0.838600716926938
0.722351758032472,-0.2482944578171542
0.722351758032472,0.6305955483351745
-1.3843670883058157,-0.7489321519008831
-1.3843670883058157,-0.9165812980826571
-1.3843670883058157,-1.0427876279190045
0.722351758032472,1.3828749431460285
0.722351758032472,-0.2534144302616723
0.722351758032472,0.6930391721885242
0.722351758032472,0.43699796710614747
-1.3843670883058157,-1.5683470480808008
0.722351758032472,0.6672752642961796
0.722351758032472,1.1441195449480825
0.722351758032472,0.4246184217771203
0.722351758032472,0.6363755031289388
-1.3843670883058157,-1.1227965545840124
0.722351758032472,0.9267435183329059
-1.3843670883058157,-0.5550019835576441
0.722351758032472,0.47928508429747463
-1.3843670883058157,-1.1798529304214247
0.722351758032472,0.5685447526447139
0.722351758032472,1.3106178798307848
0.722351758032472,-0.558618405139901
0.722351758032472,0.9538275477789003
0.722351758032472,0.7563534072125896
-1.3843670883058157,-1.506318610978552
0.722351758032472,1.0609075519298412
0.722351758032472,0.43092186655821274
0.722351758032472,0.3938985225367355
0.722351758032472,0.4330243552419185
0.722351758032472,0.1524736187718686
0.722351758032472,0.8204776453897319
-1.3843670883058157,-0.8431213266698004
0.722351758032472,0.4552897271400773
0.722351758032472,0.41571046565878145
0.722351758032472,0.7675781286982154
0.722351758032472,0.5248784211428043
0.722351758032472,-0.2787347904036456
-1.3843670883058157,-1.3446035267121035
0.722351758032472,0.67059472204001
0.722351758032472,0.3888979240949527
0.722351758032472,0.2218557787579496
0.722351758032472,-0.5204016309947181
0.722351758032472,1.341209004107062
0.722351758032472,1.1264082063543208
0.722351758032472,-0.43412249201226977
-1.3843670883058157,-1.2024106845289044
-1.3843670883058157,-1.4175752025994977
-1.3843670883058157,-1.3771722829281403
-1.3843670883058157,-0.5739656058049092
-1.3843670883058157,-1.2753989685999434
-1.3843670883058157,-1.192425499879422
0.722351758032472,0.6666444916693289
-1.3843670883058157,-1.2682117199816725
-1.3843670883058157,-0.9249838308642724
0.722351758032472,0.4161552036541335
0.722351758032472,0.5510330436655201
0.722351758032472,1.1655118040974504
-1.3843670883058157,-1.374389336062495
0.722351758032472,-0.5164881557718956
-1.3843670883058157,-1.5631954668347214
-1.3843670883058157,-1.080904466735049
-1.3843670883058157,-0.7673411331232852
0.722351758032472,0.6958169266683151
-1.3843670883058157,-0.7029407044562924
0.722351758032472,0.8011248711988731
0.722351758032472,0.4473747047342461
-1.3843670883058157,-1.0634995533996605
-1.3843670883058157,-1.5019138893392794
0.722351758032472,0.6681747398799308
0.722351758032472,0.7205215781013982
0.722351758032472,0.5456150075608629
0.722351758032472,0.8335208057828828
-1.3843670883058157,-1.331384986389696
0.722351758032472,0.02756981621460708
0.722351758032472,0.5741524671931565
0.722351758032472,-0.29161118256327456
-1.3843670883058157,-1.0266828738102485
0.722351758032472,0.3638041040547485
0.722351758032472,0.7658646783180693
-1.3843670883058157,-0.45134975385288045
-1.3843670883058157,-0.5758065328744847
-1.3843670883058157,-1.4292383259287842
0.722351758032472,0.8392748565746614
-1.3843670883058157,-1.1925954220703394
0.722351758032472,0.6829227922036364
-1.3843670883058157,-1.3899847673215355
0.722351758032472,0.4720256214987968
0.722351758032472,0.5422045252613233
0.722351758032472,-0.3692376452107197
0.722351758032472,1.5713646740802711
0.722351758032472,1.3299745448758848
0.722351758032472,-0.5153696786995169
0.722351758032472,0.6071709688433208
0.722351758032472,-0.5620480518757168
0.722351758032472,1.0982489210613595
0.722351758032472,0.6689523670612035
-1.3843670883058157,-1.420981947666769
0.722351758032472,1.036611019864655
-1.3843670883058157,-0.4641710956470889
0.722351758032472,0.4472194583264605
-1.3843670883058157,-1.062323912469764
0.722351758032472,0.34361213537820234
0.722351758032472,0.4568503459363332
-1.3843670883058157,-1.3284546782837263
0.722351758032472,0.5230723476420419
0.722351758032472,0.6123114602047771
0.722351758032472,0.4084523044926205
0.722351758032472,0.9774434978482834
-1.3843670883058157,-1.157804962543321
-1.3843670883058157,-0.7986931287382083
0.722351758032472,0.41645104087650586
0.722351758032472,0.7571640496670918
-1.3843670883058157,-0.9972752343436833
0.722351758032472,1.2536492953730476
0.722351758032472,1.0902115249431197
0.722351758032472,-0.2922018833589415
0.722351758032472,0.7718724298703344
0.722351758032472,0.9693692511602426
0.722351758032472,0.6920594334028191
-1.3843670883058157,-0.9530025467597198
-1.3843670883058157,-1.5691577968530734
-1.3843670883058157,-1.3999600447656568
0.722351758032472,0.7049099331156813
0.722351758032472,0.297713980907637
-1.3843670883058157,-0.5902331492217029
0.722351758032472,0.6578457598693651
0.722351758032472,-0.13155583160313322
0.722351758032472,1.2722467541300806
0.722351758032472,0.5920057995269293
0.722351758032472,0.6992784608641297
-1.3843670883058157,-1.4239982719574855
0.722351758032472,-0.338794781258804
0.722351758032472,0.4893993851928472
0.722351758032472,0.9132046613767745
-1.3843670883058157,-0.42846299675087607
0.722351758032472,1.0819406171407477
-1.3843670883058157,-0.6267395406469735
0.722351758032472,1.3443183764771605
0.722351758032472,0.4068712816489012
-1.3843670883058157,-1.200593026597974
0.722351758032472,1.303572256528473
0.722351758032472,0.6867420591330858
0.722351758032472,0.7812592856176902
0.722351758032472,-0.49318276022230506
0.722351758032472,1.0921451939326419
0.722351758032472,0.40222768481704607
-1.3843670883058157,-1.2557983442702396
0.722351758032472,0.5006595231657539
0.722351758032472,0.7582558308374082
0.722351758032472,0.7023340106328514
-1.3843670883058157,-1.3177857394396293
-1.3843670883058157,-1.2177841368596543
-1.3843670883058157,-1.176000940998751
-1.3843670883058157,-1.236976135277427
-1.3843670883058157,-0.6170069023393321
-1.3843670883058157,-0.8896763054882995
0.722351758032472,0.6524883392231081
0.722351758032472,0.6744788352346552
0.722351758032472,-0.6297633522659689
-1.3843670883058157,-1.2917531390379928
-1.3843670883058157,-1.3232669525665457
0.722351758032472,0.759965570201485
-1.3843670883058157,-1.3666866841279508
0.722351758032472,-0.22858454998454908
-1.3843670883058157,-1.1873103557831453
-1.3843670883058157,-0.9103007390981059
0.722351758032472,-0.33164401869812316
0.722351758032472,0.5753918748249588
0.722351758032472,0.44438229245419203
0.722351758032472,0.5428909081898851
0.722351758032472,0.9502501455769975
-1.3843670883058157,-1.1776084161785727
0.722351758032472,0.5355895969399737
0.722351758032472,0.5443280076705191
-1.3843670883058157,-1.0084481424836853
-1.3843670883058157,-1.4511910857651258
0.722351758032472,0.459773908124146
0.722351758032472,0.37620525174899244
0.722351758032472,1.0461925090961497
-1.3843670883058157,-0.9991016488756179
0.722351758032472,0.9079432101589641
-1.3843670883058157,-1.523910566696257
0.722351758032472,0.37886959664534325
0.722351758032472,0.6040464202203667
0.722351758032472,1.4751373409766262
-1.3843670883058157,-1.0264773544974206
-1.3843670883058157,-1.1678284715837841
0.722351758032472,0.7262322690465716
-1.3843670883058157,-0.969882231971738
-1.3843670883058157,-1.2793340023337803
-1.3843670883058157,-1.1727493760936492
-1.3843670883058157,-0.9110591925761664
0.722351758032472,-0.7037693512920152
0.722351758032472,0.48683364867025103
0.722351758032472,0.365957925619961
-1.3843670883058157,-1.1198145553967058
0.722351758032472,-0.3661459382916579
0.722351758032472,0.49690197126382485
0.722351758032472,0.7284655203446845
0.722351758032472,-0.5273602717602833
0.722351758032472,0.5597219821940834
0.722351758032472,-0.30414173313379217
-1.3843670883058157,-1.57409675483244
-1.3843670883058157,-1.3146025326168198
0.722351758032472,-0.12725293280748362
-1.3843670883058157,-1.171247283034046
0.722351758032472,1.5152405888782532
0.722351758032472,0.618715761855185
0.722351758032472,0.5963666456505833
0.722351758032472,1.0387113239850696
-1.3843670883058157,-1.088772367768033
0.722351758032472,0.4851247020758781
0.722351758032472,-0.43342514073346927
0.722351758032472,0.3924363495384333
0.722351758032472,0.2817415821153171
-1.3843670883058157,-0.9409565979706922
-1.3843670883058157,-0.9459477906414405
0.722351758032472,0.5857653016325489
-1.3843670883058157,-0.7713209286361559
0.722351758032472,0.9796550884868841
0.722351758032472,0.4980469181548274
-1.3843670883058157,-0.7724314794070568
0.722351758032472,0.13355051153119435
-1.3843670883058157,-1.2386129886263606
0.722351758032472,1.0775166027677732
-1.3843670883058157,-1.190909586046759
-1.3843670883058157,-1.192738513469528
0.722351758032472,0.5705756849963727
0.722351758032472,0.3669950736041203
0.722351758032472,1.0154327964955767
0.722351758032472,1.3735976059956139
0.722351758032472,0.46836333341761693
0.722351758032472,-0.04438781232187783
0.722351758032472,-0.5186689648889745
-1.3843670883058157,-1.239981234258655
0.722351758032472,0.5061052544343764
0.722351758032472,0.6033356717524544
0.722351758032472,0.9951777408687875
-1.3843670883058157,-0.8299335534456255
0.722351758032472,0.7881346594238628
0.722351758032472,-0.26386851688899016
-1.3843670883058157,-1.1118506692256354
0.722351758032472,-0.5137603755319428
-1.3843670883058157,-0.8299824878655535
-1.3843670883058157,-0.6989227188688844
0.722351758032472,-0.1953357074629502
0.722351758032472,0.6104495028705078
0.722351758032472,0.2574636534619146
0.722351758032472,-0.43204044054458685
0.722351758032472,0.6609570835072992
0.722351758032472,0.5293078876431291
-1.3843670883058157,-0.9614928734886037
0.722351758032472,0.24866146151936164
0.722351758032472,1.2406410609759848
-1.3843670883058157,-1.2801405772026253
0.722351758032472,0.6278258552459871
0.722351758032472,-0.4242986487811996
-1.3843670883058157,-1.289097665204308
0.722351758032472,0.2607415121737383
0.722351758032472,0.46137634511194436
-1.3843670883058157,-1.6073155427074357
-1.3843670883058157,-1.136785833303231
0.722351758032472,1.2939419625856647
0.722351758032472,-0.15109911594491593
0.722351758032472,1.4122932594664022
0.722351758032472,0.8288016534248738
0.722351758032472,0.72033060648898
0.722351758032472,0.7297386754244116
0.722351758032472,0.5206971295807056
0.722351758032472,-0.3587500486148804
-1.3843670883058157,-0.7816139015727595
-1.3843670883058157,-1.2778668603588335
0.722351758032472,1.2415589901293287
0.722351758032472,0.4269553766306341
0.722351758032472,0.48796368915834576
0.722351758032472,1.0806299262308294
-1.3843670883058157,-1.3445316295483822
-1.3843670883058157,-1.1157800829710727
0.722351758032472,0.9073732811211
0.722351758032472,-0.546671982367622
0.722351758032472,1.1964282482365758
-1.3843670883058157,-1.1723242785072683
0.722351758032472,0.6635804531176029
0.722351758032472,0.7207945661958658
0.722351758032472,0.5283521420542471
0.722351758032472,-0.48665909970982374
0.722351758032472,0.4155563386849106
0.722351758032472,0.47227540115332156
0.722351758032472,0.5033384337623784
0.722351758032472,0.388519327256326
-1.3843670883058157,-0.8098149302471072
0.722351758032472,0.36742747060155323
-1.3843670883058157,-0.972354730251225
0.722351758032472,0.8618641970319633
0.722351758032472,0.9688018547287888
