Actual,CFNE_Predicted,GD_Predicted
0.722351758032472,0.6804129311223666,0.6973290266478857
-1.3843670883058157,-1.2980501335817873,-1.2974982088577403
-1.3843670883058157,-0.49628331629886535,-0.4437849775885232
-1.3843670883058157,-1.5753682984700619,-1.5487515009831787
0.722351758032472,-0.4291060417144119,-0.443840577192403
-1.3843670883058157,-0.9852972842765786,-0.9236721297405888
-1.3843670883058157,-0.8090094065564484,-0.7754859901423549
-1.3843670883058157,-1.1070770858797436,-1.01402860489036
-1.3843670883058157,-1.2816255302838135,-1.3167555009945127
0.722351758032472,0.6407074320444898,0.6430631140450311
0.722351758032472,1.436826921743256,1.3803442865715447
-1.3843670883058157,-1.4679860931891762,-1.4372160131750928
0.722351758032472,0.9216799381619152,0.8936591886931946
-1.3843670883058157,-0.6902836995933727,-0.6701867950401218
-1.3843670883058157,-1.2690001648182694,-1.2598930720969566
-1.3843670883058157,-0.6833866061082572,-0.622670422924282
0.722351758032472,1.3807374562580415,1.3615926633070228
-1.3843670883058157,-1.3244502483362877,-1.2754353006306456
-1.3843670883058157,-1.0888422050248072,-1.0918641713868191
-1.3843670883058157,-0.9274240642171073,-0.9004231060883965
0.722351758032472,0.3656817275254433,0.3491020550442699
0.722351758032472,0.36531402925634265,0.28541227221576526
0.722351758032472,0.6311665000489032,0.7202232893639154
0.722351758032472,1.0306207683055808,0.9958386497608319
0.722351758032472,0.20813650410398343,0.1758671635015382
0.722351758032472,0.5728223360798921,0.5696329891220295
-1.3843670883058157,-0.7996912588464073,-0.7283217651956854
0.722351758032472,0.4641283744775163,0.4073872231772867
0.722351758032472,0.27695176072561106,0.23705702137955698
-1.3843670883058157,-1.0609923643863781,-1.1224536662207183
-1.3843670883058157,-1.2576732686872905,-1.238728586284275
0.722351758032472,0.5178744301648897,0.5326913993339076
0.722351758032472,0.30884122975440426,0.27942143187376506
-1.3843670883058157,-0.649411456555797,-0.5616069372515303
0.722351758032472,0.3325240897133549,0.2942002719993428
-1.3843670883058157,-1.2947442960401687,-1.2384273820270542
0.722351758032472,1.1667220666712381,1.1653005355269754
-1.3843670883058157,-1.0076098678248382,-0.9164058995779931
0.722351758032472,0.6980334443042688,0.6259182099817715
0.722351758032472,-0.43841037183014475,-0.4180720665299672
0.722351758032472,1.1757324247112546,1.145343457836963
0.722351758032472,1.3423520958837842,1.3063420760367115
0.722351758032472,0.6878938158285783,0.6590040214070649
0.722351758032472,1.5121492228138873,1.4466096334479897
-1.3843670883058157,0.3626615411484936,0.3228562411251896
-1.3843670883058157,-1.0685487787481531,-0.9941746292313374
0.722351758032472,0.49494898471192117,0.3863598382920674
-1.3843670883058157,-1.0969652718007947,-1.105658621113748
0.722351758032472,0.7275053517291187,0.6977540919953275
-1.3843670883058157,-1.2296868923414714,-1.2268897738559281
0.722351758032472,0.3762277046166873,0.34680576780604866
0.722351758032472,-0.47021730336662704,-0.45107032325078517
0.722351758032472,0.2599326903921264,0.2568051911000022
-1.3843670883058157,-1.203737736916261,-1.1480314401881813
-1.3843670883058157,-1.0533308190037287,-1.0557211882944386
0.722351758032472,-0.5173707014975952,-0.5074971500635879
0.722351758032472,0.37134090492133554,0.35279025595102254
0.722351758032472,0.8356322695356517,0.8207877509916917
0.722351758032472,0.35205983009629793,0.36918962708878056
0.722351758032472,1.06736198504001,1.037881662565961
0.722351758032472,-0.3907065232018677,-0.44035495090496635
-1.3843670883058157,-1.0905730044054263,-1.0322137666888254
-1.3843670883058157,-1.272887304506548,-1.273242029953579
-1.3843670883058157,-1.6429259596036792,-1.600440267943774
-1.3843670883058157,-1.288858817007319,-1.2581011933063972
0.722351758032472,0.9356062244212984,0.8406497729465794
0.722351758032472,1.2530687817586212,1.24820794436132
0.722351758032472,0.4847422030512512,0.5574030284427722
0.722351758032472,0.8185165175715813,0.7258811197758825
0.722351758032472,1.037947722182059,1.0031767707733124
0.722351758032472,1.1477470179711395,1.1349242836487505
0.722351758032472,0.6635201097529373,0.733903141667787
0.722351758032472,1.2166992406615988,1.1381305239336574
0.722351758032472,1.0002818831402067,0.9719583785377248
0.722351758032472,0.40015167990257383,0.3673177541023883
-1.3843670883058157,-1.235240064386742,-1.2123253981123037
0.722351758032472,1.1450113162621136,1.131231583485886
-1.3843670883058157,-1.004630652390178,-0.9743377496687725
-1.3843670883058157,-1.1909326115626468,-1.1478346587023156
0.722351758032472,0.632684390214038,0.6519804550350752
0.722351758032472,0.47095601893768074,0.4367167103364622
-1.3843670883058157,-0.7322750407649651,-0.6648593807992468
0.722351758032472,1.263156135167983,1.2855745524527138
-1.3843670883058157,-0.5644635637949461,-0.5080722581738739
0.722351758032472,0.6486495142015394,0.5845856482858244
0.722351758032472,0.2716173076575632,0.2530352013008661
0.722351758032472,0.8849514660622472,0.8633779706358643
0.722351758032472,0.4946089382608241,0.5503585134671338
0.722351758032472,0.7822202480050492,0.7427922454315038
0.722351758032472,0.5345557981273233,0.5703170277537928
-1.3843670883058157,-1.369784119413395,-1.3362918520437277
-1.3843670883058157,-1.240259836194209,-1.207897715588362
0.722351758032472,1.0734012345956856,1.0255327488737263
0.722351758032472,-0.49720638398744355,-0.4767183224651568
0.722351758032472,1.2612022499028113,1.220621582236749
-1.3843670883058157,-0.8076883604951948,-0.8147093647300933
-1.3843670883058157,-1.1387069410231823,-1.090031307958777
0.722351758032472,0.9354733500281971,0.8758190465389859
-1.3843670883058157,-0.893854378561077,-0.8628828577122558
0.722351758032472,0.6243579521975469,0.6227481334734355
0.722351758032472,1.091324972296248,1.0356096330544267
-1.3843670883058157,-1.0602530445917198,-0.9969114925763823
0.722351758032472,0.4683757904990463,0.41807777091432313
0.722351758032472,0.4613391553464983,0.47003792735595107
-1.3843670883058157,-1.3620408146698726,-1.3677739559675088
0.722351758032472,0.5344513536110858,0.5468033661035461
0.722351758032472,0.47721430076130755,0.4209750432863687
-1.3843670883058157,-1.4145354578301303,-1.4292514682799329
0.722351758032472,0.2609198970187294,0.33535334465611066
0.722351758032472,0.5140464104787609,0.4713155430788657
0.722351758032472,-0.4606186405563224,-0.4348291306196108
-1.3843670883058157,-0.5258554595817071,-0.5042078615885931
0.722351758032472,0.8418059401454794,0.856787698424641
0.722351758032472,0.30012291717550843,0.2569119312397874
0.722351758032472,0.4426726255845007,0.47270043652612526
-1.3843670883058157,-1.1765614137005351,-1.167909682253053
0.722351758032472,0.6730318718072201,0.6807640561244457
-1.3843670883058157,-1.505067436218601,-1.4765605532364696
-1.3843670883058157,-1.2233142680661553,-1.2730112180955722
-1.3843670883058157,-1.235472426100087,-1.1801463675390662
-1.3843670883058157,-1.3274692354913014,-1.3331073719386588
0.722351758032472,0.5641527452002149,0.5363725414612374
0.722351758032472,0.9391347383576976,0.8887559342057916
0.722351758032472,0.7508451254523363,0.7194734545461763
0.722351758032472,0.25871278794137464,0.2615222606726596
-1.3843670883058157,-1.5301304686906243,-1.4996763344150805
-1.3843670883058157,-1.2101805274970947,-1.1745995106232057
-1.3843670883058157,-1.3261584192128355,-1.2773239548845614
-1.3843670883058157,-1.1930124720250541,-1.2084420338401378
0.722351758032472,0.6463008041055772,0.5709126596498157
0.722351758032472,0.5168150337696508,0.5526045859248587
0.722351758032472,0.36481581481017955,0.32997220816332073
-1.3843670883058157,-1.1784624014213088,-1.2067158365518729
-1.3843670883058157,-1.0808905445206907,-1.101638415017476
0.722351758032472,-0.6515959376259801,-0.6194553820347046
-1.3843670883058157,-0.9141130801434024,-0.8843553612720088
0.722351758032472,1.2046397507735507,1.1538003472020608
0.722351758032472,-0.34550006002134737,-0.36334945600271684
0.722351758032472,1.0426018144401346,0.9983733215961477
-1.3843670883058157,-1.3159180973137705,-1.3288872403886862
-1.3843670883058157,-0.9912110381260386,-0.9454970455078839
0.722351758032472,0.6043137628912154,0.5458990162603783
0.722351758032472,0.46684411769830614,0.510775427421326
-1.3843670883058157,-1.2036730012073265,-1.1869200276590257
0.722351758032472,0.3661421335393069,0.3575135470230606
-1.3843670883058157,-0.7634468365745407,-0.7088381375581694
-1.3843670883058157,-1.399913056344186,-1.434514411664985
0.722351758032472,0.6629235260428364,0.6211172967916995
0.722351758032472,-0.27055017170686596,-0.2936293320634218
0.722351758032472,0.2664290971517498,0.26920325724362437
0.722351758032472,0.6826515397467697,0.6353294093520141
-1.3843670883058157,-1.0136727255854154,-0.9996299402706761
0.722351758032472,0.31342529374386574,0.2952065185323093
0.722351758032472,0.5311094754243184,0.4537024596124256
-1.3843670883058157,-0.6249893221130141,-0.5340279111752466
0.722351758032472,1.2872481505024922,1.2649488381925034
0.722351758032472,0.31465865190575104,0.28063280191748685
0.722351758032472,0.7568331003159103,0.756776263729466
0.722351758032472,0.24104477719818806,0.26244281213015697
-1.3843670883058157,-0.7361015176607263,-0.6892676962936909
-1.3843670883058157,-1.0211214681073477,-0.968275922594202
0.722351758032472,0.19085015110186188,0.1521854699962727
-1.3843670883058157,-1.0333726066068638,-1.091238250664922
0.722351758032472,-0.3632382097583101,-0.34930852263719125
0.722351758032472,0.3540313782655391,0.364442953798483
-1.3843670883058157,-1.3574512070939473,-1.3301259029637573
0.722351758032472,0.29068700966925964,0.2352661670446563
0.722351758032472,0.16593811041765083,0.13156937474081137
0.722351758032472,0.6540799374898992,0.6154701583958146
-1.3843670883058157,-1.3073740121088555,-1.3266783182195367
0.722351758032472,0.5666787729432334,0.5871911844724658
-1.3843670883058157,-1.1496984042476601,-1.0895986558531885
0.722351758032472,1.158164856776997,1.138305273684628
0.722351758032472,0.685939973240864,0.6852558346506891
-1.3843670883058157,-1.0506648477383513,-0.9344394356837056
-1.3843670883058157,-1.339419214745114,-1.3350591061949972
0.722351758032472,0.665999218151273,0.682871601704953
0.722351758032472,1.4077784658775327,1.4044032950681937
-1.3843670883058157,-0.9768506251722855,-1.0325905230917172
0.722351758032472,0.8824784665189744,0.8716632719118085
0.722351758032472,0.733100893071865,0.7025360698782723
0.722351758032472,1.0130270095037854,0.9291930085300393
0.722351758032472,0.46924158920270165,0.4275828003718277
0.722351758032472,0.5099672120260702,0.5740801208133965
0.722351758032472,1.1425641128179953,1.144356592927653
0.722351758032472,1.1291950762903715,1.0838720424113504
0.722351758032472,1.1995255498642448,1.1457319218030468
0.722351758032472,0.8013902984524564,0.7800264538117041
0.722351758032472,0.35802311887168636,0.3238612714154929
-1.3843670883058157,-0.8395946908700799,-0.7698982192225798
-1.3843670883058157,-1.4072741123719739,-1.3636309770156405
0.722351758032472,1.1591959616174106,1.0195163620039343
-1.3843670883058157,-1.2166299814115038,-1.2338055769589915
0.722351758032472,0.7732533951357395,0.7707488496433487
-1.3843670883058157,-1.3400386134162976,-1.372586697835941
0.722351758032472,1.0943113567556364,1.054254050297812
-1.3843670883058157,-0.8865834257982067,-0.8195526777973183
-1.3843670883058157,-0.8296523304559584,-0.7993498125055515
0.722351758032472,0.2750214332961197,0.22462942482945658
0.722351758032472,1.1353597564031392,1.078341228902159
0.722351758032472,-0.49572443917713416,-0.48525409457932106
-1.3843670883058157,-1.3030271841577181,-1.3021116509192492
0.722351758032472,0.5632061878967118,0.5151792517402994
-1.3843670883058157,-1.1752004548341008,-1.1942609155000188
0.722351758032472,1.447311509598768,1.4325825325087194
0.722351758032472,0.5606960314874274,0.579585950068593
0.722351758032472,0.328907645100346,0.3119999815362525
-1.3843670883058157,-1.381883225610664,-1.3156037505184608
0.722351758032472,0.6040511490361893,0.5596202934282761
-1.3843670883058157,-0.9625967273921392,-1.0158516621419305
-1.3843670883058157,-1.086998537178148,-1.004994932825395
0.722351758032472,0.8139138764152238,0.7893572223968408
-1.3843670883058157,-1.1002790799444169,-1.0373914467960406
-1.3843670883058157,-1.1843660691357574,-1.255341664550961
0.722351758032472,0.9784537325148652,0.9477670690644354
-1.3843670883058157,-1.0731524210760284,-1.0243032457678236
-1.3843670883058157,-0.5533278398294094,-0.5072716903235368
-1.3843670883058157,-1.142432558057344,-1.063365761966749
-1.3843670883058157,-1.0101206595718726,-0.9691620432329885
0.722351758032472,1.2134810055218903,1.1589358798680132
0.722351758032472,0.43467317145837747,0.40039461477656824
-1.3843670883058157,-1.2690159973841062,-1.3146469742074052
-1.3843670883058157,-1.3403767491652125,-1.3489554430767758
0.722351758032472,0.45670798819026903,0.41763193870615833
0.722351758032472,0.6228369133996412,0.6562693913014943
0.722351758032472,0.5326025814938158,0.5340619662236112
0.722351758032472,0.34086091216937375,0.35122215861043793
0.722351758032472,0.32590792584435585,0.32138840885042896
-1.3843670883058157,-0.9790491329389903,-0.9836508963527091
0.722351758032472,0.39953792862391463,0.3662740156567935
0.722351758032472,1.0371829195238031,0.9957071430276285
0.722351758032472,0.4261563715851592,0.4348241244420155
0.722351758032472,0.2516530636216894,0.36439902829335713
0.722351758032472,0.18773511337375803,0.16574708202501254
-1.3843670883058157,-1.267042715466534,-1.2981390708533855
-1.3843670883058157,-1.4127448840569126,-1.4168882232509652
-1.3843670883058157,-1.4924040517581432,-1.4820013112535162
0.722351758032472,0.7933261385328343,0.8084574716220978
0.722351758032472,0.6887824282695174,0.6585287473881432
-1.3843670883058157,-0.8464049153760811,-0.8491558906530268
0.722351758032472,0.5103053490610829,0.4637743487250506
0.722351758032472,0.6900803796299289,0.6725029784241296
0.722351758032472,1.051126079944367,0.9857108274536645
0.722351758032472,0.6525456626905524,0.6582298935799407
0.722351758032472,0.629622525150974,0.652734748220467
0.722351758032472,0.35700735853352084,0.3482360631084912
-1.3843670883058157,-1.3392605246558735,-1.2660198479715714
0.722351758032472,0.5719296868272833,0.5973325250090564
0.722351758032472,1.3281003216257894,1.2847734505539163
-1.3843670883058157,-1.0971527978177864,-1.0503904388647494
0.722351758032472,0.6773009354278783,0.6367928495624633
0.722351758032472,1.086915407582869,1.0351101201298265
-1.3843670883058157,-1.3111970025117297,-1.2710862126047233
0.722351758032472,0.39305617939654436,0.41524485930685784
0.722351758032472,0.8786965083304248,0.8269390115566579
0.722351758032472,1.2744870750014698,1.2777091076558578
-1.3843670883058157,-0.7878528387826367,-0.7509633308975123
0.722351758032472,0.1254030436632192,0.1626340725640949
0.722351758032472,0.806191579047875,0.8288095385951317
-1.3843670883058157,-0.7365244302069491,-0.689109960472374
0.722351758032472,0.7590608845783634,0.6599552006163218
0.722351758032472,-0.18467346078894037,-0.12614910219537384
0.722351758032472,1.0256378253437402,0.9988995132334854
0.722351758032472,0.5573411653455305,0.47023628914240523
0.722351758032472,-0.14385480651998908,-0.11442352479940968
-1.3843670883058157,-1.0603408558403624,-1.0779681167603061
0.722351758032472,0.7445076632448808,0.6695779429604218
0.722351758032472,0.46274858937547,0.395360715054889
-1.3843670883058157,-1.0237791159695724,-0.9595302731903209
-1.3843670883058157,-1.212945477552608,-1.2415910112480528
-1.3843670883058157,-1.3928377896277482,-1.448202900972345
-1.3843670883058157,-1.1359422217428288,-1.1368605742309592
0.722351758032472,-0.3236281420196471,-0.3025053304041928
0.722351758032472,0.43837922440266597,0.4344036214904593
0.722351758032472,1.3078509237858902,1.2237399229510766
0.722351758032472,0.45962384790554356,0.4857287231522204
-1.3843670883058157,-1.2651062252414267,-1.2482723816027514
-1.3843670883058157,-1.1955064460256406,-1.114456509393786
0.722351758032472,0.3803204870942719,0.34535088292154215
-1.3843670883058157,-0.8152352345199332,-0.73519039089758
0.722351758032472,0.6250593311537493,0.5319453685868697
0.722351758032472,0.25555960825540336,0.23255610559819606
0.722351758032472,0.16052403026824813,0.10052842702105202
-1.3843670883058157,-1.1291207104411203,-1.0989016225958483
0.722351758032472,0.5456415801849052,0.5099884152453241
-1.3843670883058157,-1.3537327176419776,-1.3534926711919673
0.722351758032472,-0.4291713598276145,-0.4479208431172361
-1.3843670883058157,-0.8144541842190904,-0.7623410830394328
-1.3843670883058157,-0.6241606747196226,-0.579567708909557
-1.3843670883058157,-1.1434761596411132,-1.0932291721882101
0.722351758032472,0.6165920503006144,0.6141031588431553
0.722351758032472,0.34870839607748183,0.35369597391535423
0.722351758032472,0.6542783325963459,0.6029398484600286
0.722351758032472,0.08729173263703383,0.08376830754042613
-1.3843670883058157,-1.057052946911751,-0.9890144044384713
-1.3843670883058157,-0.7562265978455212,-0.7030890783723547
-1.3843670883058157,-0.8514674043913462,-0.7616402499738619
0.722351758032472,0.5605831793404059,0.6432879507820449
0.722351758032472,0.5737806865363863,0.5606418619383758
-1.3843670883058157,-1.2068118210665932,-1.1734517746850557
0.722351758032472,0.5566305228364345,0.6053318452264183
-1.3843670883058157,-1.0381008977934276,-0.961797710585865
0.722351758032472,-0.03131009725874012,-0.0841673423096857
0.722351758032472,0.767120753794007,0.7224669931973753
-1.3843670883058157,-1.3309456907356811,-1.277520653639838
0.722351758032472,0.647400322171827,0.691715502177769
0.722351758032472,1.2072165297296755,1.1798744841588698
0.722351758032472,0.6215569171471786,0.6233459956209777
-1.3843670883058157,-1.2860767399307862,-1.242707223674863
0.722351758032472,0.37244550971402657,0.43825105828466715
-1.3843670883058157,-1.1252313727000713,-1.1525392980246454
-1.3843670883058157,-1.4154822227775203,-1.3511215535980186
0.722351758032472,1.3566070164946393,1.307034883602706
0.722351758032472,0.2217870035463545,0.23821972552058712
0.722351758032472,0.405918545499964,0.3406095583127476
0.722351758032472,0.5290652860016795,0.5199226196983142
-1.3843670883058157,-1.1855970502645339,-1.1644664422833266
0.722351758032472,0.7235497748600808,0.7245087742498646
0.722351758032472,1.3060752283631518,1.288948621538261
0.722351758032472,0.5742496910620403,0.606584549037406
0.722351758032472,0.3903966286590538,0.40377881724266107
0.722351758032472,0.4027957713721252,0.49389086487706446
0.722351758032472,1.3714820620427408,1.325690865692274
0.722351758032472,1.3684008207000367,1.3813014613169308
-1.3843670883058157,-0.3916199888352586,-0.34561776667117394
0.722351758032472,0.6340212352627818,0.601218491402299
-1.3843670883058157,-1.362271707721467,-1.303255071947726
-1.3843670883058157,-0.6440566205215212,-0.5789441944673808
-1.3843670883058157,-1.3515403353421531,-1.3552367503251788
0.722351758032472,0.2379001060284045,0.23556437116625495
0.722351758032472,1.1647514167579895,1.1321802560932677
0.722351758032472,-0.46853200477028256,-0.3986312353507786
-1.3843670883058157,-0.9163383518754704,-0.8977061584117592
-1.3843670883058157,-0.9021422855537344,-0.8272765076180418
0.722351758032472,0.24087216569899395,0.2236180050686024
0.722351758032472,0.38350096051006155,0.31182345371838255
0.722351758032472,-0.48358574492782175,-0.4480470208004069
0.722351758032472,1.1847104007170506,1.1624468120346894
-1.3843670883058157,-1.0441059821995085,-0.9938295868722551
0.722351758032472,0.30311021561652973,0.2927225404919467
0.722351758032472,1.1959345443356253,1.085286233390749
0.722351758032472,0.9939229989951489,0.9697440751498227
0.722351758032472,1.31230347970378,1.272763531370035
-1.3843670883058157,-1.2292030800465061,-1.2059051496231703
0.722351758032472,0.8970785917158688,0.8626607995098895
0.722351758032472,0.657111327667286,0.6759610408744725
0.722351758032472,1.3660405840638488,1.3601771974252763
0.722351758032472,0.8033481472122994,0.8024251756912752
0.722351758032472,0.40680691133335656,0.452130041037454
-1.3843670883058157,-1.1496178373166295,-1.1482305174725143
0.722351758032472,0.5483628771136184,0.5678567225467758
0.722351758032472,0.33104755035002453,0.3159043198225113
-1.3843670883058157,-0.49925924903083485,-0.48144165868578737
-1.3843670883058157,-1.161250849684922,-1.120691039434186
0.722351758032472,0.3563647240448674,0.32703058689997716
0.722351758032472,1.1294829240189779,1.115970984229812
0.722351758032472,0.6647067922645092,0.6704529696531635
0.722351758032472,1.2595161130824264,1.2543702066624465
-1.3843670883058157,-1.1009513755172058,-1.1065625879632202
0.722351758032472,1.296279976307969,1.2805913475399502
0.722351758032472,0.302945335281035,0.30307038990300866
0.722351758032472,0.5720469574877034,0.4742838720639382
0.722351758032472,1.0489615530835337,1.0162356327170443
-1.3843670883058157,-1.3422690435878657,-1.2744893560324118
-1.3843670883058157,-1.4479245703892636,-1.41764657908452
0.722351758032472,1.0650821508736787,1.0165115697614149
-1.3843670883058157,-1.3946672294912799,-1.3170148320136106
0.722351758032472,0.4478265484391841,0.3854517300639126
0.722351758032472,0.5553275486262356,0.4824771619871412
0.722351758032472,0.39271649712421963,0.4473878928432222
0.722351758032472,1.0713147059500883,1.0704183143806896
-1.3843670883058157,-1.033930062628314,-0.9489410522319082
0.722351758032472,0.4971601945064893,0.5004696309764971
-1.3843670883058157,-0.752172596402531,-0.7150014668283489
-1.3843670883058157,-1.1480002938115765,-1.0603656392451024
0.722351758032472,1.1725065716861933,1.1606765843505666
0.722351758032472,0.734101789537161,0.7002935225170832
0.722351758032472,0.39528213847094623,0.37043809852240206
-1.3843670883058157,-0.8201705993232058,-0.8625565743087068
-1.3843670883058157,-1.3758250971430488,-1.386666273979033
-1.3843670883058157,-1.668627247126981,-1.615467275469124
-1.3843670883058157,-0.7778214760174262,-0.7633604493608558
0.722351758032472,0.48814157430111227,0.5190869966374456
0.722351758032472,0.307205981331322,0.25879076994372874
0.722351758032472,0.4350267301961509,0.39814806371950595
0.722351758032472,0.4535697845619526,0.4734879865811187
-1.3843670883058157,-1.4895423978144249,-1.469491932571062
0.722351758032472,-0.4120129557352351,-0.3915072446266754
0.722351758032472,0.6674848354301515,0.6120346684514264
0.722351758032472,0.6046243740603197,0.5690447118264925
-1.3843670883058157,-1.3027474067176372,-1.2545641953962197
0.722351758032472,0.6310524003118905,0.566805145831974
0.722351758032472,0.6120476340199498,0.604272923659881
-1.3843670883058157,-1.2578006365344643,-1.2108706775648113
-1.3843670883058157,-1.2544298062940467,-1.1965348517711325
0.722351758032472,0.6214468567141257,0.6413430872599514
-1.3843670883058157,-0.9052591372498154,-0.8636259733350172
-1.3843670883058157,-1.299479249213345,-1.3567914717884124
0.722351758032472,0.2987393959002932,0.29754683890711964
-1.3843670883058157,-0.6921021203352864,-0.663035793157412
0.722351758032472,0.6481063394670099,0.6066001578711778
0.722351758032472,1.2014541787233044,1.2053838586864218
0.722351758032472,1.3055194525476765,1.313742971383478
0.722351758032472,1.4003834551246865,1.3692349829381363
0.722351758032472,0.6288284364845863,0.6566421047948433
0.722351758032472,0.5658000278531219,0.49084822707845244
-1.3843670883058157,-0.9168842142791522,-0.9163827617998237
0.722351758032472,0.42445001604111376,0.3889850930708974
-1.3843670883058157,-1.1488588673144249,-1.0971727926148922
0.722351758032472,0.8171161428794904,0.833972444002891
-1.3843670883058157,-0.8197150679088463,-0.8151594891830054
0.722351758032472,0.7110036068368705,0.6620992589971446
-1.3843670883058157,-1.061707179264923,-1.0274883697279908
-1.3843670883058157,-1.3014296497863898,-1.2966490550692822
0.722351758032472,0.46593600199052554,0.45414399472637945
-1.3843670883058157,-1.0606290255502362,-0.9921435398642838
0.722351758032472,0.6098777341406878,0.5434705654926898
-1.3843670883058157,-1.3812101530818737,-1.334565513783069
0.722351758032472,0.2324493478821082,0.22458289927353936
0.722351758032472,0.3890412813595874,0.3301537620893167
0.722351758032472,-0.029531943646960213,0.04377192874185665
0.722351758032472,1.5291062146434358,1.4924346513434443
0.722351758032472,0.451481582120391,0.4378451670558892
0.722351758032472,0.41221134964085315,0.465981433520123
-1.3843670883058157,-1.0655368258085938,-1.1054871296112865
0.722351758032472,0.09257761531267517,0.05555907020288653
-1.3843670883058157,-1.588566467450326,-1.537925432123007
0.722351758032472,0.502616663365723,0.4852117013916256
-1.3843670883058157,-1.170343861434283,-1.1427459449480186
0.722351758032472,0.5843951234956107,0.5204736583703479
0.722351758032472,0.32701936827818967,0.35713494754440156
0.722351758032472,-0.2885565318334262,-0.27674407868375445
-1.3843670883058157,-1.4000664894831105,-1.3083158292165407
-1.3843670883058157,-1.474680932488946,-1.3948195764696585
0.722351758032472,0.5585559312886015,0.5014868184122719
0.722351758032472,0.7111049590988167,0.6697301526160878
-1.3843670883058157,-1.2519000881296838,-1.2154429919178413
0.722351758032472,1.153995228656946,1.1507489648536087
-1.3843670883058157,-1.2986982496842683,-1.289568160603888
0.722351758032472,0.3587801025874888,0.38529554870485183
-1.3843670883058157,-1.2904858901432708,-1.31787856576978
0.722351758032472,0.8238557766626774,0.8027051924570154
-1.3843670883058157,-1.2219652741436322,-1.1492458559160261
0.722351758032472,0.5477706744851305,0.4731415522859964
0.722351758032472,1.3698501276709494,1.3503049766549462
-1.3843670883058157,-0.6632290086732343,-0.5932615041435944
0.722351758032472,0.5727068587616524,0.521095788588688
0.722351758032472,0.4435901679493851,0.47570758037644534
-1.3843670883058157,-1.0642869028339117,-1.0008573241204415
0.722351758032472,1.1529097809900328,1.117456940457667
0.722351758032472,1.0803426777567937,1.0722685400899898
0.722351758032472,1.0544349889673108,1.021895097009475
-1.3843670883058157,-0.9957155439922278,-0.9680410839801221
-1.3843670883058157,-1.0876788953995,-1.0200652931738912
-1.3843670883058157,-0.6678915220607322,-0.5560111284835296
0.722351758032472,1.2944684632699728,1.2633938328014096
0.722351758032472,0.4748211473921402,0.5140818900514813
0.722351758032472,0.3161266463522706,0.308803692941207
-1.3843670883058157,-0.803548954288063,-0.7875092858779916
0.722351758032472,-0.6662870066279446,-0.6428903133626678
0.722351758032472,0.46871309252835924,0.4888167083358018
0.722351758032472,0.2764728744684859,0.36135194563303363
-1.3843670883058157,-1.024577972413204,-0.9738351285368665
0.722351758032472,0.18844148325445637,0.15915116739500423
-1.3843670883058157,-1.2085839996414889,-1.2262457320727558
-1.3843670883058157,-1.2535507044547747,-1.2461759997154116
0.722351758032472,0.9917262416820243,0.9513223633528953
0.722351758032472,0.21482444924936583,0.2683572781368605
-1.3843670883058157,-1.4315268668246055,-1.4402660052570149
-1.3843670883058157,-0.5203389584629565,-0.47643419527154585
-1.3843670883058157,-1.253778687561595,-1.2615083633533135
-1.3843670883058157,-1.451336367351997,-1.455825296551328
0.722351758032472,-0.33401774577050614,-0.304601326318914
0.722351758032472,0.6945465977770102,0.6726812008045071
-1.3843670883058157,-1.1266466238368875,-1.0555078743264337
-1.3843670883058157,-0.914557098018094,-0.8452028432630069
-1.3843670883058157,-0.8036863455064757,-0.8085727238603562
0.722351758032472,1.1082358041720408,1.0734739764779035
0.722351758032472,0.6823549814078406,0.6925813910804565
0.722351758032472,0.8295464705377523,0.774132615691115
-1.3843670883058157,-1.0152498237280774,-0.962713133889906
-1.3843670883058157,-0.8793058896203966,-0.8431161745329899
0.722351758032472,0.6922470861095533,0.7521870656024539
-1.3843670883058157,-1.3739953662223527,-1.3994322158170263
0.722351758032472,0.38680780002422394,0.3287717259424633
0.722351758032472,0.7480177731872666,0.6511707026006167
0.722351758032472,0.23058036481634303,0.20167984124848348
0.722351758032472,1.019712335726982,1.0047423496641898
-1.3843670883058157,-0.8353847152812359,-0.8178281533061453
0.722351758032472,0.5101161189373333,0.4526547727586029
0.722351758032472,0.39561984588643684,0.4141801335501486
-1.3843670883058157,-1.1953848488079322,-1.2130752402979121
0.722351758032472,0.6717341318569949,0.5871511543469328
0.722351758032472,1.1102461426271057,1.0757889443296835
0.722351758032472,0.4724830007721588,0.4982186799083927
-1.3843670883058157,-1.2823066831674168,-1.3129815876059359
-1.3843670883058157,-1.2302821240133457,-1.185776828550296
-1.3843670883058157,-1.2583831223480333,-1.2025581112783352
-1.3843670883058157,-1.067484744807174,-0.9796951790316636
-1.3843670883058157,-1.329056726924073,-1.281927897509393
0.722351758032472,0.18267555610293795,0.2572928312606705
0.722351758032472,0.5993134405915559,0.5591688602843574
0.722351758032472,0.4284442074613113,0.37079732448904146
-1.3843670883058157,-0.7353680289415752,-0.713271790831556
-1.3843670883058157,-1.3984827111786595,-1.419192669823433
0.722351758032472,0.5671679737841487,0.6137061982899106
0.722351758032472,0.46932334528704955,0.41124482291393
0.722351758032472,0.6527323189195189,0.6061028594304382
-1.3843670883058157,-1.6990892648851763,-1.6561062893139216
0.722351758032472,1.200652089870863,1.1372512613314179
-1.3843670883058157,-0.9785930339056308,-0.9851371474342965
-1.3843670883058157,-0.8229867514294914,-0.8056572597030536
0.722351758032472,0.46673562311876887,0.447763523981139
0.722351758032472,-0.4783166232470254,-0.45377269892113814
-1.3843670883058157,-1.2448057163380983,-1.2243558513458292
-1.3843670883058157,-1.066881405836578,-1.116149727789799
0.722351758032472,0.07006586380155067,0.13501793233581227
0.722351758032472,1.0188686068352528,1.0216319532574665
-1.3843670883058157,0.10214068864769144,0.09940814458210934
0.722351758032472,1.4815859751237666,1.4574932336329567
0.722351758032472,-0.3678583833053885,-0.3586034406331977
0.722351758032472,0.778924009800688,0.7803303291701212
0.722351758032472,0.3761768887551665,0.3693194288616308
0.722351758032472,0.5471043638103734,0.5240178424407534
0.722351758032472,0.7498355194669709,0.7071697346326009
0.722351758032472,0.5418701678307459,0.5137927269891643
-1.3843670883058157,-1.0405346527747505,-0.9619462228210314
0.722351758032472,0.5597257009673229,0.5419200184914313
0.722351758032472,0.43593330942559794,0.3869118239895878
0.722351758032472,0.724091402341277,0.7157528399540277
0.722351758032472,0.1800089004690918,0.2109552645348275
0.722351758032472,0.29607670752687865,0.3887559713775247
0.722351758032472,1.0856183735261946,1.0615978038591052
-1.3843670883058157,-1.4339369205893415,-1.4255916443161352
0.722351758032472,0.402997938553504,0.32328226804470944
0.722351758032472,0.6542421738634584,0.648970809039632
0.722351758032472,1.1881230960836637,1.1440235188815633
-1.3843670883058157,-1.1674306850487959,-1.144766496076794
0.722351758032472,0.2588031202762512,0.2526641605602874
-1.3843670883058157,-0.9506764891694407,-0.9971289106585581
0.722351758032472,0.542557760253408,0.5777953232665505
-1.3843670883058157,-1.3518983581717665,-1.2975820887697311
0.722351758032472,0.62365788532725,0.5459022118845219
0.722351758032472,0.9572145491462375,0.8899979888024222
0.722351758032472,0.6433957527821443,0.7310954847583413
-1.3843670883058157,-1.688121787683114,-1.6161280191196354
0.722351758032472,0.19414907971582973,0.24121836569626898
-1.3843670883058157,-1.310622224609905,-1.2194654949439774
0.722351758032472,1.3874654693891142,1.3768550774891593
0.722351758032472,0.37416320898329314,0.3374183058949911
0.722351758032472,0.39134888282846986,0.3483784400271247
0.722351758032472,0.7219784590201926,0.6342155982954135
0.722351758032472,0.7509569836036987,0.7321488238817535
0.722351758032472,0.4677769336815296,0.5218398992860526
-1.3843670883058157,-1.4212254391463406,-1.4042186728986028
0.722351758032472,0.5380122829266587,0.4864524805630899
0.722351758032472,1.1148931358805547,1.105945135177603
-1.3843670883058157,-1.17937639947626,-1.1512586284757598
0.722351758032472,0.3198441036208052,0.34535078051053336
0.722351758032472,1.0310407982694896,1.038912720936617
-1.3843670883058157,-1.3825289897397386,-1.3723024359247566
0.722351758032472,0.7165303922278279,0.6816468821069603
0.722351758032472,0.44053027317281324,0.4579737979417704
0.722351758032472,0.4864228074301547,0.4440660332031069
0.722351758032472,0.7166498891996791,0.6975917683752095
0.722351758032472,0.1486831954997671,0.09773677126993718
0.722351758032472,0.4078534287768076,0.3944976370133081
0.722351758032472,-0.12390858210247899,-0.13393731953061874
-1.3843670883058157,-1.1964614059002607,-1.1848746774484546
0.722351758032472,0.5184646703307172,0.6026580812491146
-1.3843670883058157,0.27038217412894416,0.2504574571487027
0.722351758032472,0.7344017354147192,0.7535230374814574
0.722351758032472,0.5243322094143616,0.5865340121528692
-1.3843670883058157,-0.5888232382356343,-0.5107076885377575
0.722351758032472,0.6982182460231063,0.7287110155966732
0.722351758032472,0.8607885575523494,0.8509482873766744
0.722351758032472,1.0399062135997363,0.9964096245913349
0.722351758032472,-0.4923992165114781,-0.5206751118474902
0.722351758032472,0.9845682115989698,0.9895613410127038
-1.3843670883058157,-0.9136984204184988,-0.8448305909795973
0.722351758032472,1.1752200161128676,1.168385104368235
0.722351758032472,0.7299303883961124,0.6994204666597821
0.722351758032472,0.6353948191995957,0.6712144985495243
0.722351758032472,-0.45052667971481086,-0.4504361635757549
-1.3843670883058157,-1.3600704272034678,-1.2928968876523168
0.722351758032472,0.48302867898165597,0.4277383149933853
0.722351758032472,1.2399709326390216,1.2601076538655775
0.722351758032472,1.2555646294830152,1.250690942868992
0.722351758032472,0.26136213492238436,0.2919901035919616
0.722351758032472,0.3295314440431608,0.2829080234254573
0.722351758032472,0.5840034840069162,0.5272688836058781
0.722351758032472,1.0320840458917004,1.0276531539235076
0.722351758032472,1.2827231510004846,1.2992968418967228
0.722351758032472,0.8149353850425144,0.7900921110517773
-1.3843670883058157,-1.2686581147023417,-1.2531326021849183
-1.3843670883058157,-0.7276311146518417,-0.733103931445764
-1.3843670883058157,-1.219442190922399,-1.234599521492628
-1.3843670883058157,-1.3445355467416327,-1.279091124316586
0.722351758032472,1.3024202706682302,1.2378338411025114
0.722351758032472,1.2264011986287846,1.2196068775833782
0.722351758032472,0.47919278683945843,0.4173421354281913
-1.3843670883058157,-0.5844391085672445,-0.5385038324425169
0.722351758032472,-0.41621394634103226,-0.39950108761053715
0.722351758032472,-0.1717956388000748,-0.16942038803187323
-1.3843670883058157,-1.0878259848005623,-0.9885505063666651
-1.3843670883058157,-1.314587342244029,-1.3551736388799571
0.722351758032472,1.0480892890465945,1.0115766179809171
0.722351758032472,0.5908828165421576,0.5876323685678712
0.722351758032472,0.31598854135762333,0.3086262551184189
0.722351758032472,0.7086300043925373,0.6962541446130153
-1.3843670883058157,-1.2030770808897198,-1.1673975150588196
0.722351758032472,0.6419501700841813,0.6057478710050327
-1.3843670883058157,-1.3694167676996607,-1.3907879385563533
0.722351758032472,0.7185014611145932,0.7252610860345868
0.722351758032472,1.0545232797265252,0.9453196193218436
-1.3843670883058157,-1.2447662397739483,-1.1592395924331305
-1.3843670883058157,-1.2648343433597156,-1.25122816739041
0.722351758032472,1.204340694647103,1.2061457451186874
0.722351758032472,0.5086948785696089,0.46013331903608157
-1.3843670883058157,-0.8807462047398305,-0.8470224098630108
-1.3843670883058157,-0.4417159515797585,-0.40894741611381913
-1.3843670883058157,-0.9234155278751526,-0.8316226038235928
0.722351758032472,0.6402133103702811,0.6868923217159578
0.722351758032472,1.3700016655233354,1.358200971201848
-1.3843670883058157,-1.2815135289725637,-1.295745682856735
0.722351758032472,0.4000795118299776,0.3766267218514046
0.722351758032472,-0.2538142923180824,-0.18014675596702703
0.722351758032472,0.5124225396008921,0.46529937452026654
-1.3843670883058157,-1.2690019339936043,-1.2221730705525857
0.722351758032472,0.7620449153887479,0.7850786230272382
0.722351758032472,0.5514363186855249,0.5343284509463277
-1.3843670883058157,-2.0965720466416125,-1.9113907803711618
0.722351758032472,0.9911628261116175,0.9487193460239416
0.722351758032472,-0.14435118374544836,-0.12547228590594706
-1.3843670883058157,-0.9731164050463343,-0.9048131274399062
-1.3843670883058157,-1.327209524860851,-1.3186407101208972
-1.3843670883058157,-1.0989093765850533,-1.132750297496622
0.722351758032472,-0.6353271118821158,-0.6169019210954767
0.722351758032472,0.5905881655917875,0.6227429433111586
0.722351758032472,-0.4644154732774536,-0.44739812627624387
0.722351758032472,0.4259593494500308,0.43544663250483284
-1.3843670883058157,-1.4062699313212836,-1.421717159709737
-1.3843670883058157,-1.097202210008206,-1.125415518256863
0.722351758032472,0.8652205700035246,0.8447721747254909
0.722351758032472,0.6412315850297137,0.6603645221216045
0.722351758032472,-0.5690866750714626,-0.5358353676818999
0.722351758032472,0.7961703500464077,0.7450229575197046
0.722351758032472,0.9472851807762813,0.9363160272103616
0.722351758032472,0.7199731444854014,0.7320019473734496
-1.3843670883058157,-0.496884886211012,-0.536261100117451
-1.3843670883058157,-0.9724622459056376,-0.9457670492664394
0.722351758032472,1.5154164168825874,1.4654097264510089
0.722351758032472,0.41146706400796396,0.3661872080207431
-1.3843670883058157,-0.9698919373264668,-0.9162503367602068
0.722351758032472,0.3326725482561915,0.3558154762135638
0.722351758032472,0.848747977316882,0.8009896371252253
0.722351758032472,0.8547422271044988,0.8338440329908178
0.722351758032472,0.593252028816216,0.6120824736674397
0.722351758032472,0.44821083501107384,0.4064998183988088
0.722351758032472,0.6422023341248035,0.655059118045459
0.722351758032472,0.7207441019939149,0.6977171137319116
0.722351758032472,0.6070585053015783,0.5802596929094067
0.722351758032472,0.6569543983963143,0.5807130655934427
-1.3843670883058157,-1.1718319502545393,-1.0929749608206454
-1.3843670883058157,-0.808846051870335,-0.7975107992501476
0.722351758032472,0.27266142146553807,0.2484937489565608
-1.3843670883058157,-0.615196841629598,-0.5520747404862669
0.722351758032472,0.5012743180722311,0.591647109533072
0.722351758032472,0.6587934077391832,0.7076139480341009
0.722351758032472,0.43503629606153427,0.4437498441782294
0.722351758032472,-0.3365873580182574,-0.32414775487024894
0.722351758032472,1.085596771903183,1.0785823958245824
0.722351758032472,0.9283664353927691,0.8668705338387348
0.722351758032472,0.7100347654608606,0.6902320667239645
0.722351758032472,0.5830234509865406,0.6091486822721021
-1.3843670883058157,-1.2367246922932158,-1.2136451659377514
0.722351758032472,1.3304177476972776,1.3237185012495407
0.722351758032472,0.6410115590638901,0.6845858852114525
0.722351758032472,0.5353157136797575,0.4699537035110287
0.722351758032472,-0.1348800257944705,-0.1513150342641412
0.722351758032472,0.7932672792727199,0.7775658986915135
0.722351758032472,0.47559474025736553,0.480786892849129
-1.3843670883058157,-0.8612310401689239,-0.8281231387220337
0.722351758032472,0.0015348153465809533,0.040194995525754895
0.722351758032472,1.158202599029166,1.1482454117805352
-1.3843670883058157,-0.9906466702999763,-1.035338884010221
0.722351758032472,0.7196579904905172,0.6793119238377294
0.722351758032472,0.6941131644809726,0.6116136312191869
0.722351758032472,0.5422215344056692,0.4729655316195821
0.722351758032472,1.291032416305995,1.2656248970832844
0.722351758032472,0.3042105127221274,0.313748341320225
-1.3843670883058157,-1.09486083886111,-1.0437491193403026
0.722351758032472,0.5015128557185302,0.5413071669551792
0.722351758032472,0.3662642515357804,0.3124449767260414
-1.3843670883058157,-0.5121388872227125,-0.4704047075250526
0.722351758032472,0.9921142036346056,0.940550654734803
0.722351758032472,1.192825541491567,1.1487147819546297
-1.3843670883058157,-0.899837538584047,-0.9032946213960782
0.722351758032472,0.3226650945026265,0.39123685752988946
0.722351758032472,0.9342637076069019,0.9028106970104135
0.722351758032472,1.066209954955135,1.0024974836036984
0.722351758032472,0.8716023459332597,0.877466456375892
0.722351758032472,0.9352986998460446,0.9410662312941598
0.722351758032472,1.350801914268228,1.321864695141075
0.722351758032472,0.6976619114437211,0.650922854223197
-1.3843670883058157,-1.099353242662498,-1.0379974573125452
0.722351758032472,-0.5241677284701223,-0.5078803251045679
-1.3843670883058157,-1.024265839938415,-0.9470762983172936
0.722351758032472,0.6928052822819936,0.6886825100377811
0.722351758032472,0.20794453366477406,0.21620951947260703
0.722351758032472,0.4756487795203457,0.4309300020283035
-1.3843670883058157,-1.1321308851735556,-1.0571987676846517
-1.3843670883058157,-1.1624767573037296,-1.1459161443396195
-1.3843670883058157,-1.0263191624693824,-0.9461783795501606
-1.3843670883058157,-1.3810553610927356,-1.316442691000586
-1.3843670883058157,-1.1266779837163134,-1.071074020285956
0.722351758032472,1.515127472390133,1.4913543886721934
0.722351758032472,1.325717789165982,1.321830016668493
-1.3843670883058157,-1.3962238282721415,-1.4019474394469502
-1.3843670883058157,-0.9870017650566281,-0.9375107665710645
0.722351758032472,0.654710514141493,0.6824267262224579
-1.3843670883058157,-1.2888575521075811,-1.2758820416532801
-1.3843670883058157,-0.9643103155718975,-0.8901643427521814
0.722351758032472,-0.2500182174745633,-0.2543587291025834
0.722351758032472,0.7044915654806525,0.6183993907983958
0.722351758032472,1.2594188967393503,1.2171631935822083
-1.3843670883058157,-0.926152288321386,-0.8294559463528498
-1.3843670883058157,-1.0193555506401224,-0.9574806359924873
0.722351758032472,0.38779016745055117,0.3731405675351105
0.722351758032472,0.8549885424879871,0.8253952541971457
0.722351758032472,0.2639015540933839,0.2595453705242151
-1.3843670883058157,-0.7289700569937896,-0.6580170608795426
0.722351758032472,-0.43764018666010346,-0.425649406944135
0.722351758032472,0.6242224796140066,0.5637140825671143
0.722351758032472,0.4027044434181184,0.3527867830248748
-1.3843670883058157,-0.11160078641739912,-0.1219966361163557
-1.3843670883058157,-1.1060794522660382,-1.0606068037505363
-1.3843670883058157,0.2872150182420782,0.2267261687026797
-1.3843670883058157,-1.0233143873268877,-0.9525967002656214
0.722351758032472,0.30775010854998386,0.3134788812256796
0.722351758032472,0.6503236338063973,0.7333931791714343
0.722351758032472,0.43531197625003637,0.5465928082420338
-1.3843670883058157,-0.966048039576781,-0.8798422064755537
0.722351758032472,0.36351030942377677,0.3080842202801818
-1.3843670883058157,-1.0905319661330297,-1.123877304941464
0.722351758032472,0.5171129458513481,0.459859864090463
-1.3843670883058157,-1.5304274733382783,-1.5062538041214668
0.722351758032472,0.3674628484244249,0.43545622074162416
0.722351758032472,0.7588863376785042,0.7551872194230577
0.722351758032472,0.8674410486272879,0.7967996403634332
0.722351758032472,0.910511035790859,0.8906893536022592
-1.3843670883058157,-1.1036539878891254,-1.113786363319891
-1.3843670883058157,-0.9161750569657492,-0.8421606397943129
-1.3843670883058157,-1.4004216694269433,-1.368512906366933
0.722351758032472,0.3405701753781766,0.3269882215363964
0.722351758032472,0.09955385404450512,0.08015787794154944
-1.3843670883058157,-0.9780962431830986,-0.891066675866974
0.722351758032472,0.6132293530279621,0.6066395217927885
0.722351758032472,-0.44187484401538696,-0.39372787961439815
0.722351758032472,0.6206693628779926,0.5837823369050203
-1.3843670883058157,-0.7333701301269596,-0.6815560669332126
0.722351758032472,1.434083111881599,1.3917902143566696
0.722351758032472,0.1809682188820616,0.12350338731105448
-1.3843670883058157,-1.0771830028808664,-0.9885155034687729
-1.3843670883058157,-1.0399332210052277,-0.9702649908118061
-1.3843670883058157,-0.9881688721604257,-0.983033231757969
0.722351758032472,1.1052787453974298,1.0625678396653913
-1.3843670883058157,-1.1188444674502034,-1.0941909018338751
0.722351758032472,0.5890778496338083,0.5422671156429091
-1.3843670883058157,-0.7108848749792949,-0.6508495941003025
0.722351758032472,0.42555630676922807,0.40228985039413534
-1.3843670883058157,-0.7129139435773955,-0.6421081119120806
0.722351758032472,0.39510593196983823,0.3545705108342282
0.722351758032472,0.4083459863275558,0.3709998751257146
0.722351758032472,0.7372262685216481,0.7281732965049567
0.722351758032472,0.5565694167024161,0.5670716507597223
0.722351758032472,0.6985810152883013,0.6881596709181627
0.722351758032472,0.5147635495095778,0.4243664486003229
0.722351758032472,0.7163219813589712,0.6401617956632183
0.722351758032472,0.8169773899259809,0.8053102862808929
0.722351758032472,0.6904606214865376,0.6580773800458781
-1.3843670883058157,-1.1196330840816469,-1.1414349487849833
0.722351758032472,0.7308579600573618,0.7591888935733623
0.722351758032472,1.3180088805592869,1.2520688683784584
0.722351758032472,0.4601745356037089,0.5544962386428351
-1.3843670883058157,-1.373963108657495,-1.4140669819458056
0.722351758032472,0.4342642071633108,0.4164779452826811
0.722351758032472,0.842801780699247,0.8072167720856089
-1.3843670883058157,-1.1995382969522645,-1.1405552123941725
0.722351758032472,1.065807162040631,1.0588121006284963
0.722351758032472,-0.6510945398622734,-0.6414775657645286
-1.3843670883058157,-1.4763991536545151,-1.487817427691172
-1.3843670883058157,-1.070480294244509,-1.1045028483654602
0.722351758032472,0.22319966954388926,0.2261435673627885
-1.3843670883058157,-1.2727344808383223,-1.312610458125471
-1.3843670883058157,-1.2435732692340806,-1.2056416166412782
0.722351758032472,-0.42726277508250143,-0.4151437221258939
-1.3843670883058157,-1.2153015532064266,-1.202024983677109
0.722351758032472,0.3634018849414966,0.377930638884235
-1.3843670883058157,-1.3724309509336685,-1.283792519810622
0.722351758032472,0.4712766951602525,0.4653304777301318
0.722351758032472,1.0008558233737368,0.9646167518491632
0.722351758032472,0.4079093257830678,0.37053779531626246
0.722351758032472,1.524096894522017,1.4588006296643332
0.722351758032472,1.390634908190781,1.361996570213118
-1.3843670883058157,-1.0928167371343374,-1.009509559119084
-1.3843670883058157,-1.013074723581983,-1.0462182893996899
0.722351758032472,0.5409452508692267,0.4643851100028138
0.722351758032472,0.3410271495088626,0.39861722044166115
-1.3843670883058157,-1.505348863538276,-1.530847260818033
-1.3843670883058157,-1.230583481421388,-1.2553797975833423
0.722351758032472,0.4510840450987103,0.4033551130995685
0.722351758032472,0.5861558209197071,0.5425709267222887
0.722351758032472,0.5454011680175093,0.49144228063251405
0.722351758032472,0.4759654458351793,0.4317590301477593
0.722351758032472,0.8437213567411052,0.8738385087314099
0.722351758032472,0.44861894043790473,0.5292044408222648
0.722351758032472,-0.5319322983061006,-0.5135521483629579
0.722351758032472,0.5529684493814881,0.5172818560557789
-1.3843670883058157,-1.4102693567935474,-1.3754755736825666
0.722351758032472,0.6875252417102067,0.5949849785915307
0.722351758032472,0.48227343016096835,0.46616592915203103
-1.3843670883058157,-0.6431966794467094,-0.5601582890730219
0.722351758032472,0.4781222223644603,0.4404308659015385
0.722351758032472,0.48997541362794295,0.5773815688532896
-1.3843670883058157,-1.6790271979166593,-1.6640414747006562
0.722351758032472,1.016101484838701,0.983339599794053
-1.3843670883058157,-0.8536636604963866,-0.7925626754958432
0.722351758032472,0.5945973950407166,0.6150245982988669
0.722351758032472,0.448758823632462,0.37873678878770234
-1.3843670883058157,-0.9756746194969678,-0.9214279399668007
0.722351758032472,0.6074270955943641,0.6185755226833063
-1.3843670883058157,-1.058888997984594,-1.1083780200080826
0.722351758032472,1.316969117018402,1.259010054890494
0.722351758032472,0.5104486360920916,0.45138560636687314
0.722351758032472,0.5013802686159522,0.4631300070333437
0.722351758032472,1.25512239153989,1.2631330871028355
0.722351758032472,-0.04898831988527863,-0.005169546673603503
-1.3843670883058157,-1.4435053779796043,-1.4429948562221762
0.722351758032472,0.6245342510997519,0.6131578450392587
0.722351758032472,-0.13418766911262378,-0.11698125883677218
0.722351758032472,0.6028238936955547,0.6582267323974309
0.722351758032472,0.7818610643781793,0.7609101121424184
0.722351758032472,0.5940354479089074,0.5902359389862128
0.722351758032472,0.32364135537623284,0.31756389255874196
0.722351758032472,-0.5335854879194378,-0.5302694772978188
0.722351758032472,0.9396281876746505,0.9267151303903622
-1.3843670883058157,-1.4639303890261575,-1.4000201818539364
-1.3843670883058157,-1.354304548377373,-1.289752798994622
0.722351758032472,0.5769871488998503,0.5990181962825659
0.722351758032472,1.3707177926236103,1.3516280498772106
-1.3843670883058157,-0.7643879588424828,-0.6606824775680391
0.722351758032472,0.8070808637589095,0.8492545291473539
0.722351758032472,0.16526335620843802,0.1532052718444088
0.722351758032472,1.27877689915069,1.2937667206688164
0.722351758032472,0.6607094588534851,0.6272163649931463
-1.3843670883058157,-1.2228400858375477,-1.1499915487494903
-1.3843670883058157,-1.3028366307225772,-1.274035658877501
0.722351758032472,1.0196905499239153,0.9894334988826755
-1.3843670883058157,-1.1917603230299272,-1.216213120083979
0.722351758032472,0.5841064571769772,0.5629491635844299
0.722351758032472,0.45811621187903295,0.5624039976596359
0.722351758032472,0.500663382466425,0.5957596199596711
0.722351758032472,0.43382667876329173,0.47132473530149777
0.722351758032472,-0.5807065367294788,-0.5310282362441521
-1.3843670883058157,-1.4937462882088126,-1.4806328608675867
0.722351758032472,0.37420123835049335,0.2862740946028487
0.722351758032472,1.0147782784469663,0.940837019075339
0.722351758032472,0.45952402790572433,0.4528907783649021
0.722351758032472,1.181817432148915,1.1680906532890625
0.722351758032472,1.0018555260495983,0.9949100822567447
-1.3843670883058157,-1.4477285797473176,-1.4712834402995378
0.722351758032472,0.4306038124418674,0.47848045149198737
0.722351758032472,0.2921295804474361,0.2634601323646937
0.722351758032472,1.4057669176610936,1.3511455959202605
0.722351758032472,0.4861558058954658,0.4996341873277341
0.722351758032472,0.5162616023792849,0.5172162378665817
0.722351758032472,0.5355821553246933,0.5293107896389027
0.722351758032472,0.8293103621080635,0.8242052675330468
-1.3843670883058157,-0.7820448890300595,-0.7376844186398055
0.722351758032472,0.6359804662752484,0.6463440024607492
0.722351758032472,0.6034333133908231,0.5476489431666257
-1.3843670883058157,-1.3196030070429505,-1.303949718847026
0.722351758032472,-0.5222920099596262,-0.5075385605793105
-1.3843670883058157,-1.0813077789858414,-1.0096062787339377
0.722351758032472,-0.04592901661935586,-0.026068876251262224
-1.3843670883058157,-1.1671520830025663,-1.1598460471877654
0.722351758032472,0.519295099731162,0.44415716895204543
-1.3843670883058157,-1.3653407007454321,-1.3680000218450816
-1.3843670883058157,-1.327720148275723,-1.2925384088449599
0.722351758032472,1.25282824210358,1.245729955817974
0.722351758032472,0.2969456072343545,0.2791823101558139
0.722351758032472,1.4081448461150785,1.3973172647113965
0.722351758032472,1.1736745238719068,1.1408085512685138
-1.3843670883058157,-1.4900750920187051,-1.4831287343578647
-1.3843670883058157,-1.2941359495033615,-1.3563285652073531
-1.3843670883058157,-0.8762632801755241,-0.8440110305536186
0.722351758032472,0.27171379888272684,0.2767146611471898
-1.3843670883058157,-0.7648183577415284,-0.7415141384155295
-1.3843670883058157,-0.8198857268039516,-0.7582382500554521
-1.3843670883058157,-1.329491419906854,-1.30144190469014
-1.3843670883058157,-1.3950344151938934,-1.388927580641209
-1.3843670883058157,-1.1158179261077024,-1.022277028720627
0.722351758032472,0.5786787794233429,0.5743963016550442
0.722351758032472,0.6840843481850137,0.7310064804451036
0.722351758032472,1.1939073796831063,1.12999937568572
-1.3843670883058157,-1.0296546556814092,-1.0154026947827302
0.722351758032472,0.37171469377906274,0.43758905294789113
0.722351758032472,0.7802246930779524,0.7668303157530829
0.722351758032472,1.3643460159059058,1.3279610206377315
0.722351758032472,-0.21762967474342737,-0.17786211243697508
-1.3843670883058157,-0.8123432295761494,-0.7503674576910886
0.722351758032472,0.4752690276507182,0.46082253707060045
-1.3843670883058157,-0.9547960192011893,-0.9202935953462354
0.722351758032472,0.5397754936834265,0.5073079574432633
0.722351758032472,1.341107826897654,1.3590957393753242
0.722351758032472,1.3598147215042542,1.3487717294460153
0.722351758032472,0.5350088935082287,0.6048651569292935
-1.3843670883058157,-1.2603761377914395,-1.198075621581621
0.722351758032472,1.0387911430497172,1.043715901139412
-1.3843670883058157,-1.1049881507949044,-1.1257082410090085
-1.3843670883058157,-1.4732977216908556,-1.473539292891088
-1.3843670883058157,-1.1707867634792726,-1.0923050228895321
0.722351758032472,0.6467503506090075,0.6938285351377853
0.722351758032472,0.41568254423705486,0.4294429481122447
-1.3843670883058157,-1.3232943563434976,-1.2894979913980265
-1.3843670883058157,-1.3470101369673597,-1.2981648133724906
0.722351758032472,0.4213127272282244,0.42772184355234816
-1.3843670883058157,-1.2556635664687976,-1.3098880878330337
-1.3843670883058157,-1.4504947021219652,-1.4106267380324573
-1.3843670883058157,-1.0676543161049428,-1.0392577142217825
0.722351758032472,0.08749823448468597,0.05256714173247912
0.722351758032472,0.25065807238831284,0.23568421623573554
0.722351758032472,0.9431762239591829,0.923409113588651
-1.3843670883058157,-0.5669103527129541,-0.5208487907541525
0.722351758032472,-0.04387361957731989,-0.057561943862554976
-1.3843670883058157,-1.5928042526277768,-1.5363650257429984
0.722351758032472,0.7190943898944802,0.7427125615955019
0.722351758032472,1.2730763046814966,1.2389160500209564
-1.3843670883058157,-1.3136940996115332,-1.3612479292829158
0.722351758032472,0.7862728480184005,0.7291531693572009
0.722351758032472,1.2433811709983873,1.2310557734278251
0.722351758032472,-0.274632113675508,-0.2784603159368708
0.722351758032472,0.49425288961538505,0.46479045147556364
0.722351758032472,0.40294751871519097,0.42121585531343597
0.722351758032472,0.3162134025836585,0.27596924870619466
-1.3843670883058157,-1.0445170954339573,-0.9781284156736119
-1.3843670883058157,-1.3012451629892932,-1.326065018452299
0.722351758032472,1.2472950810691767,1.1776608365084706
0.722351758032472,0.40805461346284055,0.41275973135071103
0.722351758032472,1.2369773277575382,1.2265543476741443
0.722351758032472,1.204169494036453,1.1925396377435593
0.722351758032472,1.0725878627180345,1.0114086392051183
0.722351758032472,0.326258225020109,0.31779525041686435
0.722351758032472,1.3374160051760917,1.3075710759887804
0.722351758032472,0.3873478733826805,0.4003430380404096
0.722351758032472,0.30468069183440327,0.34022230446335044
0.722351758032472,0.4496705998405559,0.528854404690234
-1.3843670883058157,-0.9231436862542404,-0.8721033672487029
0.722351758032472,0.5415766475288728,0.6231766463553113
-1.3843670883058157,-1.5420800182869834,-1.5283786036734466
-1.3843670883058157,-1.404451934316531,-1.440900027484724
0.722351758032472,1.2619800787452753,1.2378668995511024
-1.3843670883058157,-0.8730513507868901,-0.8339245263730054
0.722351758032472,0.5265622500790442,0.5006133489300315
0.722351758032472,0.41530409162800375,0.38989319185635246
0.722351758032472,0.4587980166187878,0.43589177134965024
0.722351758032472,0.5462042135754226,0.49286007024584
0.722351758032472,0.5123148180978054,0.5680571502830636
-1.3843670883058157,-1.2601783518598473,-1.1864409647246534
-1.3843670883058157,-0.8296417586568177,-0.7880093350406085
-1.3843670883058157,-1.1275781286411102,-1.0515860897551974
0.722351758032472,0.36901083632846643,0.43990332576825253
-1.3843670883058157,-1.427146926247646,-1.4649117325372913
-1.3843670883058157,-0.8561267534873682,-0.8368659281154012
-1.3843670883058157,-0.8328916045146908,-0.7988655105257382
0.722351758032472,0.44794081127045093,0.49081268999777594
-1.3843670883058157,-1.4449911517680358,-1.4386734583275067
0.722351758032472,1.09374062078526,1.0510451217017938
0.722351758032472,0.45038563254757435,0.41963735964012294
-1.3843670883058157,-0.6892923772310742,-0.6209740301196607
0.722351758032472,1.3669827750415922,1.3413245813819668
0.722351758032472,1.3827828203117378,1.3320354797148202
0.722351758032472,0.35915407680405353,0.3661472370538583
-1.3843670883058157,-1.2208746223670663,-1.1475383234180965
0.722351758032472,-0.4924377779857356,-0.5166563370060712
0.722351758032472,-0.24267724600424745,-0.2560456975007146
-1.3843670883058157,-1.1057241954497612,-1.049878859311624
0.722351758032472,1.0294659143722886,0.9885699456191723
0.722351758032472,0.6831161217044531,0.5835836924491673
0.722351758032472,0.579702018430165,0.5306672128794765
-1.3843670883058157,-0.9183960220665909,-0.9076872172654624
0.722351758032472,-0.1411488499660723,-0.09997283240190302
0.722351758032472,1.0408336077084468,0.9141156022145873
0.722351758032472,0.9165412857936466,0.8454605550395596
0.722351758032472,0.5483601415551526,0.5797212535508882
0.722351758032472,0.42235783639475766,0.42843057353071395
-1.3843670883058157,-1.340772719404698,-1.412474457133894
-1.3843670883058157,-0.5123517632996122,-0.4681222714836897
0.722351758032472,0.36244755819983465,0.31872636412722355
0.722351758032472,0.36332636531901796,0.3333008104448485
-1.3843670883058157,-0.5732309386049864,-0.5260630356245716
0.722351758032472,0.021471203720673626,0.0470936835564752
-1.3843670883058157,-0.9343082200582776,-0.9008591827992787
0.722351758032472,0.15542606986234564,0.11909564816143259
0.722351758032472,0.5278674912425244,0.5706080778817701
0.722351758032472,0.3398079021488526,0.3193972406706118
0.722351758032472,1.3676331280802942,1.3277717807763094
0.722351758032472,0.597183499590441,0.571232940076086
-1.3843670883058157,-1.3676344666098321,-1.3330257333646773
0.722351758032472,0.639702529605244,0.6451573001129087
0.722351758032472,-0.28035646546386994,-0.25418130370111836
0.722351758032472,0.3951649198450363,0.383444994869352
-1.3843670883058157,-0.8494485231245583,-0.7939354148683261
-1.3843670883058157,-1.1880206470491939,-1.1019366442288172
0.722351758032472,1.1349181758226532,1.0705316054337135
0.722351758032472,1.4496321416152078,1.3883409313148807
0.722351758032472,1.1976245440818163,1.1298234389959023
-1.3843670883058157,-0.796188873835712,-0.6865974514930681
0.722351758032472,0.998166682563308,0.9122059945718788
0.722351758032472,0.6412632744374627,0.6614047704913516
0.722351758032472,0.47856204079871417,0.44972257279722094
0.722351758032472,1.511486783581577,1.4535026361603056
0.722351758032472,1.1192497311828566,1.104940962463052
0.722351758032472,0.47249354983605873,0.548961643744887
0.722351758032472,0.4506569866294283,0.47314775022078015
-1.3843670883058157,-1.4317576058320032,-1.431851789069435
0.722351758032472,0.13871874353748315,0.18466001383869046
0.722351758032472,0.7163817580696575,0.6785291163202268
-1.3843670883058157,-0.5922249832874521,-0.49812912148732413
-1.3843670883058157,-0.8905002016866412,-0.8348137402788821
0.722351758032472,0.4932336804714496,0.48647257834865576
-1.3843670883058157,-1.0842527592050966,-1.0857295561692424
0.722351758032472,0.44705960066921013,0.3849660313344595
0.722351758032472,0.753532503747359,0.7094208427794544
-1.3843670883058157,-1.6209576204125242,-1.600767523258904
-1.3843670883058157,-0.6930238430647129,-0.6212623123098409
0.722351758032472,0.7314622551531429,0.7442673919163624
0.722351758032472,-0.5396157178511821,-0.5276927594435145
0.722351758032472,0.6534210873935791,0.6500730194723755
0.722351758032472,0.27823268714732463,0.27241013016206617
0.722351758032472,0.7909074051275329,0.8466729636675012
0.722351758032472,0.5089899082608332,0.45107444468809144
0.722351758032472,0.4368493987410256,0.5038322005745896
0.722351758032472,0.3799704530183112,0.3360379726110202
0.722351758032472,-0.37503588859965165,-0.3597667522932146
-1.3843670883058157,-0.8541761402782257,-0.8475155684442077
-1.3843670883058157,-1.1653392944945757,-1.1549824236472286
0.722351758032472,0.7163997861676968,0.7155896977010695
0.722351758032472,1.3503343039630553,1.3601386114587215
0.722351758032472,-0.4166428696149121,-0.3715011451091671
0.722351758032472,0.645543675189115,0.5916681858852956
-1.3843670883058157,-1.1112751792425184,-1.1822078332691812
0.722351758032472,1.0095289232167985,0.9082402584840381
0.722351758032472,0.6099977393763668,0.6423463812254586
-1.3843670883058157,0.5637615195345352,0.4847074013698096
0.722351758032472,-0.3062271255535963,-0.29188466130545326
0.722351758032472,0.8324214085827916,0.8229321674578908
0.722351758032472,-0.06012392529620292,-0.019783757273591634
0.722351758032472,1.3856207358675001,1.3567538858516794
-1.3843670883058157,-1.1782840521420017,-1.2470993267899437
0.722351758032472,0.2969845290894543,0.3233667802072122
0.722351758032472,0.5141943708328605,0.5787097784907701
0.722351758032472,-0.33693640486603127,-0.30741956440251356
0.722351758032472,0.6353809130202867,0.6097230815124978
-1.3843670883058157,-0.6832220552428692,-0.6128203065145772
0.722351758032472,0.5396349237516189,0.5057010433917252
0.722351758032472,0.6824873706573837,0.6498305982301337
-1.3843670883058157,-1.2000381345195683,-1.0926996679143919
0.722351758032472,0.6859290709557387,0.7333302150440006
0.722351758032472,0.4473153036549323,0.3653040864432866
0.722351758032472,0.6593754418796187,0.6897232184191727
0.722351758032472,0.49644332853186807,0.5106603202216554
-1.3843670883058157,-1.1396272740892792,-1.1067664906781371
0.722351758032472,1.2334020337427343,1.1763814306206801
0.722351758032472,0.6665446066175639,0.6281144771443908
-1.3843670883058157,-1.3981897429721275,-1.3275934728679575
0.722351758032472,0.5965898503958929,0.5791679738917387
0.722351758032472,0.6784492427158918,0.7321986248305844
0.722351758032472,0.6005595976988543,0.6117745563446476
-1.3843670883058157,-1.1757531964991732,-1.1056410846926445
0.722351758032472,0.7525151432745266,0.7210400547632225
0.722351758032472,1.1790730407525958,1.13224167121688
0.722351758032472,0.4233126277983769,0.3837944669790026
0.722351758032472,0.4813239245190559,0.5845477429342724
0.722351758032472,0.34979702282802816,0.31173611131650947
0.722351758032472,0.6855240674612042,0.7007745474791278
-1.3843670883058157,-1.2867605797720205,-1.2771430783644149
-1.3843670883058157,-1.3133903636162425,-1.3346078884082737
0.722351758032472,0.6715627487779186,0.7297263406488191
0.722351758032472,1.0013741193573553,0.9224440651599908
0.722351758032472,0.3349612969310142,0.3482676458110994
0.722351758032472,0.5261938555356613,0.511262412148482
0.722351758032472,0.5537027922322197,0.5977593137577436
0.722351758032472,0.7169171670970025,0.7447217523539623
-1.3843670883058157,-1.1861132877533134,-1.1819590079021502
-1.3843670883058157,-1.0747648608690237,-1.0563765744927491
0.722351758032472,0.3164193356377425,0.3080961268796608
0.722351758032472,0.09532080901398476,0.06144401802044169
0.722351758032472,0.446070781075423,0.4053792018257598
-1.3843670883058157,-0.9607882791409247,-0.9398655514361303
-1.3843670883058157,-0.876553577758201,-0.8387555225229448
0.722351758032472,0.5105461706219304,0.47677417963923147
0.722351758032472,0.31697523301586294,0.39219241525721793
-1.3843670883058157,-1.3633235190420987,-1.2899879142978017
0.722351758032472,0.6392495547340011,0.5689629976845338
0.722351758032472,0.48266824891318194,0.4114918332245615
-1.3843670883058157,-1.016243310317479,-0.9524517511167344
0.722351758032472,0.2857257853248413,0.37564507079354126
0.722351758032472,0.39479274591007996,0.40008898594758935
0.722351758032472,0.9606814115426978,0.9680101901412687
0.722351758032472,0.5325477737443864,0.5066027161836286
-1.3843670883058157,-1.3285578196819072,-1.3508147119969214
0.722351758032472,0.6228257323832518,0.5912188107109989
0.722351758032472,0.5380109128091324,0.48192283694465143
-1.3843670883058157,-1.1837230202275237,-1.156942132183708
0.722351758032472,0.1312150753228496,0.15020095384875476
0.722351758032472,0.766597029908228,0.7516772578430616
0.722351758032472,0.5301058216572253,0.4808529519109215
-1.3843670883058157,-1.2013342449550333,-1.1582722156243566
-1.3843670883058157,-0.7113181913529137,-0.660265420643174
0.722351758032472,-0.0029969869808461613,-0.017110144254687654
0.722351758032472,0.50882307340952,0.4494683490126581
-1.3843670883058157,-0.6324229368160805,-0.6245771997404131
-1.3843670883058157,-0.8971529706843379,-0.8466493694546645
-1.3843670883058157,-1.1848585532727003,-1.1539925141054943
0.722351758032472,1.3899952837324272,1.359569498951452
0.722351758032472,1.346080053566729,1.3491022942301159
-1.3843670883058157,-0.9848087289692131,-0.9388411355851732
0.722351758032472,0.5171355046728993,0.5408623141928202
-1.3843670883058157,-1.1788152758091608,-1.2348603741118136
-1.3843670883058157,-1.1581583712199455,-1.136702871369888
-1.3843670883058157,-1.391020284415377,-1.3858816635645654
0.722351758032472,0.4454928580532794,0.42228113756856345
0.722351758032472,1.2804890159238425,1.2357384106010605
-1.3843670883058157,-1.2582544540123668,-1.2231060552441784
-1.3843670883058157,-1.408087051500203,-1.333867031900632
0.722351758032472,1.3009661320652568,1.223991010928099
0.722351758032472,1.197407622393283,1.1620357066661942
-1.3843670883058157,-0.5962509793816038,-0.5600668090889077
0.722351758032472,-0.32446715951112776,-0.3482119972974362
0.722351758032472,0.5707365477910156,0.5429995248817716
0.722351758032472,0.8202879849263186,0.8036276136260715
0.722351758032472,-0.4154110524943856,-0.40380854911195974
0.722351758032472,0.4032440957846012,0.37016249844543525
0.722351758032472,0.5913946580157243,0.6001040568373903
-1.3843670883058157,-0.8617340961234206,-0.8565912085485282
0.722351758032472,0.8940922271781623,0.8723055290911964
0.722351758032472,0.354487228887904,0.34139594616789404
0.722351758032472,0.7653257792971696,0.7786480947427608
-1.3843670883058157,-1.1336603810192694,-1.1435473101972695
-1.3843670883058157,-1.0972745758733211,-1.028530331719708
0.722351758032472,0.863368453166539,0.8551983320587806
0.722351758032472,0.42815625147425995,0.47855529559672094
0.722351758032472,1.289596563802512,1.262514774150075
-1.3843670883058157,-1.4855533173203284,-1.4366287695075663
0.722351758032472,0.6671837164217761,0.6706942227967833
0.722351758032472,1.265906587350469,1.2466682887964713
0.722351758032472,1.3242039451023628,1.272013261159898
0.722351758032472,0.5696405473402347,0.5180476738156421
0.722351758032472,0.6095013410377521,0.6273676401022381
-1.3843670883058157,-0.9166801133651441,-0.9350216471913693
-1.3843670883058157,-1.1625231765942838,-1.188504982016807
0.722351758032472,0.4953674106126761,0.5065664217630361
0.722351758032472,-0.5555365826717414,-0.5242493825445123
0.722351758032472,0.31478133749559256,0.27022268127649596
0.722351758032472,0.7093664441585729,0.7351897924720235
-1.3843670883058157,-1.3835149008122107,-1.401416931276262
0.722351758032472,1.0438482339762043,1.0277160010996118
0.722351758032472,0.4746365675115858,0.4595460990690362
0.722351758032472,0.8328790443251859,0.7834961476298914
-1.3843670883058157,-1.1622609408083162,-1.1938351183896323
0.722351758032472,1.1705035644547108,1.1249127945267299
0.722351758032472,0.5366141876514416,0.5772152947009515
0.722351758032472,0.5777943912238592,0.5261931576000447
-1.3843670883058157,-1.1490948273775108,-1.1475980658473999
0.722351758032472,0.22994098280294462,0.2508187953646036
0.722351758032472,0.7047688633542214,0.7177133970776166
0.722351758032472,1.3192730905425565,1.301533773657722
0.722351758032472,0.6158512768423766,0.6309099478016027
0.722351758032472,0.5434566538027927,0.5895284036989994
0.722351758032472,0.6148095947597924,0.5446455818406996
0.722351758032472,0.740339221962148,0.7191523173995562
0.722351758032472,1.0178698575070873,0.9985778905329882
-1.3843670883058157,-1.2529121560371044,-1.3112430193467624
-1.3843670883058157,-0.9082136932380731,-0.958331586609159
-1.3843670883058157,-0.9453734110244278,-0.9141662675441437
0.722351758032472,0.6083006961825631,0.5366825148583764
0.722351758032472,1.17278699219267,1.1133536096559904
0.722351758032472,-0.12445498310889858,-0.06630029744105456
0.722351758032472,0.5248750551215843,0.4805684909803117
0.722351758032472,0.40807781619939104,0.3988753285084096
0.722351758032472,0.5541182691147694,0.5554805700590317
0.722351758032472,0.6162085224417609,0.6021755513436068
-1.3843670883058157,-1.2100501551988618,-1.2018659218343917
-1.3843670883058157,-1.0159660809650286,-0.9552156971720542
0.722351758032472,1.2189550432943377,1.1788431732675133
0.722351758032472,1.2237942895248612,1.239146645392181
-1.3843670883058157,-0.6275880876195516,-0.5785616458859046
0.722351758032472,-0.38529725827012284,-0.38661966527210445
-1.3843670883058157,-1.0455868054006643,-1.0705520649296356
0.722351758032472,0.6349155575695298,0.6812229460910298
-1.3843670883058157,-1.1403744483314808,-1.1073042479611943
0.722351758032472,0.5578936378672045,0.49629609096802885
0.722351758032472,0.5629135686910567,0.586776022452458
-1.3843670883058157,-0.8970432759455641,-0.9216840443968839
-1.3843670883058157,-0.9102820911967139,-0.8352474784525834
0.722351758032472,0.49928911511538154,0.47727237778044374
0.722351758032472,0.8433022398251449,0.8301850984933781
0.722351758032472,0.3136573767521049,0.30783567332266226
-1.3843670883058157,-1.1294300524332066,-1.1878361270601734
0.722351758032472,0.6187741027910894,0.5736399513184895
-1.3843670883058157,-1.499565293142533,-1.4786698070282025
-1.3843670883058157,-0.6944751338763169,-0.6540906418329071
0.722351758032472,0.5640435529519685,0.5562187103388979
0.722351758032472,1.0035737586817643,0.9947993865256458
-1.3843670883058157,-0.6861873484660761,-0.6608358920954887
-1.3843670883058157,-0.9150747030936406,-0.8588018389456705
0.722351758032472,0.4978973714657543,0.4552649236479556
0.722351758032472,0.38518503566596696,0.3788229690109033
0.722351758032472,0.5574453419331811,0.5132808283611288
0.722351758032472,0.600794414325929,0.5485764056004567
0.722351758032472,-0.2515867925410306,-0.23149777813730987
-1.3843670883058157,-0.8961708820185333,-0.833329727965357
0.722351758032472,0.8930250299203065,0.8274599268510792
-1.3843670883058157,-0.7666706464177545,-0.7262948120970236
0.722351758032472,1.259386526165221,1.2038472391825517
0.722351758032472,0.6017105917386842,0.6662136111123844
0.722351758032472,0.4772197951626119,0.44965947461374745
0.722351758032472,0.471881556241865,0.4072294541033517
0.722351758032472,0.26602754866070355,0.24366642284037454
0.722351758032472,1.2324953607100768,1.2202452722541282
0.722351758032472,0.6328399352504376,0.6238361432070688
0.722351758032472,0.4172486659293194,0.4394604941723075
0.722351758032472,0.3910406056918476,0.32416973766628054
-1.3843670883058157,-1.0381889901102488,-1.1032772233416879
0.722351758032472,0.44228932337629845,0.42344380852755303
-1.3843670883058157,-1.3581180652397973,-1.3630526110003214
0.722351758032472,0.3899013132235303,0.3261772616853157
0.722351758032472,0.8670915220525048,0.8185382693732294
0.722351758032472,1.4162499166111526,1.3694558059988071
0.722351758032472,1.188490762930444,1.1636322272310573
-1.3843670883058157,-0.9795639443676376,-1.013920209080746
0.722351758032472,1.4314452480643567,1.4144002051945992
-1.3843670883058157,-1.0661550906018005,-1.1454923867399187
0.722351758032472,0.281913462247504,0.23691876204954243
-1.3843670883058157,-0.9112632832384966,-0.8806219372251881
0.722351758032472,0.26481076059186026,0.289686323333065
0.722351758032472,0.4555638967984069,0.46956350852472784
0.722351758032472,1.4392470442237424,1.4091482408070863
-1.3843670883058157,-1.2052172292065324,-1.2127924650711612
0.722351758032472,1.0732898860601918,0.9678891277009397
-1.3843670883058157,-0.8421391941575448,-0.7901504391796417
-1.3843670883058157,-1.1111774254426015,-1.1292313295077612
-1.3843670883058157,-1.4462747870415755,-1.441849670738121
0.722351758032472,0.6864132209124549,0.6260540264617762
-1.3843670883058157,-1.2426128904415024,-1.1769454585845611
-1.3843670883058157,-1.1201516012306552,-1.0391599166115522
-1.3843670883058157,-0.9482757085702918,-0.9162887301537124
0.722351758032472,0.7882886910830024,0.7364070431598053
-1.3843670883058157,-1.1232662550637407,-1.1082648874699077
-1.3843670883058157,-0.8251872594045521,-0.7657626092485483
0.722351758032472,0.7130990453126036,0.6687395922849755
0.722351758032472,0.5640634767237707,0.5978171947176236
-1.3843670883058157,-1.4465292146227453,-1.3951387308687428
0.722351758032472,1.1848114702799197,1.211849475472258
0.722351758032472,0.8205348510828484,0.8016553615023027
-1.3843670883058157,-1.0905620900956918,-1.1193150756522183
-1.3843670883058157,-1.2105900232942044,-1.2200860347153615
0.722351758032472,0.5145746204205703,0.5539761165040232
0.722351758032472,0.14843287036062225,0.14088464132993728
0.722351758032472,-0.1054282457167634,-0.06435037516666675
0.722351758032472,1.458003062773055,1.3985845065690627
0.722351758032472,-0.395217544032087,-0.3898148362034389
-1.3843670883058157,-1.2159733647545325,-1.1687762318381822
0.722351758032472,0.6963400970779896,0.6927318631759187
0.722351758032472,0.43864772624874104,0.40696624937537407
0.722351758032472,1.4302830840565124,1.390373603681397
-1.3843670883058157,-1.1573643374854448,-1.2161391037314107
-1.3843670883058157,-1.0241418360346368,-1.064396160734559
0.722351758032472,0.9840194829400858,0.9314873775996092
0.722351758032472,0.49909706883410976,0.45104203299992407
-1.3843670883058157,-1.2847649083219774,-1.3270052259543486
0.722351758032472,1.3713749745658703,1.3397232225347646
0.722351758032472,0.7689303807093134,0.7244790228366139
-1.3843670883058157,-0.8741867456995105,-0.8298852086027326
0.722351758032472,-0.07874523501642575,-0.09781107775925516
-1.3843670883058157,-1.517312207995624,-1.491235232346649
0.722351758032472,0.05388565933681072,0.06012127032262757
0.722351758032472,1.1696660875287308,1.1576525439349044
-1.3843670883058157,-0.6282664493753088,-0.6212230712764847
0.722351758032472,0.6895644321259555,0.6520284592208665
0.722351758032472,1.3515681086944744,1.323524549836662
-1.3843670883058157,-1.0299399145470045,-0.9621848881987585
0.722351758032472,0.5419457115368906,0.5389426524802201
-1.3843670883058157,-1.5709664415325864,-1.5359344564556825
-1.3843670883058157,-1.102011767612197,-1.1281988919997856
0.722351758032472,0.9327244272112368,0.9150281468431056
0.722351758032472,0.5150477883326157,0.4868051032081586
-1.3843670883058157,-0.929617939885715,-0.8760867038819705
0.722351758032472,0.5023882553146755,0.5348237737459082
0.722351758032472,-0.3977177745612238,-0.3695940894862472
0.722351758032472,1.415869893977375,1.3845803016274119
-1.3843670883058157,-1.4007083495442665,-1.4307670900263791
0.722351758032472,0.5655305337027673,0.5784392121078061
-1.3843670883058157,-1.3803872524994913,-1.3127757964713596
0.722351758032472,0.927554211495332,0.8954488986994649
0.722351758032472,0.3102017545671174,0.3786147039976917
0.722351758032472,1.1278188372955906,1.070735913145957
0.722351758032472,0.6182081796357617,0.6178795463297373
0.722351758032472,0.4374004320393903,0.4563068653946714
0.722351758032472,1.3697005061160417,1.3419771689505822
-1.3843670883058157,-1.0025017706687094,-1.0555715209684975
0.722351758032472,0.7356216318932662,0.703251510146526
0.722351758032472,0.5299765633327842,0.5230333465378078
-1.3843670883058157,-1.343703916017144,-1.390634148533371
-1.3843670883058157,-0.7336477232851915,-0.7090454036851811
-1.3843670883058157,-1.3062339524326552,-1.3293680787720052
0.722351758032472,-0.23880990232258134,-0.21345359852513718
0.722351758032472,1.1732396893787933,1.1583702693618796
0.722351758032472,0.5033375851068747,0.5824558636840685
0.722351758032472,-0.30555784395765107,-0.31239982676156935
0.722351758032472,0.33592671822941805,0.320077680210467
0.722351758032472,0.4758470713331134,0.4421144262961599
0.722351758032472,0.4600364945324146,0.4737916038424281
0.722351758032472,0.6453492923674128,0.581148361625047
0.722351758032472,0.44286011014009186,0.4063760085654944
-1.3843670883058157,-1.285195742617454,-1.3248108912193601
0.722351758032472,0.5944627702914325,0.6010974543159036
-1.3843670883058157,-1.1074116125023854,-1.0618681964432424
-1.3843670883058157,-1.0068058713694779,-1.0262453864180037
0.722351758032472,0.5685039087912491,0.5424860354682866
0.722351758032472,1.0064587630535595,0.917687139355664
0.722351758032472,0.9715173749654511,0.9356505716451106
-1.3843670883058157,-1.082111198637787,-1.116045551229241
-1.3843670883058157,-1.1402342243736712,-1.082472245292808
0.722351758032472,0.3478831637223494,0.4151831725144749
0.722351758032472,-0.17492348889480405,-0.16968922984954904
0.722351758032472,0.8091256446319637,0.8357310220763745
0.722351758032472,1.4184922931401838,1.3663176145662752
0.722351758032472,0.23784805993870928,0.2151170375792822
-1.3843670883058157,-1.5328825574999787,-1.495397109502709
-1.3843670883058157,-1.2944769313711917,-1.3121833472521414
0.722351758032472,1.3789127716381033,1.3732106062575482
0.722351758032472,0.8940353614306344,0.8616246547489341
-1.3843670883058157,-0.4538440804420719,-0.36954432582183977
0.722351758032472,1.2849274233082824,1.286007489627265
-1.3843670883058157,-1.0795233118356715,-1.1265315423205002
0.722351758032472,1.3285785250032447,1.2952943561398897
0.722351758032472,1.135669981150354,1.1445326597358707
0.722351758032472,0.7025873258154733,0.7063810505403527
0.722351758032472,0.41493886039821837,0.3421573082349364
0.722351758032472,0.34470515035410054,0.3317486772570402
0.722351758032472,0.4446821594183008,0.4091420830786163
0.722351758032472,-0.5472860926003931,-0.506600703427282
-1.3843670883058157,-0.7918082344039995,-0.7474174620587469
0.722351758032472,0.5035751077670026,0.5728089565903003
0.722351758032472,0.5725095347136081,0.5353408865291891
-1.3843670883058157,-1.5131163407668968,-1.513204040733678
-1.3843670883058157,-1.2056986487203019,-1.2741813084937137
-1.3843670883058157,-0.9448055671969733,-0.8883482642011208
0.722351758032472,0.3676698568041773,0.27264677453478153
-1.3843670883058157,-1.345166123300782,-1.373715126449763
0.722351758032472,1.2284575377650917,1.2334523524589074
0.722351758032472,0.879904699416695,0.8271392774997101
0.722351758032472,0.5785364626386926,0.5107937266821959
0.722351758032472,0.616782880853423,0.5452159825759065
-1.3843670883058157,-1.3170413644295307,-1.3463830864883979
0.722351758032472,0.479554434778646,0.5488126826165776
0.722351758032472,1.121750029502448,1.1043246315553565
-1.3843670883058157,-1.1611953269567732,-1.0791083700617372
0.722351758032472,1.2001538973753751,1.130387704340328
-1.3843670883058157,-0.7030228337604638,-0.6164063103228643
0.722351758032472,0.6495320465345505,0.6306369592065417
-1.3843670883058157,-1.190309558945331,-1.23072327687224
0.722351758032472,0.46948567015363135,0.4340612459677524
0.722351758032472,0.4354482397311963,0.4746705893290063
-1.3843670883058157,-0.8771585573334766,-0.8482786753119087
0.722351758032472,0.782529073939375,0.7812389008841975
0.722351758032472,0.6215233091488391,0.5647769824918545
0.722351758032472,1.2658780984294777,1.2349934152221698
0.722351758032472,0.7905246854464952,0.7721309705800572
-1.3843670883058157,-1.3808933794377038,-1.368824044090892
-1.3843670883058157,-1.1558981953204182,-1.0961935119709496
0.722351758032472,0.8262501380762124,0.7933420795708692
-1.3843670883058157,-1.4495204799845018,-1.4329812874284087
0.722351758032472,0.44263292805394067,0.4074931680122058
0.722351758032472,1.0571181947335107,1.0047665882254169
-1.3843670883058157,-1.120376477594382,-1.0674772810063067
0.722351758032472,0.30423131695476224,0.2787983762129258
0.722351758032472,0.2946715223173634,0.31023388059377277
0.722351758032472,1.2007938279018013,1.1778796692501496
0.722351758032472,0.40385573955944387,0.33669774415068554
0.722351758032472,1.0951059835702994,0.9475891915837165
-1.3843670883058157,-1.1135334335840468,-1.1608516340114112
0.722351758032472,-0.21873501420737185,-0.18106689270833673
0.722351758032472,0.1992028664825637,0.16527245463321216
-1.3843670883058157,-1.1508138353658672,-1.1177063656718371
0.722351758032472,0.5768142769179396,0.5251336598572237
-1.3843670883058157,-0.8374546566551058,-0.8097991940309778
0.722351758032472,0.8869929594527945,0.8612560411552954
-1.3843670883058157,-1.2102986058858374,-1.178467078981369
-1.3843670883058157,-1.0818404075492374,-1.1132531274299682
0.722351758032472,-0.4512260435325223,-0.4529687858841989
0.722351758032472,0.625754291516116,0.6055769266879517
0.722351758032472,0.40132701195465026,0.44988335350983366
-1.3843670883058157,-1.3337198162797088,-1.2564858781028658
0.722351758032472,1.2831059423075564,1.2246610538176954
0.722351758032472,1.2103891827613085,1.1972511914414627
0.722351758032472,1.332245092959617,1.2895125747649967
-1.3843670883058157,-1.1722944802327553,-1.1969277255839397
-1.3843670883058157,-0.7640127180743057,-0.737294244391889
-1.3843670883058157,-1.241174692744727,-1.2691919459257481
0.722351758032472,0.6200163126740631,0.6152657215528159
0.722351758032472,1.0039346428580134,0.9380276200640068
0.722351758032472,0.5486407115200113,0.6011559327721315
-1.3843670883058157,-0.5370863335120589,-0.461600754763701
0.722351758032472,1.1791911298909987,1.1544996599786284
0.722351758032472,0.41915984780656995,0.38561205444462543
0.722351758032472,0.6871911943446438,0.6394497973555036
0.722351758032472,0.40133438236520613,0.370688208895703
0.722351758032472,0.4066654393606912,0.41595437363054644
0.722351758032472,1.2865434638624138,1.2633220962649019
0.722351758032472,0.6064928692231143,0.6160512748315712
0.722351758032472,0.5310563186423959,0.47047673740073404
0.722351758032472,0.5785980367234019,0.5857763333604636
-1.3843670883058157,-1.0313920391159517,-0.9865979208102517
-1.3843670883058157,-1.2495421344852815,-1.1972411068113875
0.722351758032472,0.3932324761343784,0.3338150528098581
0.722351758032472,-0.16286230516710343,-0.16574645579739153
0.722351758032472,0.8199312608698156,0.8305529702674812
-1.3843670883058157,-0.6739176457586344,-0.6440124228002084
0.722351758032472,-0.20838087850836262,-0.19895641020327576
0.722351758032472,0.6847343639272596,0.6414731331211249
0.722351758032472,0.5239378832225092,0.49761090866932445
-1.3843670883058157,-1.3222103138970163,-1.3668992774493638
0.722351758032472,0.44582154091569726,0.4337067576366408
0.722351758032472,0.6258573642551111,0.6670166072920611
0.722351758032472,0.61420645939678,0.65114031847998
-1.3843670883058157,-1.386379626176827,-1.411450158717706
0.722351758032472,1.0997767402280574,1.0636597800875753
-1.3843670883058157,-1.1099252436811082,-1.091482834303431
0.722351758032472,0.580183696005524,0.6407573808102177
0.722351758032472,0.5913305120785193,0.564126525823129
0.722351758032472,0.4447166080090433,0.4419002678846262
-1.3843670883058157,-1.3750931761484406,-1.394178998172341
0.722351758032472,0.4823395777855398,0.5661666651097198
0.722351758032472,0.4986788184189405,0.4671543056053461
0.722351758032472,0.6146632108001855,0.5387867098827284
0.722351758032472,1.3340010860824727,1.3278159423697469
0.722351758032472,0.5931795335399619,0.6235753772443865
0.722351758032472,0.7030307868046045,0.7025866276080329
0.722351758032472,0.2607703448724512,0.2344272320062239
0.722351758032472,0.6974982810389387,0.7133251341020619
-1.3843670883058157,-1.2876986034934248,-1.2258624090375847
0.722351758032472,0.4254799417086511,0.3945094941812951
-1.3843670883058157,-1.5919607573281693,-1.5712502049018469
0.722351758032472,1.0344118984145507,1.00899028598567
-1.3843670883058157,0.20331455398428933,0.1600851260270275
-1.3843670883058157,-1.4337738890332579,-1.4754249370965822
0.722351758032472,0.5521785325104294,0.4941089592514955
-1.3843670883058157,-1.0778623015030393,-1.0965311567715328
0.722351758032472,1.0636077569977163,0.9907937157423351
0.722351758032472,0.7303940731106113,0.722097179405277
0.722351758032472,-0.47176150579695897,-0.4507721114049777
0.722351758032472,0.8945186466266374,0.8755870435123438
-1.3843670883058157,-0.8174466287010737,-0.82578168326664
-1.3843670883058157,-1.0637862726117668,-1.0863231777798283
-1.3843670883058157,-1.4638761310809563,-1.475623077166612
-1.3843670883058157,-0.9700482877761493,-0.9063517065223387
0.722351758032472,0.5135877276067742,0.577501415981922
0.722351758032472,0.9835737891528211,0.8641080724176042
0.722351758032472,0.916429170674947,0.8979141048167367
0.722351758032472,0.4402104020680173,0.4353030822472519
-1.3843670883058157,-1.1505551277526112,-1.0948820798106371
0.722351758032472,0.5740013461519526,0.5924661895399241
0.722351758032472,1.3378735816919982,1.2904992782301226
0.722351758032472,0.5352360101936233,0.5105503342053859
0.722351758032472,0.442254819628186,0.4578157957726937
0.722351758032472,0.6173245458120711,0.6482430068277515
-1.3843670883058157,-1.061806163656595,-0.9872190594421038
0.722351758032472,0.5861740859385234,0.5250775736894123
0.722351758032472,1.240598885241539,1.2503452026678565
-1.3843670883058157,-1.0864643319880205,-1.1080290004745577
0.722351758032472,0.6114745301369648,0.5941216799178897
0.722351758032472,0.8213583086493131,0.7475814382811443
-1.3843670883058157,-1.289071644063392,-1.3197590080840014
0.722351758032472,0.6368131054702578,0.6746055856284183
0.722351758032472,1.109117351094655,1.1029447047251235
0.722351758032472,1.2795294786095242,1.2696061902835587
0.722351758032472,1.4762944694907858,1.446249570604134
-1.3843670883058157,-1.288376784443913,-1.3061650888808205
0.722351758032472,0.3692408924729277,0.39167677128040357
0.722351758032472,0.7202140637321306,0.6520182551395112
-1.3843670883058157,-1.2512174291913307,-1.2539640259095075
0.722351758032472,0.41956789687575985,0.3618711872208487
-1.3843670883058157,-0.9730869882115047,-0.9565777780401019
0.722351758032472,0.5443761917348545,0.5068315218298192
0.722351758032472,1.0717876782079214,1.028093496360419
-1.3843670883058157,-1.1957681399169833,-1.251977332219971
-1.3843670883058157,-0.6373712247499543,-0.6092658924062779
0.722351758032472,0.29837203606998974,0.29067194507955607
-1.3843670883058157,-0.5014489076447313,-0.47772580594955283
0.722351758032472,1.0299612597093626,0.9346696847207294
-1.3843670883058157,-1.00931785787231,-0.9658751223363091
0.722351758032472,-0.3498846497583532,-0.3649989188672095
0.722351758032472,0.7751612102058905,0.7529948870165009
-1.3843670883058157,-1.4600545404209706,-1.4538671613668077
0.722351758032472,0.6075427853601001,0.5916496921482601
-1.3843670883058157,-0.7352913319309973,-0.6823648577922015
0.722351758032472,0.2127465336829183,0.16106237605506113
0.722351758032472,1.2835381193277609,1.2334129902401814
0.722351758032472,-0.3140940609865051,-0.2923274032054449
0.722351758032472,-0.44834638440336594,-0.41891021133481265
0.722351758032472,1.0431457674334979,1.0032230928753774
0.722351758032472,0.6870129025448436,0.7140455805579937
-1.3843670883058157,-1.1601538134522897,-1.0539145609319849
-1.3843670883058157,-0.9037092706981422,-0.9632024331802129
0.722351758032472,0.3911561636140364,0.3506646098226276
0.722351758032472,0.23798545065109822,0.18760265876112092
0.722351758032472,0.5996286060474348,0.5610495613731604
0.722351758032472,-0.3291246656455299,-0.2670918100478376
0.722351758032472,0.24736362964810088,0.23170439747079996
0.722351758032472,1.2790819907879913,1.2697147531650237
0.722351758032472,-0.5390786059639875,-0.5122682989376891
0.722351758032472,0.3035801481922873,0.2995594293787457
0.722351758032472,1.0608885148682177,1.0124873741789375
0.722351758032472,0.3359440873365146,0.29380550490533264
0.722351758032472,0.9563545531735034,0.9055860348151228
0.722351758032472,1.0590684127279526,1.0258910218596187
-1.3843670883058157,-1.3365628952247859,-1.369776602542738
0.722351758032472,-0.426806749482322,-0.4182510160846651
-1.3843670883058157,-1.128765740567008,-1.0606742593786807
0.722351758032472,0.5165099025871558,0.5280074279504358
0.722351758032472,0.8978006577206663,0.8172461214811556
0.722351758032472,-0.5031437068057336,-0.48804915062260407
0.722351758032472,0.4292553061888461,0.4563992404554694
-1.3843670883058157,-0.9031002326570496,-0.8888557321405808
0.722351758032472,0.4151452869317618,0.4302902713179477
-1.3843670883058157,-1.2776011587421003,-1.1803185409257726
0.722351758032472,1.1344201107687324,1.0774821197756062
-1.3843670883058157,-1.05359169423979,-1.0423820676654352
-1.3843670883058157,-1.1860529854047357,-1.1892624829187002
0.722351758032472,-0.5364163468566305,-0.5124221648147912
-1.3843670883058157,-1.177997044760077,-1.071188014135696
0.722351758032472,1.1892851011534065,1.122219407731416
0.722351758032472,0.9628414926050906,0.938219788409518
0.722351758032472,0.35474726051138017,0.3535385652070744
-1.3843670883058157,-1.341221887864891,-1.3167257868639113
-1.3843670883058157,-1.2005978611835817,-1.1558919616683982
0.722351758032472,0.647544295781999,0.6807927059676984
-1.3843670883058157,-1.0655071281823265,-1.0723921074202551
-1.3843670883058157,-1.204545140346444,-1.1915939470066519
0.722351758032472,1.0775058097377377,1.0468188327954784
0.722351758032472,-0.6077882611544891,-0.5649910196491441
-1.3843670883058157,-1.2675410637925641,-1.244175108593474
0.722351758032472,-0.4959200993631271,-0.49950911298889233
-1.3843670883058157,-1.0137294401687111,-1.020038995101375
0.722351758032472,1.065168592571489,0.9847417556493434
0.722351758032472,-0.3522357761281352,-0.2963231082895101
0.722351758032472,0.36978868735669246,0.3429003484234779
0.722351758032472,0.6184460009247414,0.584194882010829
-1.3843670883058157,-0.6990011264090975,-0.6413391956892645
0.722351758032472,0.6301430047275772,0.6437855131116029
0.722351758032472,0.14396171265062663,0.11998584892505937
-1.3843670883058157,-1.3100395724656742,-1.2936273217683811
0.722351758032472,0.44541849569478237,0.395039245513261
-1.3843670883058157,-1.3082803491712667,-1.336219001241851
-1.3843670883058157,-1.166350201806794,-1.1785905833970836
0.722351758032472,0.5915513909639064,0.5431782608290338
0.722351758032472,1.1985608641480412,1.1659010889560064
0.722351758032472,1.0416459781567586,1.0241608583434503
0.722351758032472,0.7062483296268898,0.6324895216435661
-1.3843670883058157,-1.1060505409539587,-1.112783132718162
0.722351758032472,0.3398556280088726,0.35878203606633563
0.722351758032472,0.4313148909012623,0.4658394097931915
0.722351758032472,0.4933548362016363,0.4528135219064417
0.722351758032472,-0.44431915538454564,-0.430542567839029
-1.3843670883058157,-0.9140604719750801,-0.9607588920191558
-1.3843670883058157,-0.8976245911911656,-0.9209709011792331
0.722351758032472,0.9550604478398178,0.93776487821565
0.722351758032472,0.6748376089773813,0.670351803495619
-1.3843670883058157,-1.1541405502501834,-1.1764398055746108
0.722351758032472,0.5293948820873291,0.4892444607582218
0.722351758032472,0.8047476977874778,0.7882625110726075
-1.3843670883058157,-1.251618039836974,-1.2966310711631828
0.722351758032472,0.43563983017797614,0.4105159794659287
-1.3843670883058157,-1.2339990505453695,-1.2069007586067182
0.722351758032472,-0.38979945435242835,-0.3754778743663413
0.722351758032472,-0.509489681537521,-0.5146741644843958
0.722351758032472,0.3665300138585983,0.4220664587511058
0.722351758032472,0.6767858406483879,0.7375252892137135
-1.3843670883058157,-1.066876871818178,-1.0765272417531215
-1.3843670883058157,-0.9258984687911807,-0.8824643962405175
0.722351758032472,0.7711969597501945,0.7853321389794177
0.722351758032472,0.6949577816241777,0.6641815596167873
0.722351758032472,0.5603558721627258,0.4904960691574797
0.722351758032472,0.7210873738860596,0.6629396288462902
-1.3843670883058157,-1.310168817282194,-1.2646684111022342
0.722351758032472,0.7512372001104825,0.7462608077305356
0.722351758032472,0.12867346249630884,0.16740290542771674
0.722351758032472,1.0270570071560932,1.0099819557247196
0.722351758032472,0.5854793753820369,0.5486152446355763
0.722351758032472,0.6477963082156947,0.6319352990497192
0.722351758032472,0.47076811256769546,0.4530051408755992
0.722351758032472,0.21169887742524873,0.19608178794813902
0.722351758032472,0.4439826580195635,0.4708998684338642
0.722351758032472,0.272639794499953,0.2626721649862388
0.722351758032472,0.44275758906677654,0.432388486617879
0.722351758032472,1.394777578205912,1.3403113055197515
0.722351758032472,0.23779280938805347,0.262326902530742
0.722351758032472,0.581386926840854,0.5796269712012475
0.722351758032472,0.6235874571302472,0.6697864846048901
0.722351758032472,1.150323330988435,1.0832894440115233
-1.3843670883058157,-1.596340053946384,-1.5660060717296695
0.722351758032472,0.38121430861295214,0.35562166267817297
-1.3843670883058157,-1.2682023481816036,-1.246333090639005
0.722351758032472,0.4282098646295004,0.46217720103460397
-1.3843670883058157,-0.8216297580569992,-0.7815072568398294
0.722351758032472,0.5491088583860343,0.5522831718352409
0.722351758032472,0.370662922457175,0.3275158777517907
0.722351758032472,0.34444041179293605,0.3247861796040393
-1.3843670883058157,-0.8326567970266454,-0.8242914766932845
0.722351758032472,1.333489347963102,1.3042800696742547
0.722351758032472,0.5454817435148642,0.602490720719193
0.722351758032472,0.8607558110833227,0.8577224431964868
-1.3843670883058157,-0.9680484588428107,-0.927622675749304
0.722351758032472,-0.6292672417212791,-0.6121595580708865
0.722351758032472,0.5767222941604353,0.5078134667876386
0.722351758032472,1.2728568537278908,1.2791451004005197
0.722351758032472,-0.25432814032226025,-0.24156152793885616
-1.3843670883058157,-1.252527167854723,-1.2095669260229125
0.722351758032472,0.47018548336883986,0.41171251297974365
-1.3843670883058157,-1.0050210238490496,-0.9555600020274356
0.722351758032472,1.2662150503874119,1.2319926629937612
0.722351758032472,1.3878642738258602,1.363670511116215
-1.3843670883058157,-1.58903071325774,-1.5327781182532065
0.722351758032472,1.1842942507528265,1.1474015206736865
0.722351758032472,0.44511715574975974,0.47032989548546467
0.722351758032472,1.4499971285195055,1.4114737698537025
0.722351758032472,-0.3780081075142435,-0.3885195947094004
-1.3843670883058157,-0.9310330393271866,-0.8882742269519723
0.722351758032472,0.5010466327313798,0.47088247653547427
0.722351758032472,1.2148703172069892,1.1671585000497622
0.722351758032472,0.524814139531994,0.5018033585603405
0.722351758032472,0.6350385365110882,0.6209570363819203
-1.3843670883058157,-1.1110865272602108,-1.0335801897070886
0.722351758032472,-0.6577398067204733,-0.620307070867122
0.722351758032472,0.3637222585598757,0.41995383489120897
-1.3843670883058157,-0.9392474197588409,-0.9423849268273028
0.722351758032472,0.3512108210636209,0.2950537318032466
0.722351758032472,0.2592005722701571,0.2515901011212525
0.722351758032472,0.5669877782254832,0.5257449712455705
0.722351758032472,1.407248436701857,1.408506193629189
0.722351758032472,1.4266630039242008,1.3852304836573301
0.722351758032472,0.7587035963752211,0.6510867437073629
0.722351758032472,0.5041527719237205,0.4661273559334525
0.722351758032472,1.2864627765315932,1.2489248545557057
-1.3843670883058157,-0.925146883566133,-0.8724205208895119
-1.3843670883058157,-1.3987616016276703,-1.4258953843244089
-1.3843670883058157,-1.2683603227700584,-1.2005301749521011
-1.3843670883058157,-1.1263169965978446,-1.042575889382997
0.722351758032472,0.2708393305462481,0.26002954720535376
0.722351758032472,0.35089138655380536,0.3188189800491176
0.722351758032472,0.6519089855640242,0.6950655632628291
0.722351758032472,0.16132284265037056,0.13439127046342392
-1.3843670883058157,-0.3761682798034872,-0.3438824682077677
-1.3843670883058157,-1.1505194706202073,-1.1505615271669851
0.722351758032472,0.5469925794847607,0.6053548441760901
0.722351758032472,0.5829020042926695,0.64857435984379
0.722351758032472,0.22973467194574831,0.21358235450447188
-1.3843670883058157,-1.3750983523437545,-1.3120940765566165
0.722351758032472,0.5186331262668665,0.44835165121647713
-1.3843670883058157,-1.4100979731925678,-1.3561696282850435
-1.3843670883058157,-1.410565843845451,-1.4149444574297376
0.722351758032472,0.7262842790824224,0.6744538435081955
0.722351758032472,1.2171329640172868,1.2140833834872053
0.722351758032472,0.28902462808661233,0.25312906998456663
0.722351758032472,0.3498097507558945,0.35527654952514953
-1.3843670883058157,-1.2159913086933676,-1.0843508682449097
0.722351758032472,-0.20714874488575585,-0.1287607791562975
0.722351758032472,1.0738544536404078,1.038168393760669
0.722351758032472,0.44063048727863335,0.4101995104590736
-1.3843670883058157,-1.1406244894119633,-1.1083276578708219
0.722351758032472,1.2373828608157063,1.2137239776966582
0.722351758032472,0.575854097681233,0.5169797867026331
-1.3843670883058157,-1.1168192273336361,-1.136707591325097
-1.3843670883058157,-1.0284008715004882,-0.9524424982273707
-1.3843670883058157,-1.2015388360425772,-1.1718187771476436
0.722351758032472,0.4314206687512505,0.4812031977935365
-1.3843670883058157,-1.3776221873802326,-1.3379196761876921
-1.3843670883058157,-1.6925445174548535,-1.6406678883869734
0.722351758032472,0.6034843791399838,0.5738612623419583
-1.3843670883058157,-0.7153202657448933,-0.6873851300568568
0.722351758032472,0.7867050737879355,0.7988731244837977
-1.3843670883058157,-0.9242929770559638,-0.9219865424790581
0.722351758032472,1.1285524028616036,1.069784547957963
0.722351758032472,0.10408503484783149,0.10722498437751937
-1.3843670883058157,-0.5116905687832007,-0.43337423257825647
0.722351758032472,1.0233040800752902,1.0042397319385281
0.722351758032472,-0.47184407152850244,-0.4677398406190504
0.722351758032472,-0.2636482660172925,-0.22548889495041996
-1.3843670883058157,-1.3435672347633805,-1.2924003541641194
0.722351758032472,0.40364332038551076,0.45416531820132056
-1.3843670883058157,-1.3728643267629779,-1.3701300871639048
-1.3843670883058157,-1.1537798876204957,-1.1320246542963184
0.722351758032472,0.3981078220321206,0.44615602237611207
-1.3843670883058157,-1.2746910424132143,-1.2462836746140271
0.722351758032472,0.6822874909152996,0.7197640615331888
-1.3843670883058157,-1.1497252348824571,-1.1756526183711604
0.722351758032472,0.7888810504400523,0.7507384329014241
0.722351758032472,0.3416397224799309,0.32075682747575407
0.722351758032472,0.6014665215077754,0.5386858196158354
0.722351758032472,1.0020557362736224,0.9656402611309677
0.722351758032472,0.28335257767590183,0.2860258982994075
-1.3843670883058157,-0.7116048727712045,-0.643764071313891
-1.3843670883058157,-0.5590010052808254,-0.5576617141082562
0.722351758032472,0.5859540442965167,0.528589514156276
-1.3843670883058157,-1.2716653946066985,-1.3420442259557055
0.722351758032472,0.2890015765946533,0.2555794944865273
0.722351758032472,0.569997708280257,0.6524630306500018
-1.3843670883058157,-0.6244100149293161,-0.5487879865234612
0.722351758032472,-0.3728861165557529,-0.33122965500768586
0.722351758032472,0.688097276937352,0.6705687027323349
-1.3843670883058157,-0.8120759079938668,-0.7755597040109393
0.722351758032472,-0.47030537108770687,-0.45291853879333116
-1.3843670883058157,-1.236617724108962,-1.150040207123156
-1.3843670883058157,-1.403785894964626,-1.4079077538675515
-1.3843670883058157,-1.3788764625617287,-1.3528882477495316
0.722351758032472,1.3649815054656742,1.3532677435355533
-1.3843670883058157,-0.5687052339508194,-0.5199739275937576
0.722351758032472,0.23248479994314936,0.2504124235306724
0.722351758032472,1.2828638136973423,1.257202356187349
-1.3843670883058157,-1.3976542007591488,-1.3733758725195793
0.722351758032472,0.6689944611730004,0.6609354140082483
0.722351758032472,0.5664731742083914,0.5315747799395123
0.722351758032472,0.6008153101624478,0.6260995285014117
0.722351758032472,0.5860872773435899,0.600807933419932
0.722351758032472,0.4956986092460366,0.4613345111076358
0.722351758032472,0.5212185632743412,0.42144715549212847
-1.3843670883058157,-1.3118938901366421,-1.3045387379388111
-1.3843670883058157,-1.4008167678181545,-1.3221336296329917
-1.3843670883058157,-1.323730694335259,-1.34110774380163
0.722351758032472,0.4078136419608356,0.47684670473166657
0.722351758032472,0.7061110563542915,0.7289985423182175
0.722351758032472,0.6646912931546882,0.6627714046571943
0.722351758032472,1.1765974035877012,1.1079976182283386
0.722351758032472,0.9093616239257349,0.8615958834605879
0.722351758032472,0.38041077353443187,0.4518811719892837
0.722351758032472,1.3367484284875033,1.3388899948058768
0.722351758032472,1.075165417090673,1.044047105541814
0.722351758032472,-0.3443699068388965,-0.33184740512083566
0.722351758032472,0.4303794979174075,0.37653278297006065
0.722351758032472,1.2574656498818417,1.2803083887122981
0.722351758032472,0.33946898700400907,0.32803100393688056
0.722351758032472,1.0459628666993952,1.0459811902898157
0.722351758032472,0.23000765491145847,0.2001513119803937
0.722351758032472,0.6326638848612678,0.6247259990200256
-1.3843670883058157,-1.149389051305618,-1.162641297660287
0.722351758032472,1.2837932238159944,1.2864294135686611
0.722351758032472,1.2598121947939418,1.2202383380418604
0.722351758032472,0.3915868596645759,0.38787347593438565
0.722351758032472,0.5132001127962598,0.5045086671279142
0.722351758032472,0.7735044777791593,0.749030132797899
-1.3843670883058157,-1.062825008640003,-1.0045268134076368
-1.3843670883058157,-1.2357333492234157,-1.0899870013337212
-1.3843670883058157,-0.8477925003572748,-0.7705658699232051
-1.3843670883058157,-0.9909652896628156,-0.9238799858005838
0.722351758032472,-0.6144595440838703,-0.5971024707946609
-1.3843670883058157,-1.207505480847834,-1.1801063147051303
0.722351758032472,0.26700928491825104,0.2989118636078718
0.722351758032472,0.6619442851319175,0.6891916018965357
-1.3843670883058157,-0.9937658909418743,-1.0213885839366257
-1.3843670883058157,-0.9652603161915989,-0.9923583587600014
0.722351758032472,0.5479515484077769,0.4941844411834124
0.722351758032472,0.6176671791949365,0.6262017339949706
-1.3843670883058157,-0.5204888321449898,-0.45964730903643813
0.722351758032472,-0.4756938291661006,-0.4633192167833171
0.722351758032472,0.462544910346805,0.473442149445371
0.722351758032472,-0.5282141145362724,-0.5230307303495333
0.722351758032472,1.229410082093411,1.2183551299786641
0.722351758032472,-0.41480807711737827,-0.40762959195459786
0.722351758032472,0.35826233272764463,0.39006068698979324
-1.3843670883058157,-0.7335394806141261,-0.6751478497607911
-1.3843670883058157,-2.2455071345438857,-2.0510606353168237
0.722351758032472,0.6406423373433912,0.6212343074793022
0.722351758032472,0.41270897142525304,0.3943100921904553
-1.3843670883058157,-1.1519863173448108,-1.0491160510241975
0.722351758032472,0.7500555084301483,0.7743002969105864
0.722351758032472,-0.4012257898003095,-0.4059480830505048
0.722351758032472,0.691135090358497,0.753349974261243
-1.3843670883058157,-0.9376138995606043,-0.8909212913760162
-1.3843670883058157,-1.2228923101077669,-1.2573170282938526
-1.3843670883058157,-0.8478092457830588,-0.8455903452042388
-1.3843670883058157,-1.068130222588186,-1.0757057480644705
0.722351758032472,0.7625032602068971,0.7759660543521154
0.722351758032472,1.5412404585482573,1.507996336718486
-1.3843670883058157,-1.2952477997494452,-1.2751224108750598
0.722351758032472,0.42614380940893287,0.4110932669075644
-1.3843670883058157,-1.1482211878235193,-1.2028071835373444
0.722351758032472,0.5505839469860654,0.6089780825885109
0.722351758032472,0.8450312253620327,0.804034177960665
0.722351758032472,0.4077278368597824,0.3637273648771028
-1.3843670883058157,-1.4204522406189026,-1.3978189841641462
0.722351758032472,0.350758213110279,0.3358005551538822
0.722351758032472,0.47485120700425065,0.5098955040955504
0.722351758032472,0.6096527176869018,0.6492789220038413
0.722351758032472,0.545886569787184,0.5577473177728189
0.722351758032472,0.36746498021743035,0.3980997845501348
-1.3843670883058157,-1.2288770591460993,-1.2429586708157527
-1.3843670883058157,-1.2663898818849229,-1.2893447042108435
0.722351758032472,0.5533226232409338,0.5376478949784014
0.722351758032472,0.7665071200446716,0.6874027085930705
-1.3843670883058157,-0.7384326101845862,-0.687175298902169
0.722351758032472,0.8588879853418276,0.8214431581393198
0.722351758032472,0.4207008142155306,0.4501412514646046
0.722351758032472,0.9413798501913317,0.8195241459760418
0.722351758032472,0.8707603757531959,0.8265818883976137
0.722351758032472,1.0003043991729066,0.9565318395988218
0.722351758032472,1.03144814453407,0.9611485708223313
0.722351758032472,0.7716520980499955,0.7463248298652359
0.722351758032472,-0.08715648948099519,-0.05567763350316168
-1.3843670883058157,-1.2383253847548996,-1.3338091165023882
0.722351758032472,0.5540171763055799,0.5230535724063521
-1.3843670883058157,-1.0700888861627877,-1.0080563788420003
0.722351758032472,0.5189717105938794,0.5053916888715758
0.722351758032472,1.2595795275029733,1.2201527552214357
-1.3843670883058157,-1.338949978545234,-1.250181080316753
0.722351758032472,0.7526179536378979,0.6910458546133864
-1.3843670883058157,-0.6444727168356877,-0.55706272669856
0.722351758032472,-0.15828945218100532,-0.17683870673543067
-1.3843670883058157,-1.1510445793429842,-1.1450965473740486
-1.3843670883058157,-1.3306004302400292,-1.282180427753191
0.722351758032472,1.0112503866301927,0.9822258559216281
0.722351758032472,1.2474886716164486,1.227468907275874
0.722351758032472,0.8082378971376579,0.7491236052141491
0.722351758032472,0.4009326667013856,0.3950725697293791
0.722351758032472,1.0970030614829325,1.1031441463004232
0.722351758032472,-0.02945337986723262,-0.051833309756045776
0.722351758032472,-0.2950402145791801,-0.29389465702674766
0.722351758032472,0.6599625844526064,0.6394242199037378
0.722351758032472,1.0092407762296567,0.9950964357160501
0.722351758032472,0.4878985476082701,0.5845868917740848
0.722351758032472,0.19551436101454978,0.20376371545553817
-1.3843670883058157,-1.482078193943966,-1.4342206447091297
-1.3843670883058157,-1.1240161065194405,-1.1339980404211776
-1.3843670883058157,-1.186646981102545,-1.263968481900914
-1.3843670883058157,-0.8312168618036151,-0.7823663324743986
0.722351758032472,0.13641282289493617,0.09826701042747621
0.722351758032472,1.2903158800272294,1.2473692191688595
0.722351758032472,0.4796685657170626,0.4670132420591947
-1.3843670883058157,-1.1222414938635363,-1.07910801135955
0.722351758032472,1.5468250663431298,1.5095067715195865
-1.3843670883058157,-0.9955276717937819,-0.9497501932713375
0.722351758032472,1.1045077811337005,1.0730185089048445
0.722351758032472,0.6025398294647699,0.5792260330133036
-1.3843670883058157,-1.2372932471876044,-1.2079074369004457
0.722351758032472,0.0733124658205726,0.09485407589092032
-1.3843670883058157,-1.0672513879490917,-1.0246625051366394
-1.3843670883058157,-1.0776033801245133,-1.1103058759704398
0.722351758032472,0.692497580219223,0.6672916268925255
0.722351758032472,1.2856148299980437,1.2854393895225098
0.722351758032472,0.5111695871117504,0.4986277033982313
-1.3843670883058157,-1.162832786457569,-1.1724250812428405
0.722351758032472,0.11896439388676328,0.11733485152426248
-1.3843670883058157,-1.2712018238070981,-1.2380677105480367
0.722351758032472,0.12178378129391121,0.17337059125022203
0.722351758032472,-0.11713754976102086,-0.046469737518576026
0.722351758032472,0.8790841270615932,0.8726510338510063
-1.3843670883058157,-0.9069466929635484,-0.8475745338620422
-1.3843670883058157,-1.146975090225153,-1.1790858580888188
0.722351758032472,-0.09941546311194191,-0.038983757111560546
0.722351758032472,0.6786135532186295,0.6515472525021561
-1.3843670883058157,-1.2670007825357608,-1.1870415756286352
0.722351758032472,0.6293685396412004,0.6257074856758591
-1.3843670883058157,-0.8178083952757709,-0.7565982595889634
-1.3843670883058157,-0.7770856415749111,-0.7479228023430041
0.722351758032472,0.5071920552464101,0.5299716813109749
0.722351758032472,0.36378995915895307,0.3617072919431056
-1.3843670883058157,-0.9135826619189968,-0.9664049463680169
0.722351758032472,1.3798526918136043,1.3875137070135968
-1.3843670883058157,-1.2170746449207515,-1.3058569693406643
0.722351758032472,-0.7393056830200856,-0.7101535309756081
0.722351758032472,0.6308872907915294,0.6318754255428415
-1.3843670883058157,-0.8499835946869106,-0.8331429152353262
-1.3843670883058157,-1.4588551531385678,-1.3869250306566425
0.722351758032472,0.38700733869986426,0.3631598835601728
-1.3843670883058157,-1.2719790619476323,-1.2157966068033537
-1.3843670883058157,-1.1652252939049768,-1.184290834516125
0.722351758032472,0.5519634192605614,0.5580213650479843
0.722351758032472,0.5873534210121953,0.6191831964377481
0.722351758032472,0.1651166254940365,0.12098711374526011
-1.3843670883058157,-1.069677319010011,-1.028871987175768
-1.3843670883058157,-1.463159979473881,-1.4780594177812436
0.722351758032472,1.4222955198917737,1.3855826497371901
-1.3843670883058157,-0.6048543799077848,-0.5472573313272002
0.722351758032472,0.6676558502048066,0.6233851098153289
0.722351758032472,0.18590746549118742,0.1775019403001168
-1.3843670883058157,-1.0480508837030118,-1.0533892007627572
-1.3843670883058157,-1.8404269401892361,-1.6662134647887012
0.722351758032472,0.49190059608328185,0.460739028614506
-1.3843670883058157,-0.8872290187304258,-0.8199008336279995
0.722351758032472,0.5347501012928595,0.46455977249489755
0.722351758032472,0.6894173159532134,0.7362167531700129
-1.3843670883058157,-0.6649228923314278,-0.6203827660734051
0.722351758032472,0.3115117983453859,0.333300820129957
-1.3843670883058157,-1.24893197268079,-1.1843314864033296
0.722351758032472,1.2002470313738252,1.2271289101597982
0.722351758032472,1.5087053641210488,1.4673980193122846
-1.3843670883058157,-1.1204938208737139,-1.0907255568272132
-1.3843670883058157,-1.4405753664012875,-1.4135118787265981
0.722351758032472,0.5995065973915401,0.6182263496855914
-1.3843670883058157,-1.4395816161259498,-1.3748026731033955
-1.3843670883058157,-1.1584851202251196,-1.207898385757463
0.722351758032472,0.4602530194151421,0.47553530934009886
0.722351758032472,0.5275199161324303,0.4521213646929159
0.722351758032472,0.7129932245331015,0.7269656928161136
0.722351758032472,0.7023105164550462,0.6965490284703589
0.722351758032472,0.26793789609153656,0.18783698510613728
0.722351758032472,1.5134043091723526,1.4477006657632456
0.722351758032472,0.3173202777850065,0.3428491954240267
-1.3843670883058157,-0.9939428446707155,-0.9326000523163369
0.722351758032472,0.6783401376286731,0.6937325400685043
0.722351758032472,0.8009207609227988,0.8128210779064596
0.722351758032472,0.8606928280941508,0.8005395356501481
0.722351758032472,-0.12736742933564504,-0.16569573278328248
0.722351758032472,0.5924301622021964,0.5291455388729089
-1.3843670883058157,-0.8871846523961268,-0.8369519805453002
-1.3843670883058157,-1.0788261765623923,-1.0197657908782252
0.722351758032472,0.6269424657421381,0.5858339098147738
0.722351758032472,0.2509662275882515,0.23574951318975756
0.722351758032472,0.7769425964375923,0.786191998185259
0.722351758032472,0.16791599984447314,0.13708168169650348
0.722351758032472,0.3593911909968268,0.2895087488253489
-1.3843670883058157,0.07964231965290802,0.051391755274618034
0.722351758032472,0.5373758290060774,0.585611543530551
0.722351758032472,0.6309087622118035,0.6297196383041216
0.722351758032472,0.46122278673971506,0.42262225932270303
0.722351758032472,0.6346172143730201,0.5962386115090702
0.722351758032472,0.4676540696831238,0.41948591417872094
-1.3843670883058157,-0.6280564209908218,-0.5906483650612029
0.722351758032472,-0.5462247962594878,-0.5390335039875046
0.722351758032472,0.6146804600918678,0.5882042674577668
0.722351758032472,0.4274365403890627,0.4096189411523093
0.722351758032472,1.186380983373616,1.1932640260153216
0.722351758032472,0.1713813524647056,0.10143159414297193
0.722351758032472,1.1599891309231236,1.0964488520293338
-1.3843670883058157,-1.2295463881254522,-1.1904394080477683
-1.3843670883058157,-0.7990497818794867,-0.7279230187034169
-1.3843670883058157,-0.8436644293820695,-0.7412681279362443
-1.3843670883058157,-1.2568489317598994,-1.2431730284900568
0.722351758032472,0.3514309213810354,0.360768894022255
-1.3843670883058157,-1.099879992385294,-1.0024756801329222
0.722351758032472,0.5523793949271776,0.532483934898261
-1.3843670883058157,-1.2632303892483707,-1.263913692882702
0.722351758032472,0.49638889830668154,0.47331927124934897
-1.3843670883058157,-1.0405759076759145,-1.095168677628672
0.722351758032472,0.38349818554654935,0.3276581309565896
0.722351758032472,0.25049214595112723,0.23759173785868082
0.722351758032472,0.2893357579946687,0.2975673330175582
0.722351758032472,1.397165992130136,1.4030744639889599
0.722351758032472,0.746221008750182,0.7094027931332975
-1.3843670883058157,-1.3436861550961965,-1.2860455316036727
0.722351758032472,0.3724551810882868,0.33839627139370826
0.722351758032472,0.7447785514007754,0.733133108065945
0.722351758032472,0.3874439062312803,0.3774509333439128
0.722351758032472,0.07715911795319808,0.03386383728933784
0.722351758032472,1.00434455874497,0.9966490857311222
0.722351758032472,0.6341979347392162,0.6401574914240009
0.722351758032472,0.1937240524870112,0.15510776955672578
0.722351758032472,1.077203034309657,1.059486772550283
0.722351758032472,1.0792647615448099,0.9971778210807517
0.722351758032472,1.2978643189544021,1.2546568259580506
0.722351758032472,0.6136897948137409,0.5964720528051526
0.722351758032472,0.5266033765244872,0.5529219421804024
0.722351758032472,0.33221824901201097,0.27172232418137177
-1.3843670883058157,-0.8920223743223252,-0.8243155508712053
0.722351758032472,0.436521071088744,0.4781321725577831
-1.3843670883058157,-1.2419362157790153,-1.2179550061056448
0.722351758032472,0.39330746207147904,0.37102877584102145
0.722351758032472,0.4445362416252201,0.41789703600886424
0.722351758032472,0.5638774788246398,0.49591336433633226
0.722351758032472,0.2705772362306761,0.24354387365432284
0.722351758032472,0.2566235686295333,0.2271187150375949
0.722351758032472,0.38562090274817223,0.35105703741713257
-1.3843670883058157,-1.0805306042204776,-1.0351418528146872
0.722351758032472,0.7068038843195351,0.757801840267969
-1.3843670883058157,-0.8282118575826717,-0.8090798622117479
0.722351758032472,0.32573476846836213,0.32721701569453876
0.722351758032472,0.23134866052269165,0.3038390335376865
0.722351758032472,1.3622680724863276,1.3475861442898742
0.722351758032472,0.6332047362899966,0.6556746465748279
0.722351758032472,0.6959977238037213,0.6713126528886668
0.722351758032472,0.9991311880373528,0.9301548928391468
0.722351758032472,0.21347229951441515,0.33901197888869794
0.722351758032472,0.5934705470885673,0.5575588015525662
0.722351758032472,0.5360459770447255,0.597983449477905
0.722351758032472,0.7408632088738183,0.7204594410194973
-1.3843670883058157,-1.4013724329770627,-1.3522986451303391
0.722351758032472,0.14520519566386647,0.17034737603083608
-1.3843670883058157,-1.095363180872416,-1.1361862349344451
0.722351758032472,0.5404974910573882,0.5309197740108991
0.722351758032472,0.7527505800127281,0.7002620156016514
-1.3843670883058157,-1.5089680344051133,-1.4299895098658946
-1.3843670883058157,-1.4518837617696723,-1.3764490276315502
-1.3843670883058157,-0.47348924674585924,-0.432941521265892
0.722351758032472,0.7615016049292598,0.6876488858404157
-1.3843670883058157,-1.0512697817650258,-0.9496058594462627
0.722351758032472,-0.21007828775469908,-0.18989060047454678
0.722351758032472,0.6312189525310526,0.623514430528409
0.722351758032472,0.7487151007481472,0.724686326033605
-1.3843670883058157,-1.1509499411742823,-1.1878922426063165
0.722351758032472,0.48191710876602023,0.5351663006807751
0.722351758032472,0.5107229670821313,0.4661186050702584
0.722351758032472,0.8046874522547048,0.7833700139239019
0.722351758032472,0.48694794239298006,0.4358130855870941
-1.3843670883058157,-1.3149857217859307,-1.333750777896137
0.722351758032472,0.8805027007904996,0.8717385932010084
-1.3843670883058157,-1.111743471163905,-1.1272759402273698
0.722351758032472,0.6221013190437727,0.6582499780818175
-1.3843670883058157,-1.2403257544563882,-1.2326290226001082
-1.3843670883058157,-1.0532698795804334,-1.0025483861115554
0.722351758032472,0.765292971890949,0.7613275882795841
-1.3843670883058157,-0.8901685767350576,-0.8797293853572663
-1.3843670883058157,-0.8201918138573003,-0.7829202288302872
-1.3843670883058157,-1.4057161614124662,-1.3209875549805918
0.722351758032472,0.4725948108572593,0.45710987005688103
-1.3843670883058157,-1.018342602358338,-0.9881379757133831
-1.3843670883058157,-1.2518183979245205,-1.2452279600090428
0.722351758032472,0.6650258641889035,0.6506064252040324
0.722351758032472,0.43942048695493086,0.40250942005785717
0.722351758032472,0.25616302562072435,0.26956928251092616
0.722351758032472,0.47192476590245314,0.4632225288582091
-1.3843670883058157,-1.3531078683146598,-1.2710955510618624
0.722351758032472,0.5286281359100555,0.5367091487588153
-1.3843670883058157,-1.5116822553378613,-1.539187823997411
0.722351758032472,-0.4785063239695679,-0.4518800631509973
0.722351758032472,0.5129718785272233,0.4693117177223183
0.722351758032472,-0.1463851328179846,-0.1612016417528404
-1.3843670883058157,-0.5318761671947105,-0.508512152946798
-1.3843670883058157,-1.1360217091214413,-1.132563385314323
0.722351758032472,0.6899786295474064,0.715977789355629
-1.3843670883058157,-1.284481603851886,-1.3307823246035937
0.722351758032472,0.6073759378904955,0.5687672400001962
0.722351758032472,1.3880535875442055,1.2954521214970867
0.722351758032472,0.5757797459154863,0.5190265957052951
0.722351758032472,1.1412004962181934,1.1124334777605913
0.722351758032472,0.5273298700943333,0.48700198341951034
0.722351758032472,0.5288632539284099,0.524174675271715
0.722351758032472,0.6268179361053045,0.6674384763071327
0.722351758032472,0.5380431449658841,0.4834145105984455
-1.3843670883058157,-1.515345329124912,-1.5453670197647849
-1.3843670883058157,-0.9319943032027928,-0.9218993898864905
-1.3843670883058157,-1.1300232420793939,-1.1435611202063098
0.722351758032472,1.2930789780166956,1.2915387180823505
0.722351758032472,0.6894045618211332,0.6131464204651815
0.722351758032472,0.3259693850611426,0.31989861142802023
0.722351758032472,0.3494388452069198,0.30617693922687417
0.722351758032472,0.4013880978224518,0.33631692897490906
0.722351758032472,0.6038568037703219,0.6349689870031747
0.722351758032472,0.788367579511748,0.7434796584953984
0.722351758032472,0.440789701706278,0.4301991638810339
0.722351758032472,0.4572429199733209,0.4400188348596542
-1.3843670883058157,-0.8580411019692846,-0.8713138511531179
-1.3843670883058157,-1.2523259845440577,-1.1842562693355676
-1.3843670883058157,-0.9866582845555947,-0.9215879593569063
0.722351758032472,-0.07521852211580538,-0.08227846313083165
0.722351758032472,0.3476408792530353,0.33862995156455156
0.722351758032472,1.1103783167009187,1.0845587508555357
-1.3843670883058157,-1.0620140477030797,-1.0021006823686314
0.722351758032472,0.37675956156487744,0.38854787027042503
0.722351758032472,0.7753555296599801,0.7984000980242377
0.722351758032472,0.2521011075504976,0.23056679471518454
-1.3843670883058157,-0.4459683203390372,-0.3441351542724312
-1.3843670883058157,-1.0115551971998757,-0.9379454258269638
-1.3843670883058157,-1.3535666934406603,-1.2978378036421627
0.722351758032472,0.1254890179791357,0.12467267365994492
0.722351758032472,0.8320866599703411,0.8064351429890747
-1.3843670883058157,-1.1455004117000862,-1.0585793652703774
0.722351758032472,0.5574319728792974,0.613463599790524
-1.3843670883058157,-0.7151765213480008,-0.6728186678397557
-1.3843670883058157,-1.3524438229113018,-1.293250745094872
0.722351758032472,-0.6592591849573742,-0.6381978487752584
0.722351758032472,-0.5972622848920395,-0.5900324365558179
0.722351758032472,0.5060557396861072,0.4275342643912273
-1.3843670883058157,-2.2238768515290923,-2.056591275456358
-1.3843670883058157,-1.4894247062513133,-1.4603462603657782
-1.3843670883058157,-1.3493925297421623,-1.3519276892902468
-1.3843670883058157,-1.3206596937841357,-1.272509744866939
0.722351758032472,-0.29370625052694943,-0.2418305985650088
0.722351758032472,0.36881099766983094,0.4018988674511662
0.722351758032472,0.8366370546194858,0.8453318135828666
0.722351758032472,0.5810709644629735,0.5308555863683251
0.722351758032472,-0.36463404782917963,-0.3599040190707222
0.722351758032472,1.174611382488628,1.1696766076995129
0.722351758032472,0.5130295612558172,0.4491235288398453
0.722351758032472,0.25512084544392466,0.21884748791713682
0.722351758032472,1.0964910837939676,1.0646339651809558
0.722351758032472,0.44048900436877525,0.41916386258474203
0.722351758032472,0.6003223679815666,0.5704012491747414
0.722351758032472,1.471664993924179,1.4482189715415708
-1.3843670883058157,-1.459929132743185,-1.4498092430611682
0.722351758032472,0.6608653550214522,0.6656350537870022
0.722351758032472,0.4180113000185711,0.48506919922285086
0.722351758032472,0.4479948033513703,0.5163753468419492
0.722351758032472,1.3530275457561938,1.350800414319545
0.722351758032472,0.4688895007349599,0.39992989186173705
-1.3843670883058157,-1.5518184236069907,-1.518964505599144
-1.3843670883058157,-1.254849698022697,-1.210490663433648
-1.3843670883058157,-0.9126081602281731,-0.8518555831590287
-1.3843670883058157,-1.387258453016544,-1.431219584102136
-1.3843670883058157,-1.25672300551312,-1.296994271232749
0.722351758032472,1.0359497384039977,0.9621996976185606
0.722351758032472,0.8605645182414347,0.7735723616884205
-1.3843670883058157,-1.2066436064644954,-1.183902773834471
0.722351758032472,0.9180122689469103,0.8351993082614297
0.722351758032472,0.28074159843281465,0.2520185432655222
-1.3843670883058157,-0.6022089124409324,-0.5834795863259747
0.722351758032472,0.39743662836064414,0.3863382670329455
0.722351758032472,-0.05631459676372208,-0.07976162515923235
0.722351758032472,0.6096440604637632,0.5880442585348977
-1.3843670883058157,-1.0362586468955879,-1.0783871923796315
-1.3843670883058157,-1.3464904332345402,-1.3245033040853775
0.722351758032472,0.5393271311422174,0.5732706172429309
-1.3843670883058157,-1.2231208333377572,-1.2025860508395916
-1.3843670883058157,-1.312095027205424,-1.2741112838283672
-1.3843670883058157,-1.2263469615772844,-1.2989168271684517
0.722351758032472,0.5992318567343445,0.6098526553196133
-1.3843670883058157,-1.0320977452753437,-0.9542741617601385
0.722351758032472,0.4254512845031917,0.4518788519936009
0.722351758032472,0.6662601142284102,0.6547367420656913
0.722351758032472,0.1224163962870643,0.059621911526485105
0.722351758032472,1.114210548599214,1.1003244507650085
-1.3843670883058157,-1.1710578035445622,-1.1634243210543742
0.722351758032472,-0.7222157247338836,-0.7162015767944697
0.722351758032472,1.1801318786344308,1.1400858871902768
0.722351758032472,0.0641703129315842,0.021169274674150196
-1.3843670883058157,-0.509101058359195,-0.47700559867665193
-1.3843670883058157,-1.1154240813976244,-1.0982050380239923
-1.3843670883058157,-0.4657602079158113,-0.4291499894085118
0.722351758032472,0.3950584794538682,0.47275351256985876
0.722351758032472,0.32347476216764326,0.32555243662840205
0.722351758032472,0.3659729335989417,0.43500550505672386
0.722351758032472,0.68056465339395,0.6869933769903516
0.722351758032472,0.2070590822771604,0.22034069681145796
0.722351758032472,0.3803861867645215,0.37743687631764267
0.722351758032472,1.003221681223863,0.9691486705004885
0.722351758032472,0.8063803717961298,0.766721570187447
-1.3843670883058157,-1.0826693913273306,-1.1296622850315479
0.722351758032472,0.5402432654519937,0.5560626540906017
0.722351758032472,0.4696590145040851,0.41283750461962054
0.722351758032472,1.0537527844250518,1.064135303084194
0.722351758032472,0.7307389723704211,0.7383196384624817
0.722351758032472,1.3916019697604194,1.3571489072368332
0.722351758032472,0.8142820003555361,0.7968959516235707
-1.3843670883058157,-0.666279457870563,-0.6927385949278367
0.722351758032472,1.1317913679274985,1.1163110382410957
0.722351758032472,0.31584434583780585,0.32923368337257
-1.3843670883058157,-1.2389108717167083,-1.2616819719362213
-1.3843670883058157,-0.8643878844506782,-0.8366244542153619
0.722351758032472,0.654893771336723,0.6006755931410133
0.722351758032472,0.8622045394260646,0.862910074286382
-1.3843670883058157,-1.1558421214543229,-1.1271032337848057
-1.3843670883058157,-0.8610828860576477,-0.8702983964780874
-1.3843670883058157,-1.0221339376468537,-0.9599556926012474
-1.3843670883058157,-1.3196937175691061,-1.2825613560433007
-1.3843670883058157,-0.791855695055102,-0.776433929554982
-1.3843670883058157,-1.175168061610567,-1.090731393388012
-1.3843670883058157,-1.5072075070988602,-1.4821696764843098
-1.3843670883058157,-0.5966211217247858,-0.5404331729202633
0.722351758032472,0.6213212546307059,0.5870580845993657
0.722351758032472,0.613127466153806,0.6111676450020166
-1.3843670883058157,-0.4866079731436349,-0.45746815561320875
-1.3843670883058157,-1.2267393386124312,-1.1858581198908253
-1.3843670883058157,-1.0082679566792558,-1.0466729373874326
0.722351758032472,0.384362271572539,0.36079410748365476
0.722351758032472,0.4550491085596853,0.44934352385817045
0.722351758032472,0.8223578279200544,0.7400751541762097
0.722351758032472,0.6974556384429652,0.6436407542385392
0.722351758032472,0.9917739897287544,0.9730580882227551
-1.3843670883058157,-1.3806843668388797,-1.3431779856289667
-1.3843670883058157,-0.5783032739313939,-0.5240679607177912
0.722351758032472,0.4015914237872843,0.3701316279005853
0.722351758032472,-0.7299220810986404,-0.6599604167700754
0.722351758032472,0.45091509742468067,0.40530897740172533
0.722351758032472,0.061661818142871194,0.12496643437088994
0.722351758032472,0.44421825307818774,0.4365177365561549
0.722351758032472,0.25596438027847634,0.3187340358098091
-1.3843670883058157,-1.0151709073496447,-0.9542167594849159
0.722351758032472,0.530941236503004,0.5769071995814411
-1.3843670883058157,-1.1587864170407471,-1.196300370089039
0.722351758032472,1.0694631920551867,1.037898959297446
-1.3843670883058157,-1.1867694678021512,-1.1796806316419302
0.722351758032472,0.47019571050353925,0.3711566855247833
0.722351758032472,1.32809019427475,1.3252238965922607
0.722351758032472,1.2028615605315665,1.1828869502755388
0.722351758032472,0.6551697896315103,0.6787208351297902
0.722351758032472,1.3832822788156836,1.3728052617963677
-1.3843670883058157,-1.4752416150471708,-1.4878032042196934
-1.3843670883058157,-1.0184383051870207,-0.9622257768571175
0.722351758032472,0.07844142909110663,0.09767623231917466
0.722351758032472,-0.40788235850455545,-0.449596623381834
-1.3843670883058157,-0.5528449908573945,-0.5083715835701456
0.722351758032472,1.2746175515143396,1.254626286811777
-1.3843670883058157,-1.2833472508113282,-1.3139665110148038
0.722351758032472,0.5177862913796797,0.4853652214142
-1.3843670883058157,-1.1475278139603944,-1.1438186022937893
0.722351758032472,1.330778918988513,1.300433474040012
-1.3843670883058157,-1.1301550123283581,-1.157462079430002
-1.3843670883058157,-1.3833468865186773,-1.404640904760834
0.722351758032472,0.5070539986446182,0.4946392289184661
0.722351758032472,0.7489455255158235,0.69954548253539
0.722351758032472,0.5674683686482626,0.557085352491921
0.722351758032472,1.204462201004095,1.1793719113715704
0.722351758032472,0.2564275706466853,0.2658292096781385
0.722351758032472,0.2709082461527341,0.21773675212103494
0.722351758032472,0.4758121633148622,0.5470297216089263
-1.3843670883058157,-1.446065208402148,-1.3718257139585932
-1.3843670883058157,-0.8740159657534917,-0.7948613748533984
0.722351758032472,0.9155713423955174,0.8336740253055082
-1.3843670883058157,-0.7714479420840435,-0.7802816904133043
-1.3843670883058157,-1.503446953429354,-1.5037028558684788
0.722351758032472,0.5989708861369272,0.5944476822894575
-1.3843670883058157,-1.3708684291797293,-1.3208600209230388
0.722351758032472,-0.43914806084059765,-0.39178413195556494
-1.3843670883058157,-1.1624359328176168,-1.0982928724321868
-1.3843670883058157,-0.7053076629027192,-0.6644342104487116
0.722351758032472,-0.35207683853553084,-0.3345083331099455
0.722351758032472,0.3282026330419286,0.29136825359140645
0.722351758032472,1.434864783257345,1.378452935453632
-1.3843670883058157,-0.7315491230699629,-0.7073448230136504
0.722351758032472,-0.4723619617337966,-0.44883676550775775
0.722351758032472,1.4703994854515638,1.444733037768327
0.722351758032472,-0.581828967139592,-0.5940516662999608
0.722351758032472,1.2858432783487612,1.2853508184126825
0.722351758032472,0.43330437919729403,0.37831054689103555
0.722351758032472,0.5348043579897855,0.4647729612343868
-1.3843670883058157,-1.4969610437295104,-1.52834911010051
0.722351758032472,0.39774190946723864,0.4339416112893755
-1.3843670883058157,-0.9946629513126499,-1.0759945858794668
0.722351758032472,0.2727543491073072,0.26643543890330745
-1.3843670883058157,-0.9989909656939848,-1.0305163691074546
-1.3843670883058157,-1.0874689247690927,-1.0102692210488824
-1.3843670883058157,-0.8628419356993969,-0.847507787709578
-1.3843670883058157,-1.2574842163079543,-1.2539580699012998
0.722351758032472,0.5665754278502024,0.5365740078222148
-1.3843670883058157,-1.1979701474231914,-1.1260558836373447
-1.3843670883058157,-1.2977534049367523,-1.2714750127824894
-1.3843670883058157,-1.0527894881817281,-0.9956970006204824
-1.3843670883058157,-1.2698629777521446,-1.2770607538332683
0.722351758032472,1.050464636685593,1.041789116404929
0.722351758032472,-0.0975270885281424,-0.08088101088325894
-1.3843670883058157,-1.1349768676630607,-1.1683288586144995
-1.3843670883058157,-0.9787312671898003,-0.9591213866568589
-1.3843670883058157,-1.4268301107808747,-1.4380090206142015
0.722351758032472,0.5648395780950765,0.5925606403882238
-1.3843670883058157,-0.9541580185132659,-0.8672253862407986
0.722351758032472,0.18101506669556205,0.15714126182278776
0.722351758032472,0.6444976293882001,0.6032023266931641
0.722351758032472,0.687711903433301,0.6352280149567032
0.722351758032472,0.4677548314854283,0.41517848269540053
-1.3843670883058157,-1.004638544940864,-0.9614340912816894
0.722351758032472,0.455868729765073,0.4536303416724168
0.722351758032472,0.7359474659860779,0.7104654150580865
-1.3843670883058157,-0.9601918685016928,-0.9143765055178475
-1.3843670883058157,-0.9241174015273443,-0.8624681721577181
0.722351758032472,1.3073435887917217,1.3082917000623557
-1.3843670883058157,-0.7533272042405474,-0.7408133084075667
-1.3843670883058157,-0.9595407784230326,-0.8975823828513623
0.722351758032472,0.5110552892185574,0.5937905095864625
0.722351758032472,0.5604312168462152,0.5012831654475096
0.722351758032472,0.5372565068849948,0.6192912850946416
0.722351758032472,0.9682908299338491,0.91071267097796
0.722351758032472,0.9551038124937394,0.9027608429443954
-1.3843670883058157,-0.7053383552546434,-0.7059660101411305
0.722351758032472,-0.3961319546454838,-0.38620304808624256
-1.3843670883058157,-1.2141920860761326,-1.203478719008604
0.722351758032472,0.38035703340234106,0.3883097429042013
0.722351758032472,0.2742197934184637,0.27439401385421247
0.722351758032472,0.9441135107504105,0.8890978552127786
0.722351758032472,-0.599509666335463,-0.5752626856314115
0.722351758032472,-0.5755088045905207,-0.5673094480309679
0.722351758032472,-0.09578141770096191,-0.06449664909191988
-1.3843670883058157,-1.0676468856487111,-1.074360967210505
0.722351758032472,0.5213493047408602,0.5201834955981872
0.722351758032472,1.004328449052593,0.9848728911274288
0.722351758032472,1.1762846063491061,1.1706737845294524
0.722351758032472,0.3701432511762538,0.35829664795007643
0.722351758032472,0.04981915663212311,0.0390453013276284
0.722351758032472,0.6374434459710551,0.6211479399117824
-1.3843670883058157,-1.4371552857137004,-1.3846545937501316
0.722351758032472,1.2315926584495767,1.2090130231506273
0.722351758032472,0.44554568864207633,0.4124589090432075
-1.3843670883058157,-0.5882568896273508,-0.5317050449060097
0.722351758032472,0.7694187482949031,0.7752762274013786
0.722351758032472,0.7485651470980822,0.7208934302808242
-1.3843670883058157,-0.9583501167363468,-1.0123524200902114
0.722351758032472,0.5974593959298627,0.6378329262931693
0.722351758032472,0.4467810968105248,0.42561969189588167
0.722351758032472,1.1816997255806343,1.189672993045921
-1.3843670883058157,-0.8793056785115033,-0.9028048394734685
0.722351758032472,0.5055232472563738,0.4469983837737855
0.722351758032472,0.6000714688670518,0.6261389689313206
0.722351758032472,1.347866916085983,1.336389477515274
0.722351758032472,0.7516372721732347,0.6561846076087944
0.722351758032472,0.9688054270096731,0.9513134940642359
0.722351758032472,1.3078457877183798,1.2941999436654554
0.722351758032472,0.7033759519015408,0.7170147709996626
-1.3843670883058157,-0.7487185673787647,-0.772975826204411
-1.3843670883058157,-0.8846814889913811,-0.8790228185013438
-1.3843670883058157,-1.030837522513049,-1.0547442970395664
0.722351758032472,0.19320343595034084,0.16695030388290988
0.722351758032472,0.35310656734191836,0.3707180887672478
0.722351758032472,0.16911050739627598,0.21122721561230662
0.722351758032472,0.4460166211586848,0.5109087613567235
0.722351758032472,0.0807016686280656,0.08255292757415444
0.722351758032472,0.5122819324956166,0.554342872401663
0.722351758032472,0.5659288335114342,0.5512806832426737
0.722351758032472,0.46318863647309894,0.38532872864473094
-1.3843670883058157,-1.0787082234590954,-1.0060823821499616
0.722351758032472,0.5457692787087952,0.536927767313928
0.722351758032472,0.47515353468854055,0.47234323409815454
-1.3843670883058157,-0.4240398013093537,-0.3514784284526422
0.722351758032472,0.31683968341904434,0.35305045287297876
0.722351758032472,0.614433190666519,0.6031744488102684
0.722351758032472,0.6775066733375213,0.7019757754025957
0.722351758032472,0.5052047070496211,0.5084879170705261
-1.3843670883058157,-1.2785150698044176,-1.2291945946569007
0.722351758032472,0.6929961585805046,0.6887911977697505
0.722351758032472,1.2615932928174782,1.234670899671779
-1.3843670883058157,-0.5555174095138451,-0.5132972627318038
0.722351758032472,0.6274316580675029,0.5980462959342709
0.722351758032472,0.46499889268200434,0.4792688494938668
-1.3843670883058157,-0.5256275485452295,-0.4861763940717937
0.722351758032472,0.4408459824885924,0.43894775243920414
0.722351758032472,0.3106084360044862,0.31216682164861254
0.722351758032472,0.5489415885828999,0.5232936635037981
0.722351758032472,0.38426736182034804,0.4150012989235543
-1.3843670883058157,-0.7137713628378287,-0.5824957569863558
0.722351758032472,0.21857466700749617,0.2296488468579062
-1.3843670883058157,-1.4609286621696742,-1.4917802024456424
0.722351758032472,-0.5227131313150282,-0.49987849658895034
0.722351758032472,1.026233726286691,0.9863255766070256
-1.3843670883058157,-1.1621118845336988,-1.11392616813591
-1.3843670883058157,-0.6825676430452662,-0.6394339827036724
-1.3843670883058157,-1.3545230498173697,-1.3251576005576817
0.722351758032472,0.6919037740467702,0.6641484314454608
-1.3843670883058157,-0.640508901765356,-0.5932879598907344
-1.3843670883058157,-0.7063034999937651,-0.6476812099525942
-1.3843670883058157,-0.4827995960447069,-0.4621632016802857
0.722351758032472,0.4343370425251945,0.4313417029494706
-1.3843670883058157,-0.6532053103134933,-0.6370946295714868
-1.3843670883058157,-0.7209930019449029,-0.6330743889715928
0.722351758032472,0.42430499185665715,0.40290262891054174
0.722351758032472,-0.482282167242685,-0.4670774526233054
0.722351758032472,0.5099226343808679,0.574335027652549
0.722351758032472,1.3833080255964392,1.326917254074639
0.722351758032472,0.6682166295603644,0.622181487698201
-1.3843670883058157,-1.3568043585677265,-1.3024739198908994
-1.3843670883058157,-1.0327906076973883,-1.0642661841796663
0.722351758032472,0.44581518841800105,0.45859552556612626
0.722351758032472,0.6941433075092386,0.679506973366854
-1.3843670883058157,-1.3601771881400337,-1.3681633617595064
0.722351758032472,0.3235654152063885,0.3259075947899831
0.722351758032472,0.5880944594834558,0.5474001350195419
0.722351758032472,0.45298853911393233,0.500458890032566
-1.3843670883058157,-1.17623172483387,-1.1629852240092953
0.722351758032472,0.8056760598207152,0.8112481049480379
0.722351758032472,0.7104088584655806,0.6808170755460637
0.722351758032472,-0.49736714466801574,-0.4171537264395141
0.722351758032472,-0.584708752375154,-0.5815427819872434
0.722351758032472,0.8074611301953957,0.78520284620096
0.722351758032472,1.1987158987674693,1.2017281019664892
0.722351758032472,-0.3220193668047695,-0.3211306307481719
0.722351758032472,-0.3151950197176976,-0.25979381920998423
-1.3843670883058157,-1.0704036260294696,-1.0529909034778742
0.722351758032472,0.764037052546563,0.7610741366106352
0.722351758032472,-0.5407774371970917,-0.5299831515215293
0.722351758032472,-0.34487486634741144,-0.31106709294005797
0.722351758032472,0.35989981712748925,0.33225887439266294
0.722351758032472,1.1970066491669655,1.169810450319622
0.722351758032472,0.533931645127298,0.5612705782890767
0.722351758032472,0.5168179328218298,0.4884583970592401
-1.3843670883058157,-0.8279213482438845,-0.7638466186320366
0.722351758032472,-0.24177276260253588,-0.18069934027516157
0.722351758032472,0.5294289755797653,0.4988746536179346
0.722351758032472,1.2557796781793422,1.2316705338050304
0.722351758032472,0.5914403980995406,0.5738700152117631
0.722351758032472,0.6311817021098791,0.6889102233633871
0.722351758032472,1.1899488337120256,1.123677957879607
0.722351758032472,0.1008109890791733,0.06223778513022171
0.722351758032472,0.5785481002332634,0.5169878025527691
-1.3843670883058157,-1.116882567049318,-1.1197244860531763
-1.3843670883058157,-1.5436286802941968,-1.5062480930995605
-1.3843670883058157,-1.18916227678746,-1.1959666297580203
0.722351758032472,0.5016150147186395,0.4421134884049229
0.722351758032472,-0.4602686040922367,-0.4732593523350753
0.722351758032472,0.43314530747255553,0.5026884505161604
0.722351758032472,1.1347102697102607,1.1050167740648753
0.722351758032472,-0.5661239055531677,-0.5455288259092689
0.722351758032472,0.4225417791356505,0.4066489492657197
-1.3843670883058157,-1.2803324564073644,-1.3018004484957943
0.722351758032472,0.373007051386288,0.34017390925631663
-1.3843670883058157,-1.1454395120083771,-1.1390146244815114
0.722351758032472,0.5833535692167849,0.6026246684619889
-1.3843670883058157,-1.2315285496280983,-1.194644868618335
0.722351758032472,0.16791028156790722,0.10981997864135629
0.722351758032472,0.9340351000303677,0.9219315923981279
0.722351758032472,0.7976088512346462,0.7515041035265564
-1.3843670883058157,-1.0880765849408558,-1.1265985582545417
-1.3843670883058157,-0.8224126164950839,-0.7847439042317218
-1.3843670883058157,-1.1484972412402754,-1.0716944801077217
-1.3843670883058157,-1.1260628248318452,-1.1291296968336693
-1.3843670883058157,-1.1788975968267736,-1.2021204715057898
0.722351758032472,0.8710655036743167,0.8009268413524468
-1.3843670883058157,-0.673869980494775,-0.7117459908845766
-1.3843670883058157,-1.384654664892474,-1.3670719158255646
-1.3843670883058157,-1.354122086684838,-1.3151386285903344
0.722351758032472,0.7012410290548337,0.6414229928236984
0.722351758032472,0.8456303283149129,0.8032678607664101
0.722351758032472,0.4869688949017795,0.42098588268404524
-1.3843670883058157,-0.8446206596854772,-0.7666599718938925
-1.3843670883058157,-1.1696616455416766,-1.2477611277814071
0.722351758032472,0.43364864257947167,0.4318712794178371
0.722351758032472,0.7606956477101224,0.7703681938428912
0.722351758032472,0.4100656362217302,0.35081425965486457
-1.3843670883058157,-0.8613679681887022,-0.8594330254588298
-1.3843670883058157,-1.3399592729558234,-1.3335736965634286
0.722351758032472,0.9322086116073915,0.893240675442636
-1.3843670883058157,-1.0830484748782516,-1.0600097735323537
0.722351758032472,0.70736550664767,0.7317918987036699
0.722351758032472,0.7600974800784092,0.7899987968403346
0.722351758032472,0.4555601786920003,0.394590347390529
0.722351758032472,1.4249989611642198,1.4055391875962988
0.722351758032472,0.5509814454704278,0.5553695455594062
0.722351758032472,0.32200470819312665,0.31148125808650684
-1.3843670883058157,-1.3422208881126039,-1.3523370055198771
0.722351758032472,-0.42251341995064773,-0.4289670664913397
0.722351758032472,0.8780608949140607,0.8293027711496664
0.722351758032472,0.7901155891486936,0.8150768708617153
-1.3843670883058157,-0.8778195826204144,-0.8104257392180687
-1.3843670883058157,-1.1220847995500898,-1.1138875508880863
0.722351758032472,0.8507083952030925,0.8070437127095705
0.722351758032472,-0.1099050764204082,-0.07583652632994889
-1.3843670883058157,-0.3816049248372575,-0.3405887645327944
-1.3843670883058157,-0.9690159175871492,-0.8869051787222451
0.722351758032472,1.4446558916629457,1.3864393186938517
0.722351758032472,0.6235970439267933,0.6163344170939583
0.722351758032472,1.1202111802212025,1.118305587557679
0.722351758032472,-0.08472583552567364,-0.0672823407812394
0.722351758032472,0.5975398521818586,0.6079589739492065
-1.3843670883058157,-1.1959306044946343,-1.1153036518733743
-1.3843670883058157,-1.155031207851369,-1.1889342322973298
0.722351758032472,0.5504057972676976,0.6360016921218771
-1.3843670883058157,-1.0084696187804862,-0.9462834474425019
0.722351758032472,0.19214913654981536,0.20044207873627307
0.722351758032472,0.6031661503389912,0.5704249579095122
0.722351758032472,0.2464953542448841,0.28801900240206957
0.722351758032472,0.8850966842528669,0.8240424819831833
-1.3843670883058157,-1.3500185770906135,-1.3197953957081452
0.722351758032472,0.584254266179732,0.5237980022369629
0.722351758032472,0.5672448688694421,0.6165419258232138
0.722351758032472,0.5716397202159653,0.5642809900820416
0.722351758032472,0.656361472105781,0.6028701690146644
0.722351758032472,-0.08426824096839902,-0.04484397290788267
0.722351758032472,0.47992211177934163,0.5037104818493394
0.722351758032472,0.6727926384314673,0.7158712187125372
0.722351758032472,1.0376633563043351,1.007282763724894
-1.3843670883058157,-1.3992575769752207,-1.3844223479139828
0.722351758032472,1.2046578239130858,1.1687774398457558
0.722351758032472,1.2189023473440643,1.1972587930109702
-1.3843670883058157,-1.1171444457755961,-1.1306609840356165
0.722351758032472,0.4888188078269635,0.5756468484444325
-1.3843670883058157,-0.5960280032532115,-0.6112828363789975
0.722351758032472,1.1138325944369871,1.0986992577771835
0.722351758032472,0.32114429390721766,0.3177199306902697
0.722351758032472,0.04280087219655637,-0.01375176365064773
0.722351758032472,1.241981418113068,1.2458175670092322
0.722351758032472,0.4860849018465925,0.5056071828852936
0.722351758032472,0.6673141409228017,0.6306223575891177
-1.3843670883058157,-1.1390991221188542,-1.0734332877329236
-1.3843670883058157,-1.0343553500454008,-1.0649321285293503
0.722351758032472,1.1132990211432654,0.9901431527601994
0.722351758032472,0.3312999716370394,0.2772173858012546
0.722351758032472,0.7373321217738189,0.6322543836238228
-1.3843670883058157,-1.3240621965802153,-1.3038445138078778
0.722351758032472,0.6760462135721734,0.6086019869929564
0.722351758032472,1.2447959355353846,1.2320721896494713
-1.3843670883058157,-1.3263178741565103,-1.3091735111055218
0.722351758032472,0.3921923510867425,0.34380290363189636
-1.3843670883058157,-0.8523486892651967,-0.8036897632170054
-1.3843670883058157,-0.8874858540455167,-0.8433602749411767
0.722351758032472,0.5643070619158027,0.5037423301751709
0.722351758032472,0.7622307034690518,0.7357054120549779
-1.3843670883058157,-0.8396230063066289,-0.8279419367754519
0.722351758032472,0.8025095500947087,0.7826626220658278
0.722351758032472,0.6640828162106064,0.6969982776247229
0.722351758032472,0.5502091267015661,0.48033336653189546
0.722351758032472,0.6385928038533767,0.5746885564370018
0.722351758032472,0.45299522339839393,0.48247469651236996
-1.3843670883058157,-1.1555530025360081,-1.1911855013396173
-1.3843670883058157,-0.8734902422786017,-0.8176749710370589
0.722351758032472,0.6798705017913541,0.6881395529003136
0.722351758032472,0.3766523045463176,0.3765795195580754
0.722351758032472,0.36448989099319506,0.3160438059638341
0.722351758032472,0.2923604686415139,0.25054200109070013
0.722351758032472,0.5944811589982254,0.5846181961499493
-1.3843670883058157,-1.3633948618301581,-1.4026041586428966
-1.3843670883058157,-0.9137471678877092,-0.8916014190140387
-1.3843670883058157,-0.7157454888790038,-0.6429795480276287
0.722351758032472,0.12777988451680566,0.11867045351854111
-1.3843670883058157,-0.6597522001436373,-0.584192053919707
-1.3843670883058157,-0.8519483797278011,-0.8349086084456941
0.722351758032472,0.3063700516617023,0.29227544033685704
-1.3843670883058157,-0.7507404396004096,-0.6633332529288213
-1.3843670883058157,-1.0319124427439035,-0.9707014367435964
-1.3843670883058157,-1.0922084780480699,-1.0421573312482526
0.722351758032472,-0.5003642594578495,-0.46589448016958324
-1.3843670883058157,-0.9733800026936013,-1.0327821228309806
0.722351758032472,0.8124256329656514,0.7855167290084601
-1.3843670883058157,-1.2947028084423142,-1.2817907762108964
0.722351758032472,-0.5470739433332077,-0.5214868384628795
0.722351758032472,0.4939383528083471,0.41830218674126796
0.722351758032472,0.5964472671506905,0.580972476999176
0.722351758032472,1.2890105879891702,1.2543810547792122
-1.3843670883058157,-1.124749113039135,-1.024018845458361
0.722351758032472,0.6796256795923958,0.7099502888719542
-1.3843670883058157,-0.5618137555478724,-0.4972703988476753
0.722351758032472,0.42966549936572185,0.4137091228976588
0.722351758032472,-0.17489860220529035,-0.22807815183542185
0.722351758032472,-0.6086584416418337,-0.5661091514438898
-1.3843670883058157,-1.004697952343601,-0.9736685501130988
0.722351758032472,0.5512920087016839,0.5559106565996794
-1.3843670883058157,-1.058863319174547,-1.0167215642492367
-1.3843670883058157,-1.4774890157923752,-1.4374713419273626
0.722351758032472,1.4029086927920758,1.3535562492874924
0.722351758032472,0.3140991790639732,0.36832896601015064
-1.3843670883058157,-1.6253060336456318,-1.5988723138573693
-1.3843670883058157,-1.0299162398277448,-1.0013774105880093
0.722351758032472,1.4038777330120134,1.3655594308033447
0.722351758032472,0.45071510781023016,0.3921469887976172
0.722351758032472,0.5082783600433065,0.4701976369977323
-1.3843670883058157,-1.1345111519402338,-1.039841757476788
-1.3843670883058157,0.11964187276776883,0.08371286420544344
0.722351758032472,1.056630452062427,1.0704720917926798
0.722351758032472,0.7830933158950807,0.6933106545109797
0.722351758032472,1.268352123630712,1.2569814169737739
0.722351758032472,0.6310486507439588,0.601680494092595
0.722351758032472,1.0717637308663326,1.0475533399281929
-1.3843670883058157,-0.9224180126767543,-0.8986154316833708
-1.3843670883058157,-1.0613855317925192,-1.121533824363175
0.722351758032472,0.7404460854315209,0.7447547892694765
-1.3843670883058157,-1.5939622376568992,-1.5734879886009403
0.722351758032472,0.27819660928743806,0.28455263131500574
0.722351758032472,0.268128596073944,0.26749698168716585
0.722351758032472,0.6746944057027248,0.6842527562510767
0.722351758032472,-0.4823757355240963,-0.49220978144558697
0.722351758032472,0.639245875910782,0.5877072038647536
0.722351758032472,0.4406250145821988,0.4094042049893116
-1.3843670883058157,-0.8867070415409237,-0.8499887541753699
-1.3843670883058157,-0.9373477999772678,-0.8803955193747767
-1.3843670883058157,-1.1777486377692288,-1.1504485072989654
0.722351758032472,0.36838629690107694,0.34506059404932554
-1.3843670883058157,-0.46156173115514865,-0.4083021465094979
0.722351758032472,0.5138077903829297,0.5591285574490401
0.722351758032472,0.6823963504635515,0.7288764131032556
-1.3843670883058157,-1.1931639978152233,-1.193934730665176
0.722351758032472,0.19027620022659197,0.1720905789328715
-1.3843670883058157,-1.1725933816391172,-1.1797388740544426
-1.3843670883058157,-1.209209041227815,-1.2318254830982975
-1.3843670883058157,-0.7838232372069098,-0.7247755439984667
-1.3843670883058157,-1.2532416544216858,-1.3127383353872937
-1.3843670883058157,-1.1803901013370681,-1.072941852730994
0.722351758032472,1.2652371834857923,1.2249438178283434
0.722351758032472,1.0269143024578056,0.9873049802355904
0.722351758032472,0.4896238415126005,0.42611530248129226
0.722351758032472,0.9165963592080838,0.9170258935167933
0.722351758032472,0.1564569703321379,0.1602405776873309
-1.3843670883058157,-1.1162996831565415,-1.0458948492385547
0.722351758032472,1.1656952281889388,1.1472546519405857
0.722351758032472,0.527908031681539,0.547156194446142
-1.3843670883058157,-1.1485328822792575,-1.1335484485534688
0.722351758032472,0.7579473950344161,0.7531169625052052
-1.3843670883058157,-1.00899515656383,-0.9860489691391228
0.722351758032472,1.2198715021715958,1.2143765688079644
0.722351758032472,0.6791753110997496,0.7264474528132656
0.722351758032472,0.6711369559333841,0.6895447818290265
0.722351758032472,1.187571957081174,1.1844385458065498
0.722351758032472,-0.43511573889337385,-0.4016308025484449
0.722351758032472,0.3491357200634395,0.3570670655464304
-1.3843670883058157,-1.177848579034607,-1.097333373948759
0.722351758032472,1.396649310401461,1.3820465996309452
0.722351758032472,0.4107431687961095,0.49353419344842275
0.722351758032472,0.6871047484677996,0.7513723485345798
0.722351758032472,0.940877849480156,0.9275420052436676
-1.3843670883058157,-0.6082199165108569,-0.554451257443749
-1.3843670883058157,-0.9142250697126211,-0.8509606406529738
0.722351758032472,0.5744861079341496,0.5441211157818364
0.722351758032472,0.5020728981867154,0.4581852787549144
-1.3843670883058157,-1.4979180690193423,-1.4940498508953557
0.722351758032472,0.6461264310684138,0.6570150093192851
-1.3843670883058157,-1.1852962025957954,-1.1055528127082135
-1.3843670883058157,-1.0903468596490238,-1.026039459141039
0.722351758032472,0.05811151754424593,0.04730160082333168
0.722351758032472,-0.49467211835043634,-0.47140370025758993
0.722351758032472,0.5863033200149833,0.5724530817476517
-1.3843670883058157,-1.3106554437100695,-1.3720692872697826
0.722351758032472,0.6023933216134352,0.6242183698399694
0.722351758032472,0.8349665780903985,0.8260998339302422
0.722351758032472,0.45949420517305933,0.41795405246697526
0.722351758032472,0.8004787871015012,0.781254937178845
0.722351758032472,0.9590060879729907,0.9561601081378615
0.722351758032472,0.6392659565988016,0.641112448088712
0.722351758032472,0.40016436103007924,0.39852781163078776
0.722351758032472,1.3737461004547202,1.3452071204500153
0.722351758032472,1.489694381750228,1.4589307365988609
-1.3843670883058157,-0.967533150059193,-0.9241956539685318
0.722351758032472,0.5612794404414923,0.5935018275361997
-1.3843670883058157,-1.454719077822563,-1.405795995935341
0.722351758032472,1.3862916179752376,1.3593259133698448
0.722351758032472,0.4664371894088033,0.43456870417254617
-1.3843670883058157,-1.0597116645693092,-1.0774384206105947
-1.3843670883058157,-1.0130092519658769,-0.9432773474603543
-1.3843670883058157,-1.30760603963069,-1.2814135471748944
-1.3843670883058157,-1.0436197472417863,-1.0115946444005113
-1.3843670883058157,-1.0327831276786972,-1.0954440493833772
0.722351758032472,1.0188484847636459,1.0031468941179846
0.722351758032472,-0.23927488826003623,-0.26624029877978406
0.722351758032472,-0.252232506163547,-0.26083374940966125
-1.3843670883058157,-0.6142688848466825,-0.5522584034330137
0.722351758032472,0.3896675154174467,0.4122865365104492
-1.3843670883058157,-1.012423730555303,-0.9918822359346928
0.722351758032472,0.5412307162731643,0.5399177351619378
-1.3843670883058157,-1.3263447258214907,-1.341664053533908
-1.3843670883058157,-1.1750883458596793,-1.1905147965583085
0.722351758032472,0.677380108136566,0.6528510689664804
-1.3843670883058157,-1.3486196971727482,-1.3374904767845288
-1.3843670883058157,0.7885345000443745,0.7252438658692217
-1.3843670883058157,-0.6715034436624616,-0.6226102802826575
-1.3843670883058157,-1.106735105731159,-1.0349839916164751
0.722351758032472,0.42569960881665914,0.3742653538219366
0.722351758032472,-0.2981926324080817,-0.2725586343276619
0.722351758032472,0.439408878012311,0.5252710910498547
0.722351758032472,0.6014972936071544,0.6291007824680621
-1.3843670883058157,-0.951434790228002,-0.9816309829978632
0.722351758032472,-0.31786965138797,-0.3084067102003979
-1.3843670883058157,-1.5267564636548656,-1.5072052568099983
0.722351758032472,0.6891703951303412,0.6981284938390939
0.722351758032472,0.48574221251571337,0.540304917507448
0.722351758032472,-0.36055031449736913,-0.288661890182526
0.722351758032472,0.5936413440876485,0.5994832743245975
0.722351758032472,0.5250252591044489,0.5704063102904603
0.722351758032472,0.5176816317790487,0.5817849806332579
-1.3843670883058157,-0.6363991466091415,-0.5945309493798248
-1.3843670883058157,-1.0146189849831035,-0.9645868324260638
0.722351758032472,0.9366525230898859,0.8777726694472212
0.722351758032472,0.5088504616733821,0.47358692133569064
0.722351758032472,0.6612957313757808,0.5970255298190317
0.722351758032472,0.7386371130095505,0.6755817821303373
-1.3843670883058157,-0.6245148128782764,-0.5381499830145773
0.722351758032472,1.40777081563357,1.3838249271103462
0.722351758032472,1.2113977541140464,1.1983135071152384
0.722351758032472,1.1444469750298212,1.1195171904239323
-1.3843670883058157,-0.9994263387262963,-0.9365920034150979
-1.3843670883058157,-1.2528207893338466,-1.196890348123213
0.722351758032472,0.5772568585149094,0.5816603994455132
0.722351758032472,0.43969060468127996,0.3765304705792544
0.722351758032472,0.5513865496130714,0.532899585182415
0.722351758032472,1.2730790327957964,1.2682926226790565
0.722351758032472,1.1476181210400977,1.0994691753823727
0.722351758032472,0.9885092236704858,0.875997233181116
-1.3843670883058157,-1.0626243332054248,-1.0759676453040752
-1.3843670883058157,-0.9726909761420881,-0.9033966811944809
0.722351758032472,1.5071822812231905,1.4322081038388985
0.722351758032472,1.3568719837178607,1.3069699010228408
0.722351758032472,0.5507229916284397,0.6175989860065185
0.722351758032472,1.20580774000273,1.1855329317135022
0.722351758032472,1.2437491202204178,1.2075880825919414
-1.3843670883058157,-0.9961318320658675,-0.9529681296068957
0.722351758032472,0.380734632415965,0.36517725068598134
0.722351758032472,1.3296798413594368,1.3141250662571249
-1.3843670883058157,-0.8703823722126185,-0.8306687599239708
0.722351758032472,0.5025890105878468,0.48354589750319377
0.722351758032472,0.4963352831104719,0.553089949793565
0.722351758032472,0.34051139608696035,0.3178837628819913
0.722351758032472,0.6773038022675137,0.6385676134206103
0.722351758032472,0.2964136337051062,0.3703281789973185
-1.3843670883058157,-1.2006692020234382,-1.210838969764214
0.722351758032472,0.9206096134895654,0.8213364787853206
0.722351758032472,0.9340759744021949,0.8685086096498653
0.722351758032472,1.1324650976081976,0.987168142798094
-1.3843670883058157,-1.12631730418205,-1.0876948596948033
0.722351758032472,0.5221182012904799,0.49001708951078643
0.722351758032472,0.43861104501299675,0.5030565675029198
0.722351758032472,0.6237804955489658,0.6644168020752592
0.722351758032472,0.8805433460001888,0.8750470441465559
0.722351758032472,0.2508853384546732,0.20975602259371395
0.722351758032472,-0.5070607047799854,-0.5074449063565005
0.722351758032472,0.6268232856478689,0.6375629279206996
-1.3843670883058157,-1.1694214862653072,-1.1527244375873102
-1.3843670883058157,-1.3418363024496305,-1.2833593540523456
0.722351758032472,1.1883623971345374,1.1637466855509513
0.722351758032472,0.6251062170890069,0.5649674797750387
-1.3843670883058157,-0.8314503892288663,-0.8289807064881536
-1.3843670883058157,-0.7712535584363198,-0.7538992410583368
0.722351758032472,1.040308950762166,1.0162072601114747
0.722351758032472,-0.21175116238547015,-0.22369058222753216
0.722351758032472,0.6813895375798699,0.6567211369791627
0.722351758032472,0.7318190699787366,0.6991884852196022
0.722351758032472,1.4868906169416687,1.4534583460630548
-1.3843670883058157,-1.0347684183200263,-1.1002114880016165
0.722351758032472,0.9356520120333095,0.888146007199705
-1.3843670883058157,-1.0007142202718007,-0.9384782483597373
-1.3843670883058157,-1.1834791800177635,-1.1643897177499225
0.722351758032472,-0.478618585965071,-0.449043450990122
0.722351758032472,1.3681781588717628,1.3571998490523507
0.722351758032472,-0.2880923285231968,-0.278506867261312
0.722351758032472,0.5499618787297015,0.5378084957497163
0.722351758032472,1.1556600976013658,1.1165460127576559
0.722351758032472,0.4791579649627117,0.39278159104651494
0.722351758032472,0.9506322415909798,0.9195467760727906
-1.3843670883058157,-1.1627862034614498,-1.0885439840676643
0.722351758032472,0.6538533484704547,0.6500319858053698
0.722351758032472,0.6853084504421507,0.6838510763095895
0.722351758032472,0.41174955921043355,0.3917775551405229
0.722351758032472,0.9505537653474201,0.865310875191108
-1.3843670883058157,-0.96515227108001,-0.9168923054508682
-1.3843670883058157,-1.238112958814639,-1.2784664992580483
0.722351758032472,0.2897971337070015,0.2741601656937477
-1.3843670883058157,-0.7038839987115089,-0.6240742097557148
-1.3843670883058157,-1.2450558913044925,-1.213640345056043
-1.3843670883058157,-1.0184522789598944,-0.9694642496800608
-1.3843670883058157,-1.1186181628103595,-1.0761237450499637
0.722351758032472,0.49145213949910904,0.48808096896836206
0.722351758032472,0.10022315640749035,0.08922053521950679
0.722351758032472,0.3379990949381617,0.3276449386455127
0.722351758032472,1.4125158947444,1.3877474608429674
0.722351758032472,1.1776698144848043,1.1454384957015034
0.722351758032472,0.4111114200603265,0.4119376157229371
-1.3843670883058157,-1.0914543880456318,-1.0690540547177072
0.722351758032472,0.5893151547646515,0.5203114711043543
0.722351758032472,0.8758823255094651,0.8057239857180515
0.722351758032472,0.6871472456376189,0.6886345018936062
0.722351758032472,1.013858898308863,0.98576359616413
0.722351758032472,0.7376682533660666,0.7375980932510202
-1.3843670883058157,-0.9725297626989604,-0.9292039092934138
-1.3843670883058157,-1.2703459436797042,-1.2065145067921834
0.722351758032472,0.3100481848112455,0.3533032511578078
-1.3843670883058157,-2.251318148682391,-2.0243111336906585
0.722351758032472,1.0187678434214793,0.9285682384903589
0.722351758032472,1.1226027863952457,1.1225273946716832
0.722351758032472,0.9825750369363644,0.9241801785280229
0.722351758032472,0.7353271339855231,0.7330219794756586
-1.3843670883058157,-1.2478474618954118,-1.2362701241065766
0.722351758032472,1.4714651743952043,1.4408653585051636
0.722351758032472,-0.4929692651099064,-0.4621844777677517
0.722351758032472,0.3130888823624264,0.292335683508968
0.722351758032472,0.9050411737927279,0.8664409039529299
0.722351758032472,0.3949615054673915,0.36247942396777144
0.722351758032472,1.3294056748863605,1.287428998764033
-1.3843670883058157,-0.8574289645750177,-0.8224513586179987
-1.3843670883058157,-1.3377525436530566,-1.3693356075291945
-1.3843670883058157,-1.0181226667903909,-0.9537885490100894
-1.3843670883058157,-0.5841642059236747,-0.5298372471448688
0.722351758032472,0.4665098750479505,0.4529290545502248
0.722351758032472,0.833370826362877,0.7895702109680978
-1.3843670883058157,-1.3662329147486045,-1.3850739454774834
0.722351758032472,0.6575709222572603,0.7219906887487832
0.722351758032472,0.5879154035933589,0.619215177695466
-1.3843670883058157,-1.3848626241209094,-1.349350567917084
0.722351758032472,-0.4278058468758021,-0.394544142337041
0.722351758032472,0.2754467329839709,0.22689816810021318
0.722351758032472,0.32166447537969356,0.33686382404755155
0.722351758032472,0.43549345684345797,0.44989702889311567
0.722351758032472,0.4621426598232551,0.4904626927381748
0.722351758032472,1.0593969893630923,1.0245499017742334
0.722351758032472,0.9966287361157582,0.9990563911284356
0.722351758032472,0.5649443969521333,0.5586831972267708
0.722351758032472,0.4084900038016981,0.38555918824630026
0.722351758032472,0.6095200549334974,0.5119572791802334
0.722351758032472,0.2623380724840181,0.26825574896769
0.722351758032472,0.8030953822444856,0.7785340415846247
-1.3843670883058157,-0.8999944613303636,-0.8705788068834517
0.722351758032472,0.4981002547904879,0.5274813993626158
-1.3843670883058157,-1.0673711797931884,-1.0569417356935409
0.722351758032472,0.7552054749886264,0.700842016505707
0.722351758032472,0.9101815435191977,0.8795521559814155
-1.3843670883058157,-1.0520620508970913,-1.0778863919613082
-1.3843670883058157,-0.9577170739243379,-0.9108552344865548
0.722351758032472,0.44232866093232603,0.4149556899631526
-1.3843670883058157,-1.1432175581366995,-1.1344640348713062
0.722351758032472,0.49464254395265295,0.4620559424983639
0.722351758032472,1.1064136511698472,1.076973726342502
-1.3843670883058157,-1.4960209216572824,-1.486498154703053
0.722351758032472,0.5577662559600068,0.5244882852257006
-1.3843670883058157,-0.6956231893692337,-0.6043266950808284
0.722351758032472,-0.550419851642533,-0.5289127696234706
0.722351758032472,0.05991728562005083,0.023107981725102977
0.722351758032472,0.3440077912952092,0.44335779923286656
0.722351758032472,0.21707157213616646,0.193196778862174
0.722351758032472,0.37110489173234185,0.3910019118217999
-1.3843670883058157,-1.4941448007163503,-1.5111415371350645
-1.3843670883058157,-1.3454545821464257,-1.3907799437921067
0.722351758032472,0.5753490321847853,0.507472886908475
0.722351758032472,0.487185692254806,0.4439026570557555
0.722351758032472,0.632637189994676,0.6157213709818112
-1.3843670883058157,-1.2128615142446102,-1.2350131929768993
0.722351758032472,0.1901818781966539,0.1490797515678386
0.722351758032472,-0.23777366865878724,-0.22071693839064527
-1.3843670883058157,-1.4440593601268177,-1.3898544272358029
0.722351758032472,0.5319782224443584,0.49823927795724665
-1.3843670883058157,-1.252733969832998,-1.2206884780844718
0.722351758032472,0.2562423031008766,0.23099984953802843
-1.3843670883058157,-1.17066796083837,-1.1272476930295685
0.722351758032472,1.1584008968648032,1.0565926287374345
0.722351758032472,0.5132479042933055,0.4468194022858804
0.722351758032472,0.72111110515865,0.7120688217958266
0.722351758032472,0.4194393644182488,0.3944052763309638
-1.3843670883058157,-1.4802008321966809,-1.4612484999460966
0.722351758032472,-0.4616766346319131,-0.4403771028145669
-1.3843670883058157,-0.8843624044901413,-0.8658285051505866
0.722351758032472,0.9594884057997857,0.874605653210276
0.722351758032472,1.1667477861298465,1.1472886642850264
0.722351758032472,-0.5540149519349671,-0.5490878999780342
-1.3843670883058157,-1.1730473641462524,-1.0929651527905007
0.722351758032472,-0.36033895229746826,-0.30886837360113245
-1.3843670883058157,-1.1748230957288603,-1.0803913508915246
-1.3843670883058157,-0.5245656923542166,-0.4797055854056508
0.722351758032472,0.5492970017424357,0.4697620073888208
-1.3843670883058157,-1.1305829366707991,-1.1323043857547133
0.722351758032472,0.7249111789763609,0.7398216897760179
0.722351758032472,0.24064968729277536,0.2972498710097671
0.722351758032472,1.1303758889380244,1.1377858351324543
0.722351758032472,0.3006331751480463,0.3200783462702887
0.722351758032472,0.6938608682074143,0.5972090541169788
-1.3843670883058157,-1.2980978601215984,-1.356114751067311
0.722351758032472,-0.44613910938129453,-0.44542297838222933
0.722351758032472,1.0647948333189592,1.031132545932462
0.722351758032472,1.029655567024009,0.9818589945771803
0.722351758032472,1.2733912733554047,1.2089637752941238
0.722351758032472,0.40977284293533434,0.37168136536821517
0.722351758032472,0.9975286322825214,0.9501502931987588
-1.3843670883058157,-1.507202018837675,-1.4937732877635859
-1.3843670883058157,-1.4682010456204593,-1.420071549980782
-1.3843670883058157,-0.5062216824159599,-0.455557714942461
-1.3843670883058157,-1.0384997335341182,-0.9776687093269486
-1.3843670883058157,-0.9861303076640551,-0.9233536964257724
0.722351758032472,0.507264177846121,0.4737820921591512
0.722351758032472,0.6259883956073398,0.6809840966093018
-1.3843670883058157,-1.2394743055054716,-1.2113150681466898
-1.3843670883058157,-1.0201607213964747,-1.0683788241618375
-1.3843670883058157,-1.3360465950799136,-1.3561683309803758
0.722351758032472,1.279681738033729,1.25222294469225
0.722351758032472,1.1427654185940788,1.1135718883115304
0.722351758032472,0.3419968012836605,0.4141388482665793
0.722351758032472,0.9617195592994096,0.961451752384906
-1.3843670883058157,-0.8976785170902647,-0.8313883438717489
-1.3843670883058157,-0.8950239377555893,-0.8570125270771453
0.722351758032472,0.49363907360204223,0.4775911279569558
-1.3843670883058157,-1.1408971030816046,-1.0774299756034338
-1.3843670883058157,-1.5090827322946427,-1.4999591481697336
0.722351758032472,1.2546966644816766,1.246817406391194
0.722351758032472,0.6169886536529844,0.617890652832703
0.722351758032472,0.5399399954001518,0.4766735264324675
-1.3843670883058157,-1.291492330750904,-1.2395764264342422
-1.3843670883058157,-0.9285245659332632,-0.8858352910878489
-1.3843670883058157,-0.6439501704285733,-0.5915034565400816
-1.3843670883058157,-1.499456024067837,-1.4487296799707265
0.722351758032472,0.5510434770873349,0.5386931779988172
-1.3843670883058157,-0.9685183239197631,-0.9125502079365797
-1.3843670883058157,-1.3926405621124762,-1.3374653442893816
0.722351758032472,0.9055692630639324,0.8562263311430773
0.722351758032472,-0.713434424298107,-0.6976674501806434
0.722351758032472,0.653130995185135,0.5900438391741145
0.722351758032472,0.6341582866715895,0.5964641725579839
0.722351758032472,0.37623819242128576,0.3637277674384183
-1.3843670883058157,-1.0739779020477969,-0.9695811770632041
0.722351758032472,0.6681638627798607,0.6940063204397051
0.722351758032472,0.32265085438948443,0.3139471891106566
0.722351758032472,-0.7781436005320873,-0.7525237081005576
0.722351758032472,0.5654191752457687,0.6512171896862471
0.722351758032472,0.8635701964760697,0.8435166759887537
-1.3843670883058157,-1.0018675658131024,-1.0079307939695463
0.722351758032472,0.2041415379414997,0.15463048265942192
0.722351758032472,0.6218022401652052,0.6424914613117496
0.722351758032472,1.3198338910033427,1.2896794581382367
0.722351758032472,0.42421556134966576,0.3860175562564371
0.722351758032472,0.7699591697324348,0.7012950351801879
0.722351758032472,0.46258715431152353,0.48313802530574357
0.722351758032472,1.561075751196368,1.5068067292903262
-1.3843670883058157,-0.9860141485423337,-1.0346683432309487
0.722351758032472,0.5851741112577986,0.6054994366017734
-1.3843670883058157,-1.0511701189826899,-1.0416894536503354
0.722351758032472,0.34138501731123094,0.3241690893888267
0.722351758032472,0.4574075331639652,0.4992409069690147
0.722351758032472,0.8529567481156645,0.7130474713834678
0.722351758032472,0.7573416774433843,0.7123590577482164
0.722351758032472,0.7712973347082503,0.7340277689855093
0.722351758032472,0.5134601660621233,0.5508535630433853
0.722351758032472,0.08795514689765255,0.07137751009594917
0.722351758032472,1.2303325257802407,1.2049743595893938
0.722351758032472,0.4877047372790416,0.4520258989365873
0.722351758032472,0.2971189164065178,0.36731335815202426
0.722351758032472,0.5811969757980833,0.5436334858441477
-1.3843670883058157,-1.0475488202804595,-1.0063604304851137
0.722351758032472,0.7992188206365727,0.7756864184478469
0.722351758032472,0.6943076691993212,0.6414920283817527
0.722351758032472,1.2360747198408575,1.2366913437461386
0.722351758032472,0.5691539836968798,0.5166439807768398
-1.3843670883058157,-0.7398573233871298,-0.6509973297437162
0.722351758032472,1.0582270810212109,1.0131600518622723
0.722351758032472,0.932293767697061,0.9060615175093716
0.722351758032472,0.4084688467593157,0.4651797096110406
0.722351758032472,1.3775283283665964,1.3650198076118585
-1.3843670883058157,-0.8874159916958201,-0.9121487797071266
0.722351758032472,0.38674665544585396,0.3793915086171229
0.722351758032472,1.3070726684796083,1.3117138869046632
-1.3843670883058157,-0.8110616894227055,-0.7736549819814456
-1.3843670883058157,-1.5095574253790875,-1.470950769296317
0.722351758032472,0.8466679130432883,0.7747681981537742
-1.3843670883058157,-1.7355409105691373,-1.663240144976561
-1.3843670883058157,-1.5271076111273336,-1.5436301320834958
0.722351758032472,0.19357312670033344,0.29134804034265693
0.722351758032472,0.3646547371279007,0.31603017405972533
0.722351758032472,0.978588379055243,0.8723832405151023
-1.3843670883058157,-1.3724342570860082,-1.3822451681855583
0.722351758032472,0.549373151031023,0.500693482178097
0.722351758032472,1.0871827342855092,1.0489832657376061
0.722351758032472,0.36066845335351405,0.34465655513180105
-1.3843670883058157,-1.195415504571432,-1.1358597240609878
0.722351758032472,0.6325840213970686,0.6252884517413708
-1.3843670883058157,-1.0179118293889369,-0.9660636872958638
0.722351758032472,-0.4445890111291668,-0.41261207640459013
0.722351758032472,0.6822058679371505,0.6912340219629023
-1.3843670883058157,-1.4361956948374002,-1.442700118698586
0.722351758032472,1.2405238446137619,1.238913813926945
0.722351758032472,0.6372709977060292,0.6468719400947167
0.722351758032472,0.7002359322318724,0.7326168939219705
-1.3843670883058157,-0.9213634239268497,-0.8778133759781275
0.722351758032472,0.10251811975928987,0.07046755264497595
0.722351758032472,0.4810789616252087,0.4678306738490718
0.722351758032472,0.5697409110569354,0.5703081348530133
-1.3843670883058157,-0.9773670084677809,-0.8982787508086912
0.722351758032472,1.349015151554179,1.274323190804893
-1.3843670883058157,-1.1404292081309555,-1.121919658435972
0.722351758032472,0.8158243221915693,0.8053065050191713
-1.3843670883058157,-1.3629940795683502,-1.3091894261439814
-1.3843670883058157,-1.2896760291980052,-1.3025767933814039
0.722351758032472,0.9146987502348113,0.9044779996563493
-1.3843670883058157,-1.1695200354374051,-1.177046710315863
0.722351758032472,0.8801422115808785,0.7991461962839961
0.722351758032472,0.429752383179541,0.4104681457923059
0.722351758032472,0.3938817778326328,0.3503679003918334
0.722351758032472,0.9223950976336543,0.8824904027141576
0.722351758032472,0.45103226939136926,0.38504749303404906
-1.3843670883058157,-1.2347604992736838,-1.2370619072879605
0.722351758032472,0.7017183754834477,0.576806925712361
0.722351758032472,0.30426611064096365,0.3080820939981159
-1.3843670883058157,-1.2479725066159846,-1.2054371738667138
-1.3843670883058157,-1.4004143172382486,-1.357932865786766
-1.3843670883058157,-1.374412458305443,-1.3798088446918575
-1.3843670883058157,-1.0455762283977674,-1.0910593089301788
0.722351758032472,0.3910353953752215,0.36341845213072443
-1.3843670883058157,-0.7140493095746241,-0.6522871691178176
-1.3843670883058157,-0.4593836030997682,-0.44200642417426017
0.722351758032472,0.28504370033161963,0.2794128450634725
0.722351758032472,1.2748026181680394,1.250917635104285
-1.3843670883058157,-1.1622410187259058,-1.140694043160662
0.722351758032472,0.8028938788611631,0.7887883055349694
0.722351758032472,-0.45101621981041373,-0.4360798120486695
-1.3843670883058157,-0.7817722390549587,-0.7563237379983738
-1.3843670883058157,-0.7456370647210805,-0.7342970553051094
0.722351758032472,0.948202801080939,0.9125248751558078
0.722351758032472,0.3291168303346277,0.27941870860138573
-1.3843670883058157,-1.0818157650891362,-1.0895198539096458
0.722351758032472,0.16786512661345498,0.138380023459458
-1.3843670883058157,-1.2841428077721282,-1.2606946643826569
0.722351758032472,0.5941434660035487,0.5188512477334819
0.722351758032472,0.03833185746378509,0.023278805951634784
0.722351758032472,1.410109932743648,1.3471417064250835
0.722351758032472,0.29211645000499586,0.229820717881708
0.722351758032472,0.8492490767124193,0.816527488930084
-1.3843670883058157,-1.2460426949289487,-1.236159001405689
0.722351758032472,0.6276520052404919,0.5466000018799759
-1.3843670883058157,-1.1601031629801974,-1.15360949240011
0.722351758032472,-0.44772849184711894,-0.4292998676866805
-1.3843670883058157,-1.3693178691503147,-1.4146436567663063
0.722351758032472,0.340520003477091,0.3838561280745397
0.722351758032472,0.5356195758175983,0.5093865355838112
0.722351758032472,0.8039452748749625,0.8450019072533048
0.722351758032472,-0.0835802457780204,-0.07547865232816686
0.722351758032472,0.2854321270505873,0.32037830798590006
-1.3843670883058157,-1.3270721452742202,-1.309211185767453
-1.3843670883058157,-1.3399330823722428,-1.3033269734382935
0.722351758032472,0.7673341546877201,0.8038301941799786
-1.3843670883058157,-1.226549992315322,-1.219634736430847
0.722351758032472,0.7483355527666093,0.6911380832350553
0.722351758032472,-0.5106387911327329,-0.48967761313541447
0.722351758032472,1.3522786329752203,1.3544983127531003
-1.3843670883058157,-0.9485212728339846,-0.9058406406523513
-1.3843670883058157,-1.3035726239872947,-1.2971879045519268
0.722351758032472,0.21957809536133688,0.189101787673097
-1.3843670883058157,-0.8984553528759496,-0.8834929917564707
0.722351758032472,0.46757272110615256,0.5505575392608556
-1.3843670883058157,-1.3833573948328024,-1.4043117310092943
0.722351758032472,0.5368066128459907,0.5731155469984963
-1.3843670883058157,-0.8739754142104268,-0.847682031876469
0.722351758032472,0.4524986421431454,0.506547686165031
0.722351758032472,1.069604517017137,1.0673292669908137
0.722351758032472,0.5056395885808109,0.5937775008398529
0.722351758032472,0.47786410983574346,0.5419713131685824
0.722351758032472,1.229111095134889,1.227981982090951
-1.3843670883058157,-0.694427992113847,-0.5966651730385337
0.722351758032472,1.2062737055304154,1.1818918738667552
0.722351758032472,0.2514518047081181,0.24923117356319413
0.722351758032472,0.3568124108911078,0.3382261224809229
-1.3843670883058157,-1.4316394140114421,-1.44695590840951
-1.3843670883058157,-1.193397712059878,-1.167360440665324
0.722351758032472,1.2375266949161752,1.2240587617605163
0.722351758032472,-0.12352935974520957,-0.10642456858002325
-1.3843670883058157,-1.3529234157359824,-1.3461893820006112
0.722351758032472,0.5007912279712673,0.5210731286270321
0.722351758032472,1.2524357889163618,1.2354905402115346
0.722351758032472,1.2126287316409161,1.1650068621217855
0.722351758032472,0.40917922058296996,0.38734622550914644
0.722351758032472,0.2537231925426716,0.2315380744291109
0.722351758032472,0.31111905573927934,0.3850595038005401
0.722351758032472,1.2162489410745068,1.1620386591022775
-1.3843670883058157,-1.127122527973111,-1.1177272957612252
0.722351758032472,0.6339352359786624,0.537253541347623
0.722351758032472,0.02801247641448726,0.03791876599104976
-1.3843670883058157,-1.4696532779619513,-1.4723076672878082
-1.3843670883058157,-1.3026442636292979,-1.2543744248942168
0.722351758032472,1.3127341054145925,1.2952712134365958
0.722351758032472,0.8650788021650113,0.8107814170597551
0.722351758032472,0.5625385778729689,0.6290613918377677
-1.3843670883058157,-1.1209017790276983,-1.1769919589111522
0.722351758032472,0.5520616088911827,0.6481743771549553
-1.3843670883058157,-1.026160356855958,-0.9936332654573474
0.722351758032472,1.3347422932735309,1.33987417602054
0.722351758032472,0.7646721153458177,0.7318710703084781
0.722351758032472,0.8812900958983723,0.8606001945666527
0.722351758032472,0.4132652888282624,0.3685440987433761
0.722351758032472,0.5078499970088497,0.46986624161579094
0.722351758032472,0.47474839877721264,0.42611982309628205
-1.3843670883058157,-0.9467979668619875,-0.9045269846770552
0.722351758032472,0.6959425880154909,0.7109662800264697
-1.3843670883058157,-1.1345844506632174,-1.1619264047653894
0.722351758032472,0.5490780624780297,0.5000516764931252
0.722351758032472,1.0690040837134935,1.0486210526530018
-1.3843670883058157,-1.5305722041401713,-1.4735227164582156
-1.3843670883058157,-0.7747335794212746,-0.7932595818055168
0.722351758032472,-0.30188340889880194,-0.2796632542262007
0.722351758032472,0.5433929937448497,0.5219392395427487
0.722351758032472,0.721227299964381,0.6389649205591099
0.722351758032472,0.7953651992543664,0.8107861194439403
0.722351758032472,-0.06527197574086027,-0.033654144351443566
0.722351758032472,1.2737165334364966,1.216934331101002
0.722351758032472,0.5056056207526651,0.5344061815972552
-1.3843670883058157,-1.2755710701113703,-1.2128895508723752
0.722351758032472,0.47404009377370193,0.46582121850985614
0.722351758032472,-0.3488909505093914,-0.36837693052435133
-1.3843670883058157,-0.5847452456801848,-0.5272585034781389
0.722351758032472,0.7699138040232565,0.750659993746579
-1.3843670883058157,-1.402570630694496,-1.3574217850418826
-1.3843670883058157,-1.2276853170446775,-1.2346397511075033
-1.3843670883058157,-0.7838611376267848,-0.7729186084951332
-1.3843670883058157,-1.3208596422109165,-1.2923200772587111
0.722351758032472,1.486752960620146,1.441315741905315
0.722351758032472,1.1494206724235565,1.1286205673802576
0.722351758032472,0.29498570855719264,0.2544013923014281
0.722351758032472,0.4892380185671221,0.5175077841659841
0.722351758032472,1.0569274511587523,1.029073012957527
0.722351758032472,0.03111854658417018,0.04566361692405871
0.722351758032472,0.6936128524229063,0.7096525545067306
0.722351758032472,1.383888715127221,1.3902975460711424
0.722351758032472,1.3735652471998068,1.3426945902457625
0.722351758032472,1.1966162196695298,1.1861983832398488
0.722351758032472,0.5223291727463698,0.4692050614970245
0.722351758032472,1.147426355593843,1.108750953009545
0.722351758032472,0.633727803065596,0.5673270351157658
0.722351758032472,1.3470711524139989,1.320619587792069
0.722351758032472,0.672205231782242,0.6835725932741252
0.722351758032472,0.34180037993068646,0.3176793503765599
-1.3843670883058157,-1.2241696027949476,-1.2914948817056318
0.722351758032472,0.44999062346473656,0.39508620131908334
0.722351758032472,0.22228183683304648,0.23637415438963227
0.722351758032472,0.5607335362206751,0.5649731418071259
0.722351758032472,1.1121068192333348,1.1486909316229426
-1.3843670883058157,-1.268963542042577,-1.2442934837312052
0.722351758032472,-0.33342473625257335,-0.33151206788203896
-1.3843670883058157,-0.7449426803081596,-0.7107048542672185
-1.3843670883058157,-1.0610060010476712,-1.0697480295721982
-1.3843670883058157,-1.4505002509176272,-1.4423691468232498
0.722351758032472,0.4527271791017137,0.41392474340919627
-1.3843670883058157,-1.398547265672641,-1.369059695246662
-1.3843670883058157,-1.078190680173585,-1.1150101579303022
-1.3843670883058157,-1.2495970190645327,-1.226887209484501
0.722351758032472,1.127805202387305,1.143926152635986
0.722351758032472,0.9123060043378038,0.9114570921122469
0.722351758032472,0.954550529421016,0.8421302926401057
-1.3843670883058157,-0.9166787521579457,-0.889094950746051
-1.3843670883058157,-1.0884218571357698,-1.1241252367544765
0.722351758032472,0.58847715638642,0.6707926955395479
0.722351758032472,-0.5057757929804535,-0.4781523448730106
0.722351758032472,0.5513702282042047,0.5867119653643834
-1.3843670883058157,-1.1710697188884809,-1.082079017817458
0.722351758032472,1.0963498607177649,1.0750542262806428
-1.3843670883058157,-1.4658139709251357,-1.4842045801778625
0.722351758032472,0.886789239323422,0.8029516762359592
0.722351758032472,1.2282320279691445,1.1525684777090293
0.722351758032472,0.6211081386647779,0.6054762608320668
0.722351758032472,0.3246546740899927,0.37313483891569976
0.722351758032472,0.6152047274720591,0.6320347444936549
0.722351758032472,-0.43715073655368536,-0.424872567504996
-1.3843670883058157,0.23510779111921087,0.2423162500583812
-1.3843670883058157,-1.1137343636166581,-1.127172900785517
0.722351758032472,0.6708114677991307,0.7204429241082267
0.722351758032472,0.5496329571010607,0.569073128927883
0.722351758032472,-0.5525344538604555,-0.5673547373048633
0.722351758032472,0.34637315625969406,0.3143458890320314
-1.3843670883058157,-1.006701857188959,-0.9835134172611876
0.722351758032472,0.4838953373977564,0.4465919298830824
-1.3843670883058157,-0.9175906592695556,-0.9860229677512632
-1.3843670883058157,-1.1656868510172418,-1.1082470329926404
-1.3843670883058157,-1.0138724269110244,-1.0194025556904611
-1.3843670883058157,-0.7436343619428676,-0.6529726017443427
0.722351758032472,0.6643398472548198,0.6280450462475973
0.722351758032472,0.697354892631372,0.6938782311346513
0.722351758032472,-0.28841849760302884,-0.2845637482703153
-1.3843670883058157,-1.114772178055872,-1.0775985409880586
-1.3843670883058157,-0.7140635629733092,-0.6455825405130897
-1.3843670883058157,-1.34621645543519,-1.3756731600458163
0.722351758032472,0.44010403636800477,0.4207715156519116
-1.3843670883058157,-1.2811171613472068,-1.318994360855982
0.722351758032472,0.968143129470235,0.9566997617746158
-1.3843670883058157,-1.401097114465384,-1.326038255396109
-1.3843670883058157,-1.5282872393991347,-1.5386407399117004
-1.3843670883058157,-1.3257858248068473,-1.2874078895503236
-1.3843670883058157,-1.1274271843689805,-1.1471335983369173
0.722351758032472,0.28073782451012486,0.3006189129243979
0.722351758032472,0.6731449987140171,0.6031642319267866
-1.3843670883058157,-1.2015007183374915,-1.2720887388086262
-1.3843670883058157,-1.2484789760607231,-1.107216838553022
0.722351758032472,1.0152001220840399,0.9824133356744379
-1.3843670883058157,-0.7694432946465977,-0.7188828390977251
-1.3843670883058157,-1.0764042915265897,-1.0358077429950463
-1.3843670883058157,-1.111137538540921,-1.0634413845635446
0.722351758032472,0.5354641776702695,0.6080559761951552
-1.3843670883058157,-1.455929476181749,-1.484280421749095
0.722351758032472,1.456664140231271,1.433492415115444
-1.3843670883058157,-0.8625983817552467,-0.8496093452290856
0.722351758032472,0.397918997968395,0.44838360419487566
0.722351758032472,0.736949101573492,0.7445805573826274
0.722351758032472,0.31345863367390614,0.30940967996026436
0.722351758032472,0.6005526039107152,0.6069948002348808
0.722351758032472,0.49518526120641293,0.5180589878265621
0.722351758032472,0.5062507537761519,0.49344603776033197
0.722351758032472,0.5520113521061641,0.5470099795238139
0.722351758032472,0.45104361602454457,0.43973422652765115
0.722351758032472,1.2499672830026376,1.1867840941567411
0.722351758032472,0.6271247981154681,0.6291771796813639
-1.3843670883058157,-1.4480304724947275,-1.4258621173579542
0.722351758032472,1.4176819467913986,1.3787359478375
-1.3843670883058157,-1.4664647418552996,-1.4380918517119126
0.722351758032472,-0.57861639760801,-0.49370334864080867
-1.3843670883058157,-1.1632052345792068,-1.1765340454252293
-1.3843670883058157,-1.0740717996707418,-1.006037221075927
0.722351758032472,0.5736465539580646,0.6044372129367775
-1.3843670883058157,-1.3574123401181912,-1.3700012581866832
0.722351758032472,1.3838222242048022,1.3407128568446733
-1.3843670883058157,-0.7174073795284325,-0.6932274500379152
0.722351758032472,-0.4195186552509883,-0.39627797287173017
0.722351758032472,0.980744235676668,0.9489124215937709
0.722351758032472,0.4287268003365922,0.3371040587325259
0.722351758032472,0.7752651828574127,0.7676421181010977
0.722351758032472,-0.28319181707567886,-0.2038208694497359
-1.3843670883058157,-1.0936051698921077,-1.113122933304028
0.722351758032472,0.8893615725867405,0.8703679050783083
-1.3843670883058157,-1.098521241543895,-1.0410784697072368
-1.3843670883058157,-1.1617813015058571,-1.1758357650994178
0.722351758032472,0.26459113581614746,0.24619605461768557
-1.3843670883058157,-1.1471740222716893,-1.2149642052843301
-1.3843670883058157,-0.899280512317842,-0.7860054136988757
0.722351758032472,0.9648123265266181,0.8867661483366971
0.722351758032472,1.3296635382906303,1.281893129705614
0.722351758032472,0.34012668857178197,0.4242563382028419
0.722351758032472,0.4387839347669269,0.41208318377825714
0.722351758032472,0.6626572314744315,0.6524796799752751
0.722351758032472,0.4507251977834412,0.41983582317159573
-1.3843670883058157,-1.3678823666464073,-1.3257929365291126
0.722351758032472,0.5773811626446664,0.5162655743206079
0.722351758032472,0.6083095929981357,0.6007257485185012
0.722351758032472,1.0558460813172907,0.9804836129533929
0.722351758032472,1.3261011589806144,1.2498518328655432
0.722351758032472,0.7088946687744533,0.6873963160250165
0.722351758032472,1.177343722297736,1.183637162191876
-1.3843670883058157,-0.9322060333798945,-0.8741181719276653
-1.3843670883058157,-1.232712405239767,-1.1408059124329557
-1.3843670883058157,-1.6539942214679464,-1.626795603046551
-1.3843670883058157,-0.9979076071611346,-0.9517132669885532
0.722351758032472,0.4808462170623812,0.48628420064066125
-1.3843670883058157,-1.0331672144137038,-1.0733182632869567
0.722351758032472,1.3505622855619146,1.3328043690628393
0.722351758032472,0.632083094390486,0.6231054268301895
-1.3843670883058157,-0.9809624342042218,-1.0233148123834008
0.722351758032472,1.2691496410840593,1.2655428251634553
0.722351758032472,0.664823609313627,0.5910575060802421
0.722351758032472,0.4634954688872424,0.41445500086791714
0.722351758032472,-0.17035028189198118,-0.13716501208517054
-1.3843670883058157,-1.3492711326985507,-1.3720135502873831
-1.3843670883058157,-2.0665334024896547,-1.8897048938980636
0.722351758032472,0.5925488080654524,0.6130157745826912
-1.3843670883058157,-1.1846114527089129,-1.1219374108182731
0.722351758032472,1.066243298155173,1.018606175622837
0.722351758032472,0.9398509256775527,0.8527759056544891
0.722351758032472,0.5019336241909311,0.4913276671260026
0.722351758032472,0.3642989586624513,0.3645855059360965
-1.3843670883058157,-1.1189311788263356,-1.0898350427620893
-1.3843670883058157,-1.1224451941240972,-1.0626866435516937
-1.3843670883058157,-1.0534080690668715,-0.9690278769677763
0.722351758032472,0.7309767450954688,0.7175645939061877
-1.3843670883058157,-0.9977885736397855,-0.9854885286535507
0.722351758032472,-0.5844604839217122,-0.5503852757817064
0.722351758032472,0.5181407855631404,0.44142717312539353
0.722351758032472,1.1760851036258368,1.1221038569618034
-1.3843670883058157,-1.1348895896145403,-1.1836748642779296
-1.3843670883058157,-0.8349918418598286,-0.7798204884042553
0.722351758032472,1.0880196255959425,1.0249399530595171
-1.3843670883058157,-0.9728500643655631,-0.9459770020939905
-1.3843670883058157,-0.8724824566490847,-0.8143520271821435
0.722351758032472,0.5951402405409714,0.6256518229304621
-1.3843670883058157,-1.1621812423995856,-1.1001523718890311
0.722351758032472,0.6364530618723905,0.6449415110398576
0.722351758032472,-0.38693078508686585,-0.37935702480709255
0.722351758032472,0.9747483216003272,0.854653257630622
0.722351758032472,0.7890159067709125,0.7874701657235319
0.722351758032472,0.5947978727118415,0.5151785129732422
0.722351758032472,0.48752526428123255,0.44098771966203487
0.722351758032472,0.5239123078566865,0.5935401317237079
0.722351758032472,1.0758985447365967,1.0501715745272129
0.722351758032472,0.3226443451396631,0.3114838971053008
-1.3843670883058157,-1.0995612948566131,-1.1484768783348034
-1.3843670883058157,-1.4931314885761595,-1.4817715362039023
-1.3843670883058157,-1.1122155375222684,-1.127427722130578
0.722351758032472,0.4642435994400776,0.42783031281188383
0.722351758032472,1.1312864423616036,1.1505627617758234
0.722351758032472,0.35398140132825373,0.3381201704639546
0.722351758032472,0.4401702639982341,0.42721222201925757
0.722351758032472,0.06384278226685014,0.07324308342032382
-1.3843670883058157,-1.3018754030148134,-1.26026934105634
0.722351758032472,0.6615548777198874,0.6812737554455193
0.722351758032472,0.7149875186044088,0.6926105673811287
-1.3843670883058157,-0.8188278878934077,-0.6939210158473956
-1.3843670883058157,-0.8384078802117068,-0.834537534347394
0.722351758032472,-0.12829350102231069,-0.13514980074922056
-1.3843670883058157,-1.38127568069444,-1.3541714712361506
0.722351758032472,0.6577663618094287,0.5830200459235605
-1.3843670883058157,-1.5362238245267439,-1.5314403245646948
0.722351758032472,0.6871464741673966,0.6212062007516114
0.722351758032472,1.003132783283984,0.9120833953626792
-1.3843670883058157,-1.0002031239656208,-0.9512767162723867
-1.3843670883058157,-1.2409122177251688,-1.198521729531487
-1.3843670883058157,-1.1223763430659175,-1.0711204809053585
0.722351758032472,0.34411995832130415,0.3400808420699646
0.722351758032472,0.5459295831314187,0.6244169316634833
-1.3843670883058157,-1.0202904534380772,-1.0698875818084757
0.722351758032472,-0.0847717334190145,-0.10589055342457099
0.722351758032472,-0.04105189232690509,-0.02502659196084772
0.722351758032472,0.5173198394955648,0.47760891237365666
-1.3843670883058157,-1.6429697028472587,-1.6022127420600139
-1.3843670883058157,-1.2840038519107528,-1.2699472241365992
-1.3843670883058157,-1.3492503141816912,-1.3497846120913983
0.722351758032472,1.036930474090208,1.0208867237053025
0.722351758032472,0.28517868072012287,0.3287663186147761
-1.3843670883058157,-1.2520648414496207,-1.1878688198563234
0.722351758032472,1.0181303898554954,0.9816689444722788
0.722351758032472,0.3060524805250161,0.30979918142320473
0.722351758032472,0.1619247468504682,0.21965366498724748
-1.3843670883058157,-0.6982352555012525,-0.7110293164172835
0.722351758032472,1.2959510596137853,1.2749957835258339
-1.3843670883058157,-1.4616098666651132,-1.4390867125130749
-1.3843670883058157,-1.0619481520787648,-1.0064273636282282
0.722351758032472,0.4996038992326498,0.4884891940727067
-1.3843670883058157,-1.1287362318465335,-1.131701085843032
0.722351758032472,-0.5646959786525672,-0.5352442514726922
-1.3843670883058157,-1.1567058741634797,-1.0646143125471093
0.722351758032472,0.5610388162445097,0.4992756176002596
-1.3843670883058157,-1.034928906611502,-0.9980328409043345
0.722351758032472,0.49870762635505006,0.47066747905341083
0.722351758032472,0.6243125038128837,0.5936463460002264
0.722351758032472,1.2791053420938576,1.2320399688276018
0.722351758032472,0.7556623253744048,0.7020794242137137
0.722351758032472,0.38439154892037963,0.4610569495702427
0.722351758032472,0.4669984534503281,0.449104361272763
0.722351758032472,0.4015978932579932,0.37899376185045064
-1.3843670883058157,-1.0957048951929202,-1.0298705586250136
0.722351758032472,0.3186651199295061,0.28627265497850674
0.722351758032472,0.6773105167939489,0.6725463283547755
0.722351758032472,-0.47836851454829,-0.4839379349560611
0.722351758032472,0.5771942023532872,0.5159535256001907
-1.3843670883058157,-1.2579929026343404,-1.1220412260264678
0.722351758032472,1.0361748619427034,1.0159456133994276
0.722351758032472,-0.0210373047120056,0.02205303087039448
-1.3843670883058157,-0.9635596750669829,-1.0205559722342838
0.722351758032472,1.338141140743559,1.30703704319461
0.722351758032472,1.1877231005599826,1.1924355263900397
-1.3843670883058157,-1.0301884254034086,-0.9869941141471367
-1.3843670883058157,-0.7089919011137191,-0.6804431307926712
-1.3843670883058157,-0.8009676083939893,-0.7829535464659664
-1.3843670883058157,-1.1550707321189662,-1.0724116466813964
0.722351758032472,0.660993937213424,0.671431974440315
0.722351758032472,0.8483581058325708,0.8421759069585433
0.722351758032472,0.5312797013830474,0.49007003419508843
0.722351758032472,0.6285350052514346,0.6376275843523388
0.722351758032472,0.703157831959897,0.6422615241491365
0.722351758032472,-0.15360842012084475,-0.2114651252461176
0.722351758032472,-0.30629276452560183,-0.2926899566850639
0.722351758032472,1.004765445515021,0.952053249480981
-1.3843670883058157,-0.7338313499307809,-0.707708348251583
0.722351758032472,1.3427198301563277,1.2998658335038016
0.722351758032472,-0.12172101944936264,-0.08094876135948992
-1.3843670883058157,-1.218159619617054,-1.2365788606337056
-1.3843670883058157,-0.7885434917223126,-0.7091960348474609
0.722351758032472,0.6620066609044049,0.600923871855004
0.722351758032472,0.3606915506743035,0.39428709282673147
0.722351758032472,0.32298615372435713,0.2934766531600409
0.722351758032472,1.3912660485216772,1.352397002361137
0.722351758032472,0.12164835980887845,0.17672679965228555
-1.3843670883058157,-0.7481773033232839,-0.707614917405812
0.722351758032472,0.5639027809823285,0.5038486982705914
-1.3843670883058157,-1.328126706711243,-1.3665604973168954
0.722351758032472,0.05234939707414221,0.024943008758186558
-1.3843670883058157,-0.6177593802088371,-0.5384900702274691
-1.3843670883058157,-1.0964161469682037,-1.108483053404321
0.722351758032472,0.7485762153512645,0.7794757665716228
0.722351758032472,0.3020312945650731,0.25879071498459205
0.722351758032472,0.34043041417041175,0.3997714063310025
0.722351758032472,0.5437775922289996,0.49564951033727545
0.722351758032472,0.5197562507688843,0.4739119541719593
-1.3843670883058157,-0.9305950528727702,-0.8657445630970932
0.722351758032472,0.49204026200232337,0.46830260850642114
-1.3843670883058157,-1.1103810852363023,-1.1347712322649635
-1.3843670883058157,-1.218370571293185,-1.2290459244246639
0.722351758032472,0.6095494390392393,0.6203921945865393
0.722351758032472,0.46129294299464224,0.4207355192095152
0.722351758032472,0.5393907869864318,0.5073812137650684
0.722351758032472,1.2506636653276932,1.2230459588220426
0.722351758032472,0.753085294826779,0.780406985198889
-1.3843670883058157,-1.242807818770618,-1.3209611518132969
0.722351758032472,0.24003430501975798,0.20287112858609346
-1.3843670883058157,-1.0496156002066908,-1.114725790467429
0.722351758032472,1.3402047443718748,1.3211041372940344
0.722351758032472,0.4434415384110258,0.4186216936079353
0.722351758032472,0.3787611922151002,0.39066772859309595
0.722351758032472,0.7152897282409592,0.7364645600392261
0.722351758032472,0.536198393221321,0.48748045678270036
0.722351758032472,0.9027334743531019,0.8497330470800386
0.722351758032472,0.9090707801590492,0.8843229551589362
0.722351758032472,0.6175771838354016,0.6577033126620206
-1.3843670883058157,-1.2269963545012696,-1.197430469296643
0.722351758032472,1.1324915763091696,1.1263772036917858
-1.3843670883058157,-1.408553110511863,-1.3390880015973812
0.722351758032472,0.36570914758779216,0.45617089746126016
-1.3843670883058157,-0.6197048813170769,-0.5838534334122086
-1.3843670883058157,-0.8839621054670332,-0.8566657947248623
-1.3843670883058157,-1.140837532345936,-1.0437774451937203
0.722351758032472,0.27518130066501245,0.29584132713352784
0.722351758032472,0.6079821454955167,0.6326308973449978
-1.3843670883058157,-0.9687691282820381,-0.8973192318010559
0.722351758032472,0.6027456353363757,0.5200982437138334
0.722351758032472,0.3108706431928341,0.3246975028230782
0.722351758032472,1.0220224860557108,0.9734129512701126
0.722351758032472,0.48866667204451353,0.46426808535668906
0.722351758032472,0.6229199885658625,0.6466528660333366
0.722351758032472,0.5860327101975664,0.5045440060528088
-1.3843670883058157,-1.1703089550559933,-1.1793979766055442
-1.3843670883058157,-1.19157786331477,-1.1572684802964386
-1.3843670883058157,-1.3717748342541205,-1.382070580499576
0.722351758032472,0.1261968244554036,0.08550904689721539
-1.3843670883058157,-1.2662514167083592,-1.238735969593129
0.722351758032472,1.2704911473023035,1.2561640023699359
0.722351758032472,0.9849968992849467,0.9594136156508875
0.722351758032472,1.179204455453858,1.1684766117919057
0.722351758032472,-0.4422429538276602,-0.3658494192288533
0.722351758032472,0.9753299368896358,0.9727051093948125
0.722351758032472,-0.20041614685552334,-0.1698847660466898
-1.3843670883058157,-1.1160180704161835,-1.0338527938182887
0.722351758032472,0.8252660596137303,0.794931969209656
-1.3843670883058157,-1.3163113978034178,-1.3262542014158234
-1.3843670883058157,-1.2097446718401728,-1.2586772415527134
-1.3843670883058157,-1.269304755891309,-1.1687314888332514
0.722351758032472,0.5954728018609823,0.6249385235094082
0.722351758032472,0.5203340887537224,0.4950866668773577
-1.3843670883058157,-0.6708325373568977,-0.6178588823995366
0.722351758032472,0.42151909394748155,0.38238903987293316
0.722351758032472,0.5724318208236936,0.5311224735176086
0.722351758032472,0.27312080911804604,0.27823171924537315
-1.3843670883058157,-1.4696930208461325,-1.4511971435237285
0.722351758032472,0.23502894345311443,0.1969835018097903
-1.3843670883058157,-0.536724629606109,-0.5417866713177242
0.722351758032472,0.8049062248140945,0.7885640658574377
0.722351758032472,0.2979964783521989,0.3500282597233748
-1.3843670883058157,-0.6784228412283769,-0.6327005208343905
-1.3843670883058157,-0.7094648128036506,-0.6123986975385534
-1.3843670883058157,-0.9033207886070131,-0.8505253900434688
0.722351758032472,-0.11135162986412245,-0.06775411787032243
0.722351758032472,0.8624296262396691,0.8591089557639482
0.722351758032472,1.252367824911193,1.2068033576034995
0.722351758032472,1.306808638867079,1.3131201128475543
0.722351758032472,0.7040463163848455,0.7392151242266225
0.722351758032472,1.2265624015707277,1.2252466959498531
0.722351758032472,0.5755145357530537,0.5440221929143234
-1.3843670883058157,-1.3144124894110092,-1.3166516839982347
-1.3843670883058157,-0.9055333542499301,-0.8379974297561545
-1.3843670883058157,-0.8293707614164321,-0.8610423174056012
-1.3843670883058157,-0.6426473076992905,-0.5650007534565735
-1.3843670883058157,-1.3773371274165096,-1.3304599720635615
-1.3843670883058157,-1.00506307587541,-0.9980347019461416
0.722351758032472,0.4052045478084566,0.3744142428618682
0.722351758032472,1.374644214937078,1.3413766949462498
0.722351758032472,0.2878084769214645,0.2407328028842769
0.722351758032472,-0.13073939622256708,-0.07521279733249459
-1.3843670883058157,-1.2985579422792022,-1.2582683697188644
0.722351758032472,0.627983441856454,0.7101965595439248
-1.3843670883058157,-1.059012247248921,-1.0199535663241728
0.722351758032472,0.4011486729957008,0.35589580971573487
-1.3843670883058157,-1.3840010198788115,-1.3967959019376406
0.722351758032472,0.3239187525353351,0.3048028034631536
-1.3843670883058157,-1.1085779306500114,-1.018076141813733
0.722351758032472,0.4109420700937063,0.39157037727963007
-1.3843670883058157,-1.0950247289946378,-1.1351072747392736
0.722351758032472,0.5126366296281224,0.5348492256305495
0.722351758032472,1.1842555453222403,1.0839500473855657
0.722351758032472,0.34999678781358434,0.34512927727953036
0.722351758032472,0.42505431665074533,0.43246432369065746
-1.3843670883058157,-1.2459277238330508,-1.1229283565895312
0.722351758032472,1.123551977696618,1.0660911145241663
0.722351758032472,-0.5980436581709302,-0.5850793390585081
-1.3843670883058157,-1.2631636453900246,-1.26917866697437
0.722351758032472,0.6168581168015037,0.6206181987515412
0.722351758032472,0.4886733953487319,0.5425048101906657
-1.3843670883058157,-1.518674565185844,-1.466926960612359
0.722351758032472,0.2538196907316983,0.20835734709628972
0.722351758032472,-0.3204870680591123,-0.31071842538476213
-1.3843670883058157,-0.9857247937781776,-0.9336592269285047
0.722351758032472,0.6088841817446793,0.6196587357465995
0.722351758032472,0.631147629148388,0.6673201214222058
-1.3843670883058157,-1.2905832911337487,-1.275120967489666
0.722351758032472,0.4303730232789189,0.39671031053768147
0.722351758032472,0.9193469496484858,0.8810513310527779
-1.3843670883058157,-0.5532038119996323,-0.5061291894898308
-1.3843670883058157,-1.3691950637458956,-1.2979782168122427
0.722351758032472,0.8096315380865089,0.7826851680553116
0.722351758032472,0.7190073817831671,0.7175054150745144
0.722351758032472,1.3262122409569823,1.298336290878967
0.722351758032472,0.47296179145588085,0.4280260637320734
0.722351758032472,0.7868100385453934,0.7959311330029436
-1.3843670883058157,-1.0060751917153912,-0.9390726950037034
0.722351758032472,-0.04685382878873434,-0.0473084296745602
-1.3843670883058157,-0.9084013972505585,-0.8985151290702675
0.722351758032472,0.3777903197813288,0.38571709722329584
0.722351758032472,1.0683465814230342,0.94553859209402
0.722351758032472,-0.48476315962905003,-0.4820222036391755
0.722351758032472,0.5371781400005035,0.5658943009533969
0.722351758032472,0.4457409325805637,0.4266604919979138
-1.3843670883058157,-1.3209442255197998,-1.291191753582451
0.722351758032472,0.3402615594650472,0.327804120686891
0.722351758032472,0.4911163176451865,0.4857418037524841
0.722351758032472,0.45604750196909405,0.44922071008535547
-1.3843670883058157,-0.9236215915845983,-0.8547487247256832
0.722351758032472,0.5390130033461918,0.5645822659830381
0.722351758032472,0.3924559829540222,0.3347109421303923
0.722351758032472,0.8165387137103819,0.8033793496010818
-1.3843670883058157,-1.1058751735556758,-1.1374665409073663
0.722351758032472,0.3222058730617296,0.27838943510115105
-1.3843670883058157,-1.0772781426729656,-1.0755603797251148
0.722351758032472,0.7302579066668553,0.753144208901025
0.722351758032472,0.6697014201672397,0.7040090231845902
0.722351758032472,-0.39286755421243014,-0.3643586495195165
0.722351758032472,0.36117091746726737,0.32428728370607496
0.722351758032472,0.9828587600032165,0.9580046367738932
0.722351758032472,0.535054184747199,0.5945237121827711
0.722351758032472,0.38952223317742063,0.3489929431287764
-1.3843670883058157,-0.9836015220670722,-0.9429919978380563
0.722351758032472,1.239330527540874,1.2332711130411578
-1.3843670883058157,-1.474832443516875,-1.4803582099583164
0.722351758032472,0.7167060236478304,0.7328565980720972
0.722351758032472,0.30278700339691433,0.23394786466786344
0.722351758032472,0.26239164537891724,0.25801662115847535
-1.3843670883058157,-1.2504099467661274,-1.2639284272993814
0.722351758032472,0.30389963100345807,0.31018703774413764
0.722351758032472,0.31240661143389004,0.24785311858374098
0.722351758032472,1.3233668432719525,1.2726250216420911
-1.3843670883058157,-1.186421000646003,-1.178347587512422
0.722351758032472,-0.533096819602609,-0.5052859554640676
-1.3843670883058157,-1.096742892030764,-1.0940455434571643
0.722351758032472,1.1444512061292027,1.0787498266723063
0.722351758032472,-0.6022451055305127,-0.5707975734743894
0.722351758032472,1.134114711285467,1.028545241809747
0.722351758032472,0.6511004356138236,0.6564103667559458
0.722351758032472,0.18220815281021363,0.1793489421476821
-1.3843670883058157,-0.9961123393948194,-0.9071703468345449
-1.3843670883058157,-1.6085625734673683,-1.5559277038555135
0.722351758032472,0.6988616607156262,0.7627652167645471
-1.3843670883058157,-0.8106921889450385,-0.7625525601885391
0.722351758032472,0.8624051270264079,0.8100556558306213
-1.3843670883058157,-1.0330876441771029,-1.0874109584898342
0.722351758032472,0.9718286538564438,0.9583545739302279
0.722351758032472,1.3378247565508254,1.312206489973323
-1.3843670883058157,-1.4008469712159102,-1.3562415363303353
-1.3843670883058157,-1.0505871648633245,-1.0507682921953174
-1.3843670883058157,-0.8666495195551189,-0.8255285422460494
0.722351758032472,0.41960153989868487,0.5011833728951107
0.722351758032472,0.5408848023259628,0.5754406859362092
-1.3843670883058157,-1.0451774765271402,-1.0009848263284216
0.722351758032472,1.025734543885505,1.0087436215841945
-1.3843670883058157,-1.3651985790087127,-1.3721518333415288
-1.3843670883058157,-1.1242068428003842,-1.05329595573539
-1.3843670883058157,-1.4096268540277204,-1.415149516372322
-1.3843670883058157,-0.6699382273132021,-0.5676358673629021
0.722351758032472,0.4185359164224589,0.43359394734794976
-1.3843670883058157,-1.0580370149219638,-1.0867917767925932
-1.3843670883058157,-1.3579837000210222,-1.388632239446237
-1.3843670883058157,-1.1158573927711508,-1.192957054759898
-1.3843670883058157,-1.0721733329242125,-1.0201899649412987
-1.3843670883058157,-1.2240142111910106,-1.1576465409210834
0.722351758032472,0.10847994153592416,0.09844378145986121
0.722351758032472,1.437676657624667,1.3542973187757557
0.722351758032472,0.5975847838732546,0.5544535502214083
0.722351758032472,0.47163548398287114,0.4406570462750141
0.722351758032472,1.3621119944438043,1.3664160126104012
0.722351758032472,0.9210584806596547,0.9344739578671809
0.722351758032472,-0.5966806963108927,-0.5750586160667646
-1.3843670883058157,-1.149942459208549,-1.1379931266848329
-1.3843670883058157,-1.0731363601386192,-1.0649684068141587
-1.3843670883058157,-1.5313925276515135,-1.557824566784897
0.722351758032472,1.024686326433231,1.0465605722122555
-1.3843670883058157,-0.5520502923580458,-0.48572014056539514
0.722351758032472,1.2024568529017752,1.156607755148026
0.722351758032472,-0.24579414099297664,-0.19916194466443593
0.722351758032472,0.9580745063458138,0.9191287769014406
0.722351758032472,1.0278777535702326,1.004998720363098
0.722351758032472,0.33857018915289716,0.40391919736874304
-1.3843670883058157,-1.0277252478547503,-0.9866482606170499
0.722351758032472,1.3095575174758054,1.2103076649530373
-1.3843670883058157,-1.0718223891848628,-0.9863287028727804
0.722351758032472,1.3033297532633012,1.2846881843099536
-1.3843670883058157,-1.1944333613369453,-1.2213684747449995
0.722351758032472,0.5484943263816217,0.5309407692491775
0.722351758032472,0.40667229496937607,0.38078855547412305
0.722351758032472,1.1779445668634394,1.2004267350128457
0.722351758032472,0.9714760581517718,0.9703588940160269
0.722351758032472,0.5796421821922131,0.6558755711652503
0.722351758032472,0.40189770979338413,0.34476281388997426
0.722351758032472,0.8267393225747321,0.8353149512356883
0.722351758032472,0.460437646837937,0.4546187838468274
-1.3843670883058157,-1.0799792684818694,-1.0210495340176229
0.722351758032472,0.3909105490050564,0.43858309035898124
-1.3843670883058157,-1.1941139964037302,-1.1128081025422656
0.722351758032472,-0.3763375125155483,-0.3773129646417346
-1.3843670883058157,-1.2365864125722281,-1.2098964365495057
0.722351758032472,-0.59443058629582,-0.5715533911633821
-1.3843670883058157,-0.8876796348504497,-0.850207515189485
-1.3843670883058157,-0.645747130725997,-0.6013804699810598
0.722351758032472,0.5671578162477628,0.6309118317044613
0.722351758032472,0.5029182026874666,0.45069522784201077
-1.3843670883058157,-1.282131500890195,-1.3124825841405432
-1.3843670883058157,-1.2458228588959321,-1.1943905051014618
-1.3843670883058157,-1.2040897211542743,-1.1266993492582653
-1.3843670883058157,-0.6976074302590713,-0.6396895421353577
-1.3843670883058157,-1.2774536884877397,-1.2209246762723265
-1.3843670883058157,-1.380144003351925,-1.3474008578320256
0.722351758032472,0.3288732301265209,0.3168427140891181
0.722351758032472,1.3135345127864047,1.2656286194253585
0.722351758032472,0.6883089914002397,0.645761692145339
0.722351758032472,0.6931873887964934,0.6786818390473657
0.722351758032472,0.3515525406099653,0.33566115428267124
0.722351758032472,0.8173201880356353,0.7963434888383185
0.722351758032472,0.3782900507787491,0.43557078815199046
-1.3843670883058157,-0.9886973054136805,-0.9867766711813641
0.722351758032472,0.6672781085432187,0.6903558471074627
0.722351758032472,0.6010963920767769,0.556078630065975
-1.3843670883058157,-0.8860457170366638,-0.8404056508989614
0.722351758032472,0.8517526670078827,0.8263496527667316
0.722351758032472,-0.4328533774217784,-0.4182125735294525
0.722351758032472,0.48737218696632834,0.45446571749367193
0.722351758032472,0.9165248378769753,0.8989404773238148
-1.3843670883058157,-1.1510445951254482,-1.2188961361873345
0.722351758032472,0.39423657169043935,0.449054372078729
-1.3843670883058157,-1.1411087635806505,-1.1626419038780833
-1.3843670883058157,-0.5617377234991907,-0.504469109220279
0.722351758032472,0.44694346277137487,0.44254289994299967
0.722351758032472,1.0584647124800255,1.009370900914313
0.722351758032472,0.50371955916322,0.4375161841979027
0.722351758032472,0.9894386934532668,0.973921355667371
0.722351758032472,0.9125425699990434,0.8794815712636356
0.722351758032472,0.5724744194366238,0.5686020197605697
-1.3843670883058157,-0.784481207696707,-0.7158244021025972
0.722351758032472,1.2063751047109625,1.1394209766888905
0.722351758032472,0.5338353300296739,0.48725413677734986
0.722351758032472,-0.18566139446587696,-0.15072497754911524
0.722351758032472,1.17973399642344,1.1818217498062444
0.722351758032472,1.2315805170570122,1.2225575719689405
0.722351758032472,0.34697015519568897,0.34051654213458915
0.722351758032472,0.7768462311928126,0.7774210677700807
0.722351758032472,1.289229490348251,1.2456063219375426
0.722351758032472,0.3470834843978394,0.4055244059328408
-1.3843670883058157,-0.5301727460133218,-0.48680471045543505
0.722351758032472,0.47991934210679676,0.4673089221561461
0.722351758032472,0.5336653658268928,0.47270465323926203
0.722351758032472,0.8538349101786233,0.7787506834897022
-1.3843670883058157,-0.9511634232225066,-0.8457911914399182
-1.3843670883058157,-1.0519243271159167,-0.9577437011947131
0.722351758032472,0.3994915090869401,0.3363414377629826
0.722351758032472,0.6830258607273995,0.6164616816504205
-1.3843670883058157,-1.3315870298218249,-1.3130357413998608
0.722351758032472,1.306989473646353,1.263364709595475
0.722351758032472,-0.16034609797293098,-0.15631978251561945
0.722351758032472,0.2563784864399903,0.19474193465380707
-1.3843670883058157,-1.04843584410242,-1.1031341087057547
0.722351758032472,0.5411495140477995,0.542806422989342
-1.3843670883058157,-1.0690840927754102,-1.0138719527846303
-1.3843670883058157,-0.7937546365966618,-0.7873863829897196
-1.3843670883058157,-0.9751348792543401,-0.9056063997654178
0.722351758032472,0.7726875842598341,0.7764553398529218
0.722351758032472,0.5529020646131833,0.5267736993838831
0.722351758032472,-0.41531898020196706,-0.4041596144570943
0.722351758032472,0.43079115220483055,0.39591330447645867
0.722351758032472,0.5177752868415126,0.5746977387982094
-1.3843670883058157,-1.6574591346141343,-1.575874973053185
0.722351758032472,0.8915140017799653,0.8544102247124886
0.722351758032472,0.5509293256554415,0.4969259081728896
0.722351758032472,-0.65037729572785,-0.6152345173144849
-1.3843670883058157,-1.3585804037293676,-1.364727268695293
0.722351758032472,0.567370676010886,0.6247930462703251
-1.3843670883058157,-1.167041398439046,-1.0951923855890207
0.722351758032472,0.49783734952486636,0.4712897107491816
0.722351758032472,1.1798267962835218,1.1681447510667442
0.722351758032472,0.3747373048524332,0.34752324536960044
0.722351758032472,0.5266337655121922,0.46715743599042836
0.722351758032472,1.1834192175156555,1.1431616962453537
-1.3843670883058157,-1.0302487014326136,-0.9812983393391004
-1.3843670883058157,-1.257289398026977,-1.1858975898239132
0.722351758032472,0.7032291174424247,0.6888851602308481
0.722351758032472,0.46233192863826056,0.4470926089623961
0.722351758032472,0.4315007200190597,0.42518289059804026
0.722351758032472,0.6264977352302155,0.5636923521654272
0.722351758032472,1.2578603739443524,1.2725161553173123
-1.3843670883058157,-1.3228937079100482,-1.26004997123255
0.722351758032472,0.6083841602326184,0.5915328042604592
0.722351758032472,0.7883276503036957,0.7618354137138148
-1.3843670883058157,-1.3220348623880323,-1.3472434665645094
-1.3843670883058157,-0.9294739598691041,-0.9046263923193155
-1.3843670883058157,-1.162894632290834,-1.1812668171345413
-1.3843670883058157,-0.8184516330922531,-0.8339001921808465
0.722351758032472,1.0267773213315512,0.9846992986331914
0.722351758032472,1.1541355766807322,1.0985672501085748
-1.3843670883058157,-1.1447680594020986,-1.1468943889912635
-1.3843670883058157,-0.8738296575143616,-0.8679208262149049
0.722351758032472,1.250572342633705,1.24748720435815
-1.3843670883058157,-0.716107846896509,-0.6718234273537891
0.722351758032472,0.5748780061875214,0.5161785377134864
0.722351758032472,1.0046209428462134,0.9233016472668114
0.722351758032472,0.6493605416811435,0.7068974693198861
0.722351758032472,-0.4293773386208909,-0.4552007758393505
-1.3843670883058157,-1.2013858221301965,-1.1389248330739472
0.722351758032472,0.907861813324969,0.8553020234676398
0.722351758032472,0.6673625857837819,0.6757243198391949
0.722351758032472,0.9685506725659819,0.9326344303694938
-1.3843670883058157,-1.2025233608071701,-1.0919169735955645
0.722351758032472,0.4172841065629709,0.38016278778669527
-1.3843670883058157,-0.885125424642799,-0.8170558137714965
0.722351758032472,0.623243696358367,0.6203587320812614
-1.3843670883058157,-1.0629561894802122,-1.1141339409034656
0.722351758032472,1.2979347650244657,1.2304142776685523
-1.3843670883058157,-1.2494976068794343,-1.2087066444114594
0.722351758032472,0.3384134124714422,0.33283526341103864
0.722351758032472,0.7384351386666793,0.7450872241916734
0.722351758032472,0.45020554619941533,0.42362533640569244
0.722351758032472,0.33643461918453255,0.28387269710063723
-1.3843670883058157,-1.3802922910514783,-1.333729419900297
0.722351758032472,0.5154916539882723,0.4546300053553907
0.722351758032472,1.1809718947404972,1.1302208643290943
-1.3843670883058157,-1.399241637459115,-1.4054652055222383
0.722351758032472,0.3279537993497236,0.3101495030100795
0.722351758032472,1.4989535817948958,1.4589375380680432
0.722351758032472,0.3029989581973447,0.2768468813033499
-1.3843670883058157,-1.2260669171478311,-1.2135185783466809
0.722351758032472,1.4617855097431436,1.404152534282804
-1.3843670883058157,-1.5622455360271195,-1.559092042184546
0.722351758032472,1.2572030269269612,1.2442178580390335
0.722351758032472,1.060209380036215,1.0202427241781775
0.722351758032472,0.5433369087951835,0.4683800495118304
-1.3843670883058157,-1.00612916571293,-1.034452943526298
-1.3843670883058157,-1.3869852997799268,-1.420906798426707
-1.3843670883058157,-1.203488962542542,-1.206593473117587
0.722351758032472,0.3101338082219154,0.31590432581103567
-1.3843670883058157,-1.3172181818838742,-1.294739840328178
0.722351758032472,0.5957090215513811,0.6062924920807593
0.722351758032472,-0.5170386716535553,-0.48721083159889933
-1.3843670883058157,-1.0577702887692804,-1.0065102984786491
0.722351758032472,0.7456065836282423,0.7097720718917933
0.722351758032472,0.5792655920192298,0.6384503784117895
0.722351758032472,-0.23008292907687938,-0.21373648771138926
-1.3843670883058157,-1.353615447632528,-1.282532303491274
0.722351758032472,0.5718415316885779,0.611073178502192
-1.3843670883058157,-1.2872574990635866,-1.3323867697692862
0.722351758032472,-0.12388816113405055,-0.15160410641412553
0.722351758032472,0.44285339120520256,0.39088350641788205
0.722351758032472,0.40021841313325257,0.4089878562966671
0.722351758032472,0.28625419312501554,0.22160009645300027
0.722351758032472,0.6168564262787113,0.6821905128944998
-1.3843670883058157,-1.199938711711551,-1.1638273781554502
0.722351758032472,0.7244409762659777,0.7589238893930779
0.722351758032472,0.2243860046086098,0.2157725594545976
0.722351758032472,1.2471419914409865,1.226372310877426
0.722351758032472,-0.3688761881655403,-0.3541588099303141
0.722351758032472,0.3604737609603291,0.3651205616327122
0.722351758032472,0.7005396425474091,0.687090086520201
0.722351758032472,1.1851120268803814,1.1635200598996147
0.722351758032472,1.0166454315389002,1.0017180339008454
0.722351758032472,0.49493014721029854,0.41390339679840316
0.722351758032472,1.3447904309451721,1.3564220580445623
-1.3843670883058157,-0.9051846931252655,-0.8657577011837271
0.722351758032472,1.26416887703312,1.2372725442650006
0.722351758032472,0.639731482229368,0.5447732456066976
0.722351758032472,0.305643156887036,0.25904758037121056
-1.3843670883058157,-0.628474328970083,-0.5929232215137252
-1.3843670883058157,-1.2112670597797344,-1.2843320750035156
0.722351758032472,0.29425792319659316,0.3020130077820553
0.722351758032472,0.5545928403642607,0.5946619553714272
-1.3843670883058157,-0.9815311326610244,-0.9075850502374133
-1.3843670883058157,-0.5299289392059459,-0.5095297646505531
0.722351758032472,-0.03539172064816884,0.014837965751066884
0.722351758032472,0.6490408730281153,0.6672340386829466
0.722351758032472,1.0287629585205236,0.9876860442790794
0.722351758032472,-0.3515677058822086,-0.38301798987379065
0.722351758032472,0.514616090578641,0.4815043182788272
-1.3843670883058157,-1.2114795363182458,-1.2792097545846706
0.722351758032472,1.0453183039891034,1.0253396684901912
-1.3843670883058157,-0.8284640854847718,-0.7768060443927032
0.722351758032472,1.028737100250358,1.058626612793553
-1.3843670883058157,-1.4427995203252184,-1.4410841909229979
0.722351758032472,0.7102869426344603,0.7537635360109765
-1.3843670883058157,0.0069245913945366055,-0.010584895071369615
0.722351758032472,0.653817793086547,0.6200134282682991
-1.3843670883058157,-0.7518555841301525,-0.7005858743917861
-1.3843670883058157,-1.1835410172507363,-1.1649286727075308
-1.3843670883058157,-0.7450675637982505,-0.7161915541538023
0.722351758032472,0.4753708074329236,0.42377166706990055
-1.3843670883058157,-1.3912543805834556,-1.3089160081239903
0.722351758032472,0.9213800386262201,0.8908222187173895
-1.3843670883058157,-0.8648519306756011,-0.833524055900392
0.722351758032472,0.5676792706245612,0.5022892432520993
-1.3843670883058157,-1.2848716913871356,-1.3466512991626065
-1.3843670883058157,-1.074682711809611,-1.1014900683353896
0.722351758032472,0.7638762644259239,0.7873912817128551
0.722351758032472,0.4184770819467547,0.4005811498291343
0.722351758032472,0.3261393612016972,0.36594603675833315
0.722351758032472,-0.29040520304749257,-0.22898272821937687
0.722351758032472,0.6226561926185576,0.6090971319209808
0.722351758032472,-0.22081211408987772,-0.20724737564794146
0.722351758032472,0.6406056965484139,0.6495780027811952
-1.3843670883058157,-1.1126257695345108,-1.121339450686323
0.722351758032472,0.3434743257489994,0.40644501771030483
0.722351758032472,1.5470519014401285,1.511568284884882
-1.3843670883058157,-1.400363262058229,-1.3678920710082672
0.722351758032472,0.5582930893840352,0.49481580442721557
-1.3843670883058157,-1.1724870821716036,-1.2197740730886437
0.722351758032472,1.033756407742761,0.9463713498114523
-1.3843670883058157,-1.3072994322010645,-1.2846849075061946
0.722351758032472,0.37539164148853443,0.34375321309913276
0.722351758032472,0.46185739484361277,0.44203662767692925
0.722351758032472,0.2468448360654164,0.24989845928168175
0.722351758032472,1.3159304287749747,1.2867525911225828
0.722351758032472,0.5800729809665657,0.5243689954160888
0.722351758032472,0.527533849021412,0.6095518083757016
-1.3843670883058157,-1.3710883924497101,-1.3753309492256027
0.722351758032472,0.26597893539387096,0.2473129213830774
0.722351758032472,1.0797428218382716,1.0619331430545784
-1.3843670883058157,-1.255635289848859,-1.2477792234976328
0.722351758032472,0.7158811175233317,0.6232997220982975
-1.3843670883058157,-1.1097808338994137,-1.136564075206025
-1.3843670883058157,-0.9929123038974633,-1.072288515365026
0.722351758032472,0.697253617127986,0.666561944555824
0.722351758032472,0.6834222969460797,0.6906216880492924
0.722351758032472,1.3194145505790555,1.1927662468618179
-1.3843670883058157,-0.6938224438255826,-0.6807486089834308
0.722351758032472,1.3536053067031026,1.3606633940297128
0.722351758032472,-0.38444200371310705,-0.36258019765088767
-1.3843670883058157,-1.2597563385582482,-1.190071397180594
0.722351758032472,0.23574562268198906,0.26579088048261645
0.722351758032472,1.3707060339255561,1.3166470890543946
0.722351758032472,-0.5397514020561487,-0.517789749437644
0.722351758032472,-0.4137963832196175,-0.4032236841353771
0.722351758032472,1.03701653050073,1.0014653743398734
0.722351758032472,1.2861117385346117,1.267221764671236
0.722351758032472,0.6334746682553399,0.6096181987862394
0.722351758032472,1.0250660342180185,0.9952882084708181
-1.3843670883058157,-1.1364394408058809,-1.1304766342942758
0.722351758032472,1.364522905750229,1.3668518391495548
0.722351758032472,0.11242314861811287,0.12213627806601701
-1.3843670883058157,-1.125857662500247,-1.0406028810916956
0.722351758032472,0.7027959148196654,0.6193065345526029
-1.3843670883058157,-1.2410887034020528,-1.196568888048042
-1.3843670883058157,-1.2457440984283847,-1.2712697791553007
-1.3843670883058157,-1.1441155842311752,-1.1078303738789537
-1.3843670883058157,-0.8083285251815612,-0.7744040428812129
-1.3843670883058157,-1.5042247068434336,-1.487204057663096
0.722351758032472,0.8238803338144632,0.7516477557179715
0.722351758032472,0.826177064783309,0.8119946839909478
0.722351758032472,0.3369927525469898,0.32946481581829967
0.722351758032472,0.8941182253587958,0.8624629130904323
0.722351758032472,0.8950145828146968,0.8345884816423412
-1.3843670883058157,-0.9692123860349146,-0.9355897605915375
0.722351758032472,0.4101782822980956,0.366034606217404
0.722351758032472,0.2870308860947174,0.27081584016987315
0.722351758032472,-0.22659776758855515,-0.22130742954294172
0.722351758032472,0.47802380952162044,0.49124983401111916
0.722351758032472,0.6697668897815466,0.641706990274921
-1.3843670883058157,-0.8054058853739007,-0.8190468379047887
-1.3843670883058157,-1.2520804145965858,-1.259939860163148
0.722351758032472,-0.39170999784005617,-0.40274253832508966
0.722351758032472,0.7519633237074028,0.7465863598898383
0.722351758032472,0.6251302010422481,0.6595713201016388
0.722351758032472,0.3970372379401157,0.38895586664910875
0.722351758032472,0.3052075353858029,0.2502148711707407
0.722351758032472,0.7018047610099305,0.6851822255305795
-1.3843670883058157,-1.298946246758632,-1.3017570350152912
0.722351758032472,0.6928434904182481,0.7677359756895201
-1.3843670883058157,-0.7270771959902582,-0.6288186620708871
-1.3843670883058157,-1.4106517426736993,-1.355646576968594
-1.3843670883058157,-0.995617793605095,-0.9843593354369766
0.722351758032472,0.24376222695404248,0.2392700154734736
0.722351758032472,0.7837478293286609,0.7843834479254382
0.722351758032472,1.1751465200319005,1.1544068278208455
0.722351758032472,0.5819649339131073,0.5965349619784717
0.722351758032472,-0.5422001080083356,-0.5243030994374747
0.722351758032472,-0.040520394183550856,-0.026148242185532522
0.722351758032472,0.29271635419424236,0.30422892349282027
-1.3843670883058157,-0.7384799705128261,-0.6795187595378654
-1.3843670883058157,-1.2306292528613472,-1.31749517970045
0.722351758032472,-0.4072994984545375,-0.3803469529581661
-1.3843670883058157,-0.8732167633168044,-0.8519622977262696
0.722351758032472,0.42874194021511525,0.47714349393761313
-1.3843670883058157,-0.6884652205155458,-0.6121005580327874
-1.3843670883058157,-1.0339516792697534,-1.1000476913182102
-1.3843670883058157,-1.415887558112204,-1.4023090408769197
-1.3843670883058157,-1.2013404404606267,-1.2214397854699943
-1.3843670883058157,-1.3846664684468928,-1.3735629183666873
0.722351758032472,0.018707885919304945,0.0018744689145978877
0.722351758032472,0.25108192876362356,0.242822190283782
0.722351758032472,0.6986197312682483,0.646162456668812
-1.3843670883058157,-1.1407832240317284,-1.0675164765704348
0.722351758032472,0.40121449451971225,0.40038823538867335
-1.3843670883058157,-0.5544796371578159,-0.47442858062447923
-1.3843670883058157,-1.1563838653470748,-1.0936325085966514
0.722351758032472,0.8052885459071755,0.7988454872008593
-1.3843670883058157,-0.69916301788539,-0.6401889144919553
0.722351758032472,1.2982897001055034,1.2830919527733555
0.722351758032472,1.184361589045931,1.2149525000749057
0.722351758032472,0.4626547926023822,0.43060191605669074
-1.3843670883058157,-0.7701715920142027,-0.7638401234009651
0.722351758032472,0.7468705916896937,0.7651145843919198
0.722351758032472,0.4642419347013834,0.4357842163566623
-1.3843670883058157,-0.4899677421446823,-0.46607829736365336
-1.3843670883058157,-1.2517671388593465,-1.1801766288889908
-1.3843670883058157,-1.417094744596299,-1.4208056052615399
0.722351758032472,-0.5974338255257444,-0.5645157134631492
0.722351758032472,0.9122417708634515,0.9080749471241916
-1.3843670883058157,-1.1355584611828549,-1.1838564860560172
0.722351758032472,0.511910260206631,0.45822410969977856
0.722351758032472,0.6788519956651575,0.6284863970286383
0.722351758032472,0.49417732515996904,0.5434851229350606
0.722351758032472,0.5368784624476804,0.48852654668282947
0.722351758032472,-0.3985555640172893,-0.4043229585933183
0.722351758032472,0.4642289312876222,0.4395970359781436
0.722351758032472,1.037007836332271,1.0111045173384015
0.722351758032472,1.2492983541323404,1.2343584615121808
-1.3843670883058157,-1.4743935673863704,-1.3672140588399078
-1.3843670883058157,-1.2412513925433508,-1.1831602160872405
0.722351758032472,1.319981590204411,1.3237775167782606
-1.3843670883058157,-1.1727701989927697,-1.1487525575237751
0.722351758032472,0.34355271691165157,0.3398958437441373
-1.3843670883058157,-1.2121390180070377,-1.1488871027554215
-1.3843670883058157,-1.286073901476569,-1.2651682341166153
-1.3843670883058157,-0.7977015493086488,-0.7683897139459364
0.722351758032472,-0.08609628977733697,-0.03961118909863759
-1.3843670883058157,-1.3473218345614724,-1.3077048268713678
-1.3843670883058157,-1.2332448383895216,-1.2030265846312238
0.722351758032472,0.5230437636986995,0.44087083371529073
0.722351758032472,0.6311307510814153,0.6249983022913034
0.722351758032472,0.6317696260402413,0.6350159573656375
0.722351758032472,0.6143221272391433,0.5356653993668319
0.722351758032472,0.7004732148295811,0.705143853833757
0.722351758032472,0.5538742836627876,0.5210130247072917
0.722351758032472,1.1161319391890947,1.0109810758439424
-1.3843670883058157,-1.0572606258238142,-0.9964024200512108
0.722351758032472,0.3330875376648952,0.3180806461371233
0.722351758032472,0.5806220661396179,0.528537787366237
0.722351758032472,0.4790801742286229,0.4482035571685766
0.722351758032472,1.2672817856044643,1.263194344268074
-1.3843670883058157,-0.6999143627617572,-0.6482722386946678
0.722351758032472,-0.09949263366875977,-0.09726850427806016
0.722351758032472,0.6373056434394534,0.5439640750665206
0.722351758032472,0.5802390887618364,0.5168177523365777
0.722351758032472,-0.02459397237246641,-0.007490277652698496
0.722351758032472,0.2867347990437691,0.26432561344396355
-1.3843670883058157,-1.3528841880040454,-1.2793927579259776
-1.3843670883058157,-1.0918162859311524,-1.0657289794199256
0.722351758032472,0.5112103320884763,0.4582217144356362
0.722351758032472,0.6617089106069098,0.6552211402396266
0.722351758032472,0.8190058545856744,0.8113214246586663
0.722351758032472,0.18954199741114752,0.17161049698828013
0.722351758032472,0.9464961645593966,0.930681288074599
0.722351758032472,0.2602051355316972,0.2764966579080599
-1.3843670883058157,-0.8706402546629655,-0.8050717583998733
-1.3843670883058157,-1.586411756615078,-1.6096534002080982
0.722351758032472,0.5186773855158465,0.5977056726362122
-1.3843670883058157,-1.3667750507995122,-1.3264029460425797
-1.3843670883058157,-1.2397211826042918,-1.1882615950236406
-1.3843670883058157,-1.3994605228209647,-1.4248808598150753
0.722351758032472,0.4190016258983036,0.4055713879851628
0.722351758032472,0.6690771484553737,0.6886852876540743
0.722351758032472,1.447572366182311,1.4599439528166733
0.722351758032472,0.3985650582916046,0.43133048271054164
-1.3843670883058157,-0.7967136689183744,-0.7974880342938512
0.722351758032472,0.48899944956247665,0.5102767201302871
0.722351758032472,1.3951976797709182,1.3540545423868113
0.722351758032472,0.28774372668393167,0.27047452009802964
-1.3843670883058157,-0.8997497602098414,-0.8129546424588472
0.722351758032472,0.8415255657878025,0.8403050429416945
-1.3843670883058157,-1.234199604813776,-1.1708404510860209
0.722351758032472,1.241717469254186,1.232152280764458
0.722351758032472,0.9071675237385672,0.8298216035058279
0.722351758032472,0.27487163706187223,0.2775982036354843
0.722351758032472,0.6952893909359636,0.6857621310650116
0.722351758032472,0.5861612792653412,0.6030727201888497
0.722351758032472,0.545315394322221,0.5340878254907149
-1.3843670883058157,-0.591883156678718,-0.5542848095607857
-1.3843670883058157,-0.8461471302070199,-0.8407867312920179
0.722351758032472,1.2849221381502813,1.2753594999098132
0.722351758032472,0.4527543827497572,0.4209327117314726
0.722351758032472,0.35262033059557407,0.3215844634621998
0.722351758032472,0.5928987529770872,0.5159985627489758
-1.3843670883058157,-0.6059054514917472,-0.5557304969717813
0.722351758032472,0.7453425009333282,0.702684200742029
-1.3843670883058157,-1.2630921142698135,-1.2368274479068486
0.722351758032472,0.3088111765826229,0.2812745769625834
0.722351758032472,-0.5112377107395051,-0.4710662923850747
0.722351758032472,0.44002614911360666,0.3805580786777388
0.722351758032472,1.2004138880869073,1.0550194739878234
0.722351758032472,-0.3778205159464166,-0.3766181624053411
0.722351758032472,0.4957333253567519,0.4660192965803762
0.722351758032472,0.4946410857491244,0.4833419439588129
-1.3843670883058157,-1.2270634182225684,-1.1594898425112408
0.722351758032472,1.2133850411510987,1.1581202503188153
0.722351758032472,1.3432517261622272,1.3167448372776491
0.722351758032472,0.4386380193821186,0.3888938458585106
0.722351758032472,0.32812919832118775,0.3134222053171375
0.722351758032472,1.003960924707552,0.9518093461039698
0.722351758032472,0.49291830179933094,0.4472587724547202
0.722351758032472,1.279196258311749,1.1876390371308154
0.722351758032472,0.5237896486282967,0.48469450730158337
0.722351758032472,1.166798248031446,1.150426135194881
0.722351758032472,0.7975978309505038,0.8033551089720865
-1.3843670883058157,-1.37501694029824,-1.379907859815373
0.722351758032472,0.3960164844829882,0.4709061320615402
0.722351758032472,0.4915982627234772,0.48367385852372513
0.722351758032472,0.48161413362821615,0.4391205775740537
-1.3843670883058157,-1.1503066084371705,-1.1768872955135061
-1.3843670883058157,-1.349494215224281,-1.322043721455285
-1.3843670883058157,-1.2095971838448498,-1.2730812040475352
-1.3843670883058157,-1.3398766024893793,-1.3751690540408363
0.722351758032472,1.1388083429456994,1.1423044566911262
0.722351758032472,0.22755518536805974,0.1925365338696554
-1.3843670883058157,-1.096799665946762,-1.083611376382767
0.722351758032472,0.5761758504701737,0.5468312980447821
0.722351758032472,1.1800048036285637,1.2073535388426915
-1.3843670883058157,-1.1311404876109807,-1.1318935966351211
-1.3843670883058157,-1.3123928312271018,-1.3280471817312127
0.722351758032472,0.8542225255681095,0.8566244858341505
-1.3843670883058157,-1.5427356496604998,-1.4916603288371582
0.722351758032472,-0.4473178382731523,-0.43906912763911077
-1.3843670883058157,-1.1416840809896749,-1.1602173391754824
0.722351758032472,-0.3737035178743632,-0.32544889155223716
0.722351758032472,-0.5800199763650532,-0.5518051552473309
0.722351758032472,0.025696755477809363,0.053020576234557804
0.722351758032472,0.5700393879337161,0.4882004093645306
0.722351758032472,0.4159985969742473,0.3847947182024591
-1.3843670883058157,-1.2978697057959823,-1.338446530306213
0.722351758032472,0.6858380534422794,0.658173788707427
0.722351758032472,0.7011290230813014,0.7138065284575603
-1.3843670883058157,-0.7998337176271845,-0.7623269149840457
0.722351758032472,1.2333293657001663,1.1789069435179746
-1.3843670883058157,-0.7754379362764475,-0.8023901946775789
0.722351758032472,0.4896076478482644,0.514970071735201
-1.3843670883058157,-1.0668263408375223,-1.008550645155017
0.722351758032472,0.6660936912161104,0.6732001155772322
0.722351758032472,1.3648196703646427,1.3334739498916912
0.722351758032472,1.2456353044532282,1.2378670711333881
0.722351758032472,0.00219655168327737,0.019586595262223616
0.722351758032472,1.4046247217561263,1.4094466475405971
0.722351758032472,1.1358265668649055,1.1007181262310868
0.722351758032472,0.4134136677458543,0.40090406645317656
-1.3843670883058157,-1.2945808616412882,-1.3074989753552928
0.722351758032472,0.5543803855727433,0.5101072604326997
0.722351758032472,0.5273797142309298,0.5037654130906153
0.722351758032472,0.5217728883499719,0.46917969062315223
0.722351758032472,-0.10105968753843556,-0.05677949351554962
-1.3843670883058157,-1.479890767333687,-1.4718611110547084
-1.3843670883058157,-0.9717056957630072,-0.9641532666251958
0.722351758032472,0.49717825125398557,0.5075209517985996
-1.3843670883058157,-0.9273496723093686,-0.9020759247275926
0.722351758032472,0.8264696391505564,0.7881525050993494
-1.3843670883058157,-1.4329114761039135,-1.438409480359697
0.722351758032472,1.0012915485943334,0.9522377280476151
0.722351758032472,1.3654609344797959,1.3566522982770914
0.722351758032472,0.3731054241509804,0.3338016095763175
-1.3843670883058157,-0.9637958317759951,-1.0071992569915968
0.722351758032472,0.6866833397737669,0.7300810131244805
0.722351758032472,0.4205983902941345,0.44871787261570006
-1.3843670883058157,-1.1878309812344168,-1.2674901703804233
0.722351758032472,0.4194646030257715,0.42790299942068455
-1.3843670883058157,-1.6276405640611846,-1.5800040375361775
-1.3843670883058157,-0.5437239694973519,-0.4938182429977487
-1.3843670883058157,-1.0719627873204824,-1.1462461475624102
0.722351758032472,0.37633416342284876,0.43894771617798
-1.3843670883058157,-1.2429035553127559,-1.2100860930652513
0.722351758032472,0.5722549885405083,0.6429080386306476
0.722351758032472,-0.5945614063671414,-0.596432269384711
0.722351758032472,0.529947483135255,0.5161167528776783
0.722351758032472,0.31872868938924803,0.2548269462596531
0.722351758032472,0.17841078901209295,0.1791136234441234
0.722351758032472,0.4444368027610163,0.42812725687691966
-1.3843670883058157,-1.3580094911627045,-1.3838641271744143
-1.3843670883058157,-1.2172587282789702,-1.1190513905801804
-1.3843670883058157,-1.496616752412264,-1.5256085905561068
0.722351758032472,0.9865126253785284,0.9661603618940674
0.722351758032472,0.9223119039994128,0.9324383026859264
0.722351758032472,0.3559616271122741,0.2796442109182441
-1.3843670883058157,-1.2975491470657827,-1.3248636684475756
0.722351758032472,0.5698787592052371,0.5196406207543209
-1.3843670883058157,-1.3104186520291752,-1.2398774026006796
-1.3843670883058157,-1.0328765602468577,-1.098749727863541
0.722351758032472,0.5766498597879347,0.6565237270837944
-1.3843670883058157,-0.7112415840983789,-0.6685757275470354
-1.3843670883058157,-1.0705975228188673,-1.066107748469325
-1.3843670883058157,-1.5166121379043123,-1.4592792709154818
0.722351758032472,0.7215555697413946,0.7502210436399906
-1.3843670883058157,-0.9786905977580141,-1.0328867138861386
0.722351758032472,1.148417745177826,1.1387195159440364
0.722351758032472,0.39348074180318404,0.415599371808434
0.722351758032472,0.6219086818943869,0.6230911980214515
0.722351758032472,1.179995476237301,1.1534402317939612
-1.3843670883058157,-1.319707450327747,-1.338832886029669
0.722351758032472,0.6994071609753464,0.7089896551754378
0.722351758032472,0.9922526209703857,0.9593120243977198
-1.3843670883058157,-1.2061969239152894,-1.1923976598273525
0.722351758032472,0.26315460490058806,0.28776373225508833
-1.3843670883058157,-0.9526181033197568,-0.9516594620584831
-1.3843670883058157,-1.5205045868619926,-1.5125164897384415
0.722351758032472,1.4028032872175262,1.3652220788812985
0.722351758032472,0.3876056514992776,0.443972725235547
0.722351758032472,0.5985696239154753,0.5703784247637805
0.722351758032472,1.5639621816901825,1.467335505645583
0.722351758032472,0.4079467008380562,0.43685446512225345
-1.3843670883058157,-0.759552931133399,-0.6990087526269934
-1.3843670883058157,-1.0423828377435638,-1.0626682465142845
0.722351758032472,0.6752160773013844,0.6733232957292764
0.722351758032472,1.1182058839580784,1.0926642649289975
0.722351758032472,0.9230801120061514,0.8595967262836014
-1.3843670883058157,-1.104659578471745,-1.13587103660157
0.722351758032472,0.9574520876289123,0.9261818240643862
-1.3843670883058157,-1.128761586945629,-1.1598156331517386
0.722351758032472,0.18275809630729334,0.18815403355904747
-1.3843670883058157,-1.3886625418375107,-1.363358507307943
-1.3843670883058157,-0.8072435237272685,-0.7544507885577146
0.722351758032472,0.5794381894323759,0.6067021917543324
-1.3843670883058157,-1.009421209466467,-0.9770781739647656
0.722351758032472,0.44909869216063913,0.42122594814179537
0.722351758032472,0.5210329082025846,0.5094471549151282
0.722351758032472,0.49528994987904895,0.4752924051473325
0.722351758032472,0.8792470720723355,0.8638339324657853
0.722351758032472,0.43709730980751016,0.47424167779775683
-1.3843670883058157,-1.2309099671814698,-1.2125225367830197
0.722351758032472,1.0810216264411303,1.0616829415346314
0.722351758032472,0.425887653510804,0.44556366016682214
0.722351758032472,0.9521137758460894,0.8554467680724551
-1.3843670883058157,-1.05130072494625,-0.9687016414261428
-1.3843670883058157,-0.9229193777897039,-0.8003651916399573
0.722351758032472,0.8720393109148951,0.8522091086388968
0.722351758032472,1.0635636710638394,0.9558889345793136
0.722351758032472,0.5501853155315533,0.5250797579977052
-1.3843670883058157,-0.8413286787051703,-0.7902368157173693
0.722351758032472,1.0919643795870806,0.9705197130743461
0.722351758032472,0.684826682682665,0.7243847027998246
0.722351758032472,0.3560280104644531,0.42463901309546037
0.722351758032472,1.1249790061417761,1.1068278785082368
-1.3843670883058157,-1.3751085491764614,-1.3531778335174471
0.722351758032472,1.3190810132443724,1.2828688145498706
-1.3843670883058157,-1.0463066984352736,-0.9977093853749214
-1.3843670883058157,-1.5502420449041678,-1.5135165737307479
0.722351758032472,1.131162925584469,1.0764298557939698
-1.3843670883058157,-1.1766802043427456,-1.0758852539073593
0.722351758032472,0.7784019281744319,0.7567400815845868
-1.3843670883058157,-1.2875682837995799,-1.2557227873187633
0.722351758032472,0.4764156065227409,0.4853504206748531
0.722351758032472,-0.5917270961387104,-0.5751142884788206
0.722351758032472,0.28155399039347007,0.3721667086499676
0.722351758032472,0.7236358828477572,0.7561786263984361
-1.3843670883058157,-1.0534396103619483,-1.0062215841341422
-1.3843670883058157,-0.6999128506994361,-0.668845395958695
0.722351758032472,0.7290138334650877,0.7029155009117076
0.722351758032472,0.4587281859535134,0.46981991996385664
-1.3843670883058157,-1.4900003648730418,-1.5454606613030448
0.722351758032472,0.5822706058908437,0.6292483668490875
0.722351758032472,1.474336655702945,1.4363857118377428
-1.3843670883058157,-1.3466074617339037,-1.3516023633954404
0.722351758032472,0.37564548422634214,0.3679239163314729
-1.3843670883058157,-0.6555782079887302,-0.6592892847471629
0.722351758032472,0.7278690282921769,0.6408768607904674
-1.3843670883058157,-0.54338154711539,-0.4998051197283869
0.722351758032472,0.4122009260721281,0.3728520355287669
0.722351758032472,0.5525746609694782,0.5668725314680096
0.722351758032472,0.5237360884773508,0.5429034785797732
0.722351758032472,0.48681785793258625,0.5782579207914352
0.722351758032472,0.6183044127950388,0.6207550562416054
-1.3843670883058157,-1.0060254686155194,-1.047569371355473
-1.3843670883058157,-1.088663501707101,-1.099256797285934
-1.3843670883058157,-1.1168057629357504,-1.1362431669491355
0.722351758032472,0.8854499549956777,0.8728382199437457
0.722351758032472,0.48028456978460254,0.42717396499638327
0.722351758032472,0.6538214113745379,0.5610392325617783
0.722351758032472,0.967061604344711,0.886791807056871
0.722351758032472,0.6000993590080164,0.5779309200508023
-1.3843670883058157,-1.473637264009795,-1.457644307019082
0.722351758032472,0.467630242007423,0.49673770137851747
0.722351758032472,0.5362176930606751,0.6064005249349776
0.722351758032472,1.0095302273231115,0.9603147277710381
0.722351758032472,0.2778759366934723,0.2849122404844806
0.722351758032472,0.7747584055319885,0.7239558143399912
0.722351758032472,0.523820150833415,0.5424356418265197
0.722351758032472,0.3528009832902076,0.3095030409588706
0.722351758032472,0.549673823884949,0.6116486624308783
0.722351758032472,0.24757370561020897,0.2200816430340895
0.722351758032472,0.2958712986481751,0.28622871627391844
0.722351758032472,0.5616022882010288,0.5104781163023442
0.722351758032472,0.4741794659835604,0.5125844090325257
0.722351758032472,1.1559813177921154,1.1394994098084479
0.722351758032472,0.4308153979592362,0.41936409637412975
0.722351758032472,0.39447895346720074,0.34082691354924644
-1.3843670883058157,-0.763151303374937,-0.7104236704225513
0.722351758032472,0.4545483853104721,0.4315145352038364
0.722351758032472,0.6285321705507965,0.6432594277248926
0.722351758032472,1.39141032684052,1.3558047164863347
-1.3843670883058157,-1.263647298007359,-1.220487386674606
-1.3843670883058157,-1.2584381662985948,-1.3201307326452871
0.722351758032472,0.566463613680869,0.5372237450380944
-1.3843670883058157,-1.3098052400532167,-1.341221755219112
0.722351758032472,0.5832921073845955,0.5848718525064276
-1.3843670883058157,-1.1415421619572252,-1.1265338416884854
0.722351758032472,0.07118265544556934,0.06964814476260367
0.722351758032472,1.0113548528633016,0.9642868363214605
-1.3843670883058157,-1.1979342246083677,-1.1853065726907825
0.722351758032472,0.560882143135993,0.6425248654478661
0.722351758032472,1.0665004339960997,1.029270373892189
-1.3843670883058157,-1.2847234073923324,-1.3407900196951572
0.722351758032472,0.31077701775576183,0.32625923786450717
-1.3843670883058157,-1.0628017814591613,-0.9754360668167683
0.722351758032472,0.13862984227808828,0.11959057922425786
-1.3843670883058157,-1.5513291941448721,-1.533040323834196
0.722351758032472,0.761655421194135,0.7095264901469046
-1.3843670883058157,-0.9705750888014297,-0.9403524892369446
-1.3843670883058157,-1.4204530843932357,-1.4224441668016936
0.722351758032472,0.4068421016510979,0.30517905523719124
0.722351758032472,1.262208417958628,1.236679805825724
0.722351758032472,0.9633779960515056,0.9208004588152827
0.722351758032472,0.5910189181622884,0.596446379278436
-1.3843670883058157,-0.6551617439498918,-0.6028452795504177
-1.3843670883058157,-1.0070461365401764,-0.9748808204517714
0.722351758032472,0.5914146264023485,0.5846253990517414
0.722351758032472,1.0767989665857787,1.0695722580572704
0.722351758032472,0.607424509138256,0.6343588550748842
0.722351758032472,-0.22428572351264736,-0.22299347846642045
0.722351758032472,0.5469826706214533,0.5023589683757352
0.722351758032472,0.6013289165355572,0.5635083595170611
-1.3843670883058157,-1.2305882019937824,-1.0700227540412293
0.722351758032472,0.7712554281280259,0.7123395748629797
0.722351758032472,0.7036166934937557,0.6826973019833847
0.722351758032472,-0.3147228889674196,-0.3252942756150228
0.722351758032472,0.3980135341941311,0.4580888742273237
0.722351758032472,0.6934628437718865,0.6618344027880296
0.722351758032472,0.46071498240616593,0.4722851355482386
-1.3843670883058157,-0.5866665354863255,-0.557617723861825
-1.3843670883058157,-1.177789764255766,-1.2300439469696873
0.722351758032472,0.630273834509866,0.6201307272291102
0.722351758032472,0.4504385980710188,0.4190444067067052
-1.3843670883058157,-1.53127398500803,-1.5184572807448813
0.722351758032472,0.5791096657415107,0.5684903743364683
0.722351758032472,-0.4265926666923062,-0.39916170636920856
0.722351758032472,0.3893240871680397,0.29979990707678617
0.722351758032472,1.3419281560927048,1.3438882032920685
0.722351758032472,0.6612249723307515,0.5700369446766747
0.722351758032472,0.5119262198039561,0.48755058796712847
0.722351758032472,0.7497510454188976,0.7010131373411326
-1.3843670883058157,-1.2730378752888494,-1.2542406830395818
-1.3843670883058157,-1.1776041028075932,-1.0728210614474252
-1.3843670883058157,-1.0765087992839633,-0.9894169396951877
-1.3843670883058157,-1.3336974832341382,-1.3563551027601513
0.722351758032472,1.2727209754638025,1.2796195294586226
0.722351758032472,0.5876518909425449,0.6240707641505213
0.722351758032472,0.26638071285901366,0.23838486480883236
-1.3843670883058157,-1.1935192696063108,-1.1757684630728025
0.722351758032472,0.09476737070691443,0.10817960596146614
0.722351758032472,0.374555017737496,0.34885843251795556
0.722351758032472,0.5760968006405005,0.5545358367518658
0.722351758032472,0.3750452015002431,0.3705151890853663
0.722351758032472,0.4120895629668081,0.35574526714783805
-1.3843670883058157,-1.1459314147297548,-1.1565329593010474
0.722351758032472,1.3864240962937255,1.3231414748201198
0.722351758032472,-0.5970712918215553,-0.49883525651262095
0.722351758032472,0.5908431766171611,0.5633518099186642
-1.3843670883058157,-1.4047942107828313,-1.3572687027226316
-1.3843670883058157,-1.3873556938986806,-1.3644401990816495
0.722351758032472,0.684481269462536,0.6718131350241435
-1.3843670883058157,-1.2463524591976038,-1.205101805963223
-1.3843670883058157,-0.5481955101242262,-0.4962135913554484
0.722351758032472,0.5093487283747419,0.46129707584775287
-1.3843670883058157,-1.2678925246054233,-1.2569637849553292
-1.3843670883058157,-0.9475962319767803,-0.9192374051112807
0.722351758032472,0.8602285939684293,0.7290269330997243
0.722351758032472,0.6636069504327186,0.695465820384423
0.722351758032472,0.40316606057634785,0.3676915512739697
0.722351758032472,0.41952099879927734,0.4156867097573378
0.722351758032472,0.4822736184145213,0.5069079802164392
0.722351758032472,1.0801690692541712,1.0450095973837363
0.722351758032472,0.371173579452304,0.4041661116668067
0.722351758032472,1.0158119221578712,0.9964607688154945
-1.3843670883058157,-0.7364907010935657,-0.6738757435279166
0.722351758032472,-0.17643172782807562,-0.11389064783339742
0.722351758032472,0.14785750571584905,0.14315440629475684
0.722351758032472,1.175031705648455,1.1282188239800623
0.722351758032472,0.4795727776171842,0.5425546574608244
0.722351758032472,1.059778565622953,1.04240883786211
-1.3843670883058157,-1.5716457311935559,-1.5470293172123342
0.722351758032472,0.522944931167714,0.49421641295923413
0.722351758032472,1.4778668606207002,1.432144705851072
0.722351758032472,0.620060714194689,0.5968319500232431
-1.3843670883058157,-0.9343541312982304,-0.9228986065854016
0.722351758032472,0.5838593208642554,0.600251146908542
-1.3843670883058157,-1.2917344748686894,-1.3139629443530703
0.722351758032472,0.6379595755745602,0.6378794665845208
0.722351758032472,1.0919300378831838,1.115625958893314
0.722351758032472,0.5454430210786942,0.4838081943725494
0.722351758032472,0.34741356129167855,0.36927807351625075
0.722351758032472,0.6210792206729138,0.6328436489268766
0.722351758032472,0.5383527522616378,0.5341690859657411
-1.3843670883058157,-1.2126615679963313,-1.1842101118902302
0.722351758032472,0.46695041088940903,0.4301488446474663
0.722351758032472,0.4566050707881778,0.47938946469013843
-1.3843670883058157,-1.2943592799490813,-1.2595111904070224
0.722351758032472,0.5208029421558118,0.5625395561428602
0.722351758032472,0.22316897697708782,0.216926505949379
0.722351758032472,0.6272888751907952,0.5487949438151607
0.722351758032472,0.5403844927616344,0.5038905207669865
0.722351758032472,0.6673203999491737,0.6778357511908656
0.722351758032472,0.0683313952656246,0.04182921687240959
0.722351758032472,0.2737449671893981,0.34871209177766616
0.722351758032472,1.1980651860919291,1.2063119473865298
-1.3843670883058157,-1.2814785371616908,-1.2531678176415086
0.722351758032472,-0.07897766063307152,-0.045145706776817424
0.722351758032472,0.4629092236046086,0.4329988908026162
0.722351758032472,0.4801858285611065,0.45155315358819004
-1.3843670883058157,-0.9722717323983237,-1.0231805406367172
0.722351758032472,1.31635059187081,1.2958766763251242
0.722351758032472,-0.061468002469436844,-0.04569021399108264
0.722351758032472,1.2379735249554549,1.2277910128838452
0.722351758032472,-0.4720017397762982,-0.44394721790886216
0.722351758032472,1.1909320115821798,1.137677500025411
-1.3843670883058157,-1.1570106222020737,-1.2062680551539162
0.722351758032472,0.1881842110427776,0.20242977920773175
-1.3843670883058157,-0.5768757679388014,-0.4749400676239516
-1.3843670883058157,-0.8980978242131241,-0.8599045852090558
0.722351758032472,0.5181256211467142,0.4689174231203177
0.722351758032472,1.095470216677171,0.9534283851924968
0.722351758032472,0.4224584373182739,0.4022122026644197
0.722351758032472,1.2426643798143169,1.2478607785195228
0.722351758032472,0.35359080437672774,0.4236962771900863
0.722351758032472,0.7288042443503041,0.7577706112713285
0.722351758032472,0.9829790573407142,0.957684242255768
0.722351758032472,0.5809604365795212,0.5891919739602609
0.722351758032472,0.6939357594722569,0.6960447972251644
-1.3843670883058157,-2.097883046388022,-1.901175564722782
0.722351758032472,1.0105779161714838,0.9972761390686525
-1.3843670883058157,-1.2895689825067036,-1.2336519702787192
0.722351758032472,0.9273834356517745,0.9274494179519374
0.722351758032472,0.8511257046604901,0.8455283795365693
0.722351758032472,1.0667004857768656,1.0501437539506697
-1.3843670883058157,-0.9793150273834618,-0.9660159453893037
0.722351758032472,0.4540837732652129,0.49369041943911796
-1.3843670883058157,-0.6521198811667883,-0.5979052918281214
-1.3843670883058157,-0.7397676933840405,-0.7340684785020899
0.722351758032472,0.49215316036686374,0.5678293197077228
0.722351758032472,0.4680903475568704,0.46013699386954554
0.722351758032472,0.5599602431588417,0.6128652915060953
0.722351758032472,0.3820712345737979,0.3162527261821114
-1.3843670883058157,-1.0732162914658807,-1.0815241744832012
0.722351758032472,0.5736488807780615,0.5946498089000861
-1.3843670883058157,-1.1143224396344744,-1.1702045106751298
0.722351758032472,1.0709602384900323,1.058542404646034
0.722351758032472,-0.35188062256254704,-0.3353524730116811
-1.3843670883058157,-1.04668304396275,-0.9928505060271241
0.722351758032472,1.1759552704655178,1.1210315100419803
-1.3843670883058157,-1.081976516156231,-1.1023531970822924
0.722351758032472,0.5946970623655055,0.5529829438056164
0.722351758032472,0.5617876433905996,0.6124899659988366
-1.3843670883058157,-0.9221747298174419,-0.9667095531275076
0.722351758032472,0.8680491652164253,0.8578076566164224
-1.3843670883058157,-1.098488330907812,-1.0956800209850868
0.722351758032472,1.2993917695036807,1.308461011851047
0.722351758032472,0.47966527497481937,0.45659647924934144
0.722351758032472,0.13885495314015983,0.12486088726020494
0.722351758032472,1.5292854500792605,1.4655751167540818
0.722351758032472,0.6793132635903163,0.6752307046349052
0.722351758032472,1.030910373614262,1.0151693473126358
0.722351758032472,0.3307446041312556,0.3252147108548286
0.722351758032472,0.6624606274893148,0.6450220918348291
-1.3843670883058157,-0.6037326181151951,-0.5189642816889579
-1.3843670883058157,-0.8829984710946468,-0.8342805690019787
-1.3843670883058157,-1.0845898276591301,-1.0098669049717501
0.722351758032472,0.5300825992294531,0.6169398437119794
-1.3843670883058157,-1.4546253734077805,-1.37061497803772
0.722351758032472,0.18750820684066527,0.19469131922668392
-1.3843670883058157,-1.3134260995588127,-1.3619399479870473
0.722351758032472,0.4368660260925039,0.5248203723953456
0.722351758032472,0.6251642649782196,0.6269404727929269
0.722351758032472,0.4604335154779201,0.4082102743254471
-1.3843670883058157,-1.0394036972153549,-0.952882761491252
0.722351758032472,0.2807838734570782,0.3054757583315154
0.722351758032472,0.33590598658939774,0.3858089627576834
0.722351758032472,0.7650297931224896,0.7437826067091947
0.722351758032472,0.269485203075427,0.2613647695340613
0.722351758032472,0.3317975159944432,0.3082318989997057
0.722351758032472,0.4860272834660513,0.5377458399412887
0.722351758032472,0.41908315309704813,0.5129047238246016
-1.3843670883058157,-1.1724480525039205,-1.1275799817306729
-1.3843670883058157,-0.9212943652435761,-0.8723083655799552
0.722351758032472,0.6624843372384637,0.6594326549010715
-1.3843670883058157,-1.52764821754591,-1.5213389595735642
0.722351758032472,1.2234940556090979,1.2053469232809246
0.722351758032472,0.7938847800432419,0.6980307534755394
-1.3843670883058157,-1.385490644686324,-1.4017659871003314
0.722351758032472,0.7495748759651405,0.7109859772209876
0.722351758032472,1.267069819258119,1.2329294200201457
0.722351758032472,0.3809434486241967,0.3490865667593456
-1.3843670883058157,-1.2435184383038536,-1.1046863492808172
0.722351758032472,0.45628262474784814,0.45030809725450033
0.722351758032472,0.764404379790803,0.7932251593513924
0.722351758032472,0.615039769597612,0.6741739739617053
-1.3843670883058157,-0.7318595118465838,-0.6583041538223199
0.722351758032472,0.5116461209339964,0.4936505183766389
0.722351758032472,0.5863076599023979,0.5954682908290196
-1.3843670883058157,-1.0768981871943688,-1.0051186116474933
-1.3843670883058157,-0.9490054695917238,-0.8670010440418013
0.722351758032472,1.219645453771939,1.1984785935674789
-1.3843670883058157,-1.0022212730959643,-0.9503599025374001
0.722351758032472,1.3486167264076987,1.3109312895595664
0.722351758032472,0.502848295684344,0.5294003886614437
0.722351758032472,0.6209528176422745,0.6583836370891468
0.722351758032472,0.9186315167595671,0.8988299763830255
-1.3843670883058157,-0.9533071910354898,-0.9150680997925817
-1.3843670883058157,-0.8748412997757646,-0.7988505680268865
-1.3843670883058157,-1.259083029045385,-1.2391843574815058
0.722351758032472,0.3500452765263563,0.4082255461051013
0.722351758032472,1.005776607331227,0.9022687947662562
-1.3843670883058157,-1.419872080431709,-1.3732517065789525
-1.3843670883058157,-1.1795852932112072,-1.180563914825061
-1.3843670883058157,-1.1772478901522003,-1.1637128114992739
0.722351758032472,0.42266087493215926,0.4098176031721317
-1.3843670883058157,-0.6384729021573996,-0.5691004025736888
-1.3843670883058157,-0.9973994858842092,-0.9498831005726915
-1.3843670883058157,-1.1481249189460154,-1.1607343992865324
0.722351758032472,0.7817243110303652,0.784907645070282
0.722351758032472,1.0949492937952794,1.0721949562967783
0.722351758032472,0.3911633443976469,0.3192587758573374
0.722351758032472,0.30500362085896104,0.34201650099175007
-1.3843670883058157,-1.0021645431169122,-0.9440606635517705
-1.3843670883058157,-1.3461172099466832,-1.375713271468455
0.722351758032472,0.5621113297293721,0.5586594156180664
0.722351758032472,-0.05719271463887421,-0.09271241030123667
0.722351758032472,0.46751512060975275,0.43978507892979024
-1.3843670883058157,-1.1081443542047016,-1.0163724380523826
-1.3843670883058157,-1.3547219703429474,-1.3400424075391353
0.722351758032472,1.0453330479529301,1.0382550886624267
0.722351758032472,1.363532205802693,1.3616717313982296
0.722351758032472,-0.5232473970659994,-0.49161871306300714
-1.3843670883058157,-1.263637688670058,-1.205162436336089
-1.3843670883058157,-1.3953881496042568,-1.318655428275492
0.722351758032472,0.644963232216234,0.6575494975799441
-1.3843670883058157,-0.9218086269420701,-0.8766401109889306
-1.3843670883058157,-1.1028758683656137,-1.1183807141979716
0.722351758032472,0.6805580143724445,0.652887477081596
-1.3843670883058157,-0.9414843804768797,-0.9417439980946827
-1.3843670883058157,-0.9504024153047835,-0.9344506862245734
0.722351758032472,1.2405773224513856,1.207157782582704
0.722351758032472,0.5266030311556698,0.48158527710422544
0.722351758032472,0.4658802100861958,0.39532562242814046
0.722351758032472,1.1245666188614047,1.0619366416668805
0.722351758032472,1.1769502784056307,1.168583989040203
-1.3843670883058157,-1.1382866724164429,-1.1733547555592627
-1.3843670883058157,-1.2112925468524653,-1.0728284722871326
-1.3843670883058157,-0.795014666194436,-0.7566359792683992
0.722351758032472,1.010720338798976,0.981299200274034
0.722351758032472,0.6253086082115723,0.6715494180765363
-1.3843670883058157,-1.129524182856083,-1.1553286063946158
-1.3843670883058157,-1.2419802993854332,-1.2882424048341383
0.722351758032472,-0.20231367018748259,-0.2130059054759494
-1.3843670883058157,-1.3444558616732358,-1.4101775212099912
0.722351758032472,0.8080872320945185,0.7587015923838505
0.722351758032472,1.2916339307749405,1.2749212166644526
0.722351758032472,1.2831149370304717,1.2200541492558303
-1.3843670883058157,-1.3960890575129994,-1.3136607533393645
0.722351758032472,0.6420112860556076,0.5687637441798316
-1.3843670883058157,-0.7857504143854002,-0.7408853001542264
-1.3843670883058157,-1.6030886478601836,-1.5718976139729153
0.722351758032472,0.351407143929809,0.3122717779674751
-1.3843670883058157,-0.4891097185015191,-0.47566039490210765
0.722351758032472,-0.2860537264880451,-0.23877179776103352
0.722351758032472,0.2575292318419109,0.26751060193560827
-1.3843670883058157,-1.3823934223541827,-1.3924006977444883
0.722351758032472,-0.4533054113204453,-0.4322795429395505
0.722351758032472,0.807480211011405,0.798950863584283
0.722351758032472,0.3554879058810154,0.3190892680521997
0.722351758032472,0.20347865403713522,0.1713683236777941
0.722351758032472,0.20831863907434933,0.15078807459295301
0.722351758032472,-0.1447077842566858,-0.08275169214829234
-1.3843670883058157,-1.3021481296965751,-1.260686447269065
0.722351758032472,0.9272052828620766,0.8652954505065718
-1.3843670883058157,-1.1114426484057807,-1.168308704803406
0.722351758032472,0.6279082894735843,0.5646719766801122
0.722351758032472,0.6052656044370268,0.5451225302371092
0.722351758032472,0.45108447465417506,0.4048616581179809
0.722351758032472,1.0427971290470737,1.0070724439279664
0.722351758032472,0.4777990563020065,0.5247558538814276
-1.3843670883058157,-1.357185808397769,-1.3102811451121386
0.722351758032472,0.6117392182733252,0.559387396189998
-1.3843670883058157,-1.4660470151555958,-1.4421177204067934
0.722351758032472,0.5685235658306412,0.5508647550236321
-1.3843670883058157,-0.5413122504848581,-0.4607522708811098
-1.3843670883058157,-0.7004658279427509,-0.6720291313781029
-1.3843670883058157,-1.1865956189902294,-1.1591297706226102
0.722351758032472,1.396509987402077,1.3921874095244995
0.722351758032472,0.7559301641880687,0.7665455705101115
0.722351758032472,-0.43565559903952417,-0.42486230539310527
0.722351758032472,-0.06183441969037362,-0.03718438679880409
0.722351758032472,0.45321172222922346,0.4393297095634582
0.722351758032472,0.37766209249477944,0.4449512757762909
0.722351758032472,0.3779690077457645,0.3509423776884445
-1.3843670883058157,-1.1982250842235134,-1.1689016362010107
0.722351758032472,0.5829670089455032,0.6465478813760454
-1.3843670883058157,-1.3215840924428084,-1.1654502250853915
0.722351758032472,0.6376872248958939,0.6267463024199257
0.722351758032472,0.23892347523736324,0.22285062878262885
-1.3843670883058157,-1.1043360440561676,-1.1628391990039302
0.722351758032472,-0.5461973056061517,-0.4944511954529902
0.722351758032472,0.9340340237788207,0.8448719254133893
0.722351758032472,0.6742432607442802,0.697886394687905
0.722351758032472,0.32151763003986455,0.3670241174857224
-1.3843670883058157,-1.141809595166452,-1.165528091784471
0.722351758032472,0.43944843785261145,0.42489098453402535
0.722351758032472,0.7568246544094834,0.7204950979719629
0.722351758032472,1.3135635802581052,1.2693324939439794
0.722351758032472,-0.6458645857485819,-0.6174660354950033
0.722351758032472,0.4613289150110841,0.45402307283988314
-1.3843670883058157,-1.3328802838992575,-1.2437264590909367
0.722351758032472,-0.3280996977215633,-0.32167112488554184
0.722351758032472,1.2012049039676729,1.1739256515989966
0.722351758032472,1.0532442614079351,1.0461321454755457
0.722351758032472,0.6725926833312,0.6624081968945112
-1.3843670883058157,-1.2279153675700458,-1.2320991964610783
-1.3843670883058157,-1.3679932487070023,-1.3882238527834527
-1.3843670883058157,-0.9785085298041761,-0.9064259823971714
0.722351758032472,0.3631618572312998,0.34456384111785054
0.722351758032472,0.3811230279460741,0.36935455786974136
-1.3843670883058157,-1.2797610722846091,-1.2377336077424208
-1.3843670883058157,-0.9665556351877012,-0.9064373337713556
-1.3843670883058157,-0.9807054508378431,-1.0134702526696469
-1.3843670883058157,-0.5347412522099644,-0.519804598550365
-1.3843670883058157,-1.086642911476156,-1.088579712883361
-1.3843670883058157,-1.2866896429392867,-1.2561515000255759
0.722351758032472,0.7446182987257548,0.7828745626884013
-1.3843670883058157,-0.6925661717423142,-0.658625912467241
-1.3843670883058157,-1.1343521927835274,-1.0695787613368486
-1.3843670883058157,-0.9495655512289005,-0.9245867315307419
0.722351758032472,1.0911365400111608,1.0625079275244498
0.722351758032472,0.4942540283729954,0.47847063608584794
0.722351758032472,-0.33618208317529025,-0.3482654755706628
-1.3843670883058157,-1.1724670612910015,-1.1563378285773627
-1.3843670883058157,-1.4185843141608754,-1.365220567303705
-1.3843670883058157,-1.42395676574369,-1.4558522278682289
0.722351758032472,0.6524537460230913,0.6601037520752133
-1.3843670883058157,-1.037754500763163,-1.0860349171136696
0.722351758032472,0.41583117879432563,0.36621416007988095
0.722351758032472,0.13667346347564857,0.25505813173037817
0.722351758032472,0.4592925502319969,0.3993051693910904
-1.3843670883058157,-1.4295036744095844,-1.4165412834559972
-1.3843670883058157,-1.2448331519564817,-1.1747003627106505
0.722351758032472,0.735381205744322,0.6770076825273506
0.722351758032472,0.5918405655878726,0.5408579737252843
0.722351758032472,-0.37529791036554416,-0.32831681164506876
-1.3843670883058157,-1.238172193520067,-1.1753601298354364
0.722351758032472,0.41091466930091824,0.3973600304874283
0.722351758032472,0.2480951928716969,0.18440095082877878
0.722351758032472,0.5291791550032168,0.48409402850651595
-1.3843670883058157,-1.317209335331118,-1.3134649903357682
0.722351758032472,0.4179170221188221,0.43741781514290423
-1.3843670883058157,-1.5881614941265225,-1.5503381908554932
0.722351758032472,1.3303630544159708,1.2995745808704657
-1.3843670883058157,-1.0543550334823129,-1.0040326613557484
-1.3843670883058157,-0.9388377381590293,-0.9123485776902065
0.722351758032472,0.5728644518053834,0.5847522628567975
0.722351758032472,0.47887757942886144,0.47577940193455415
-1.3843670883058157,-1.335591237557303,-1.287399338360142
-1.3843670883058157,-0.9865214350817568,-0.918494446813642
0.722351758032472,0.5066488051122106,0.5615390965313138
0.722351758032472,0.5977384501200813,0.6509231370727117
-1.3843670883058157,-1.5741999493391998,-1.539977175078829
-1.3843670883058157,-1.0062249853046565,-0.9331559768377224
-1.3843670883058157,-0.8741879551153586,-0.9156272358533772
-1.3843670883058157,-1.2631052715080007,-1.2789738797305585
-1.3843670883058157,-1.4389498471207667,-1.4561516358569877
-1.3843670883058157,-0.8036978013960286,-0.7525477349619354
-1.3843670883058157,-1.461704465302536,-1.4749197040597914
0.722351758032472,1.2577696622680403,1.2149250926710091
0.722351758032472,1.3256565935832694,1.259783987328407
0.722351758032472,0.8066629945883346,0.824339681208153
0.722351758032472,0.6480202940443553,0.7041812782028568
0.722351758032472,0.34243520748775735,0.32524007740505145
-1.3843670883058157,-1.5886633348392258,-1.5216502177958025
0.722351758032472,0.5204603214201055,0.5956049268780722
0.722351758032472,1.1628903571220488,1.1244448672537513
0.722351758032472,0.3574188037903379,0.35210552420006574
0.722351758032472,0.6009822295696113,0.5934889481118044
0.722351758032472,0.5503342442582857,0.5242111169882432
-1.3843670883058157,-1.1185934374553588,-1.1380913510597461
-1.3843670883058157,-0.7026865783210415,-0.6403158312952869
-1.3843670883058157,-0.5581878913693696,-0.49781011736351943
0.722351758032472,1.1488697587551613,1.1321344476214366
0.722351758032472,0.7359974253359512,0.662113739698067
-1.3843670883058157,-1.3840182760065773,-1.3556248494617076
0.722351758032472,0.463591435338101,0.44824507521538676
0.722351758032472,0.636446996025662,0.5726595925907211
-1.3843670883058157,-0.9757565303709389,-0.9432818492979439
0.722351758032472,-0.4038721100583385,-0.3755323451337197
-1.3843670883058157,0.12449793099290674,0.06711364132173525
0.722351758032472,0.7311669234395788,0.8006991485875168
0.722351758032472,1.0193329450852087,0.9782905791997203
0.722351758032472,1.001131798784607,0.9771512630898023
0.722351758032472,1.2916327660453,1.2734114591335786
-1.3843670883058157,-1.2187544335548612,-1.2219857980753288
-1.3843670883058157,-0.9129540906843203,-0.8632032762400452
-1.3843670883058157,-0.9468522178626246,-0.930724069560019
0.722351758032472,0.6128837905692468,0.6468306503805492
0.722351758032472,1.0085685442363008,0.9343274546045393
0.722351758032472,0.5134602056711788,0.5520176478960905
-1.3843670883058157,-1.0278499518245898,-0.9763091361823881
-1.3843670883058157,-1.213374147620742,-1.1466758814998868
0.722351758032472,0.39806992099084304,0.40046221863351383
0.722351758032472,0.7484788437646589,0.6759356292082629
-1.3843670883058157,-1.2497854899799916,-1.2360483933609117
0.722351758032472,1.252945253155306,1.2223293481648927
-1.3843670883058157,-1.2580340199915372,-1.2287280389474449
0.722351758032472,0.7429281759187155,0.7422406303825945
-1.3843670883058157,-1.3932002577903626,-1.3359870876923008
0.722351758032472,0.6722009361882852,0.6927613596124178
0.722351758032472,0.5305227695294077,0.5526921847380336
-1.3843670883058157,-0.9235236264825554,-0.88455883810775
0.722351758032472,0.3865768085113441,0.3536813147438025
0.722351758032472,0.4100960109602034,0.4704196547895605
0.722351758032472,1.34016582466821,1.334588993491598
0.722351758032472,0.5273456932692844,0.5441607116763121
-1.3843670883058157,-1.1825951586440884,-1.094726910940006
-1.3843670883058157,-1.0929159299877682,-1.0116900998361482
0.722351758032472,1.0227661123175773,1.0109438318752537
-1.3843670883058157,-0.9819796347879609,-0.9719408590167302
-1.3843670883058157,-0.929326865394312,-0.9052971853801779
0.722351758032472,0.46413565332204837,0.38738060740085994
-1.3843670883058157,-1.1941717636286129,-1.200178423156362
0.722351758032472,0.16540275171460272,0.16180363646548357
0.722351758032472,1.3552411312244483,1.3551897587224946
0.722351758032472,0.5078802742604263,0.5307830386579535
-1.3843670883058157,-1.2444143825298126,-1.2788783389202933
0.722351758032472,0.7001689766271392,0.6662590578940467
-1.3843670883058157,-1.2552608168170074,-1.2262802783624318
0.722351758032472,-0.5471211461329823,-0.5001511017975008
0.722351758032472,1.3747071065361107,1.3443923891593887
0.722351758032472,0.37671645552086935,0.3436346846786829
0.722351758032472,0.4543493206929369,0.510504918413951
0.722351758032472,0.6538323834232352,0.6677507570922918
0.722351758032472,0.5393423041432244,0.46786349636298025
0.722351758032472,0.5111266084158859,0.5457818521549955
-1.3843670883058157,-1.0488999357647106,-1.0057031361531363
-1.3843670883058157,-1.001368002202825,-0.9758089828786409
0.722351758032472,0.4719223849868911,0.4385953402528452
0.722351758032472,0.27469155194213724,0.2590297705160731
0.722351758032472,1.3491194248359126,1.3414933140482526
0.722351758032472,-0.31283486494359447,-0.34420570265954076
0.722351758032472,-0.020507166037576546,0.016433787206280526
0.722351758032472,0.5056288455520228,0.4758370557845669
0.722351758032472,1.1743683585118445,1.182867848601266
0.722351758032472,-0.5329502895502533,-0.5133686292188198
0.722351758032472,1.2155276301828573,1.2012884371808985
-1.3843670883058157,-1.138453714027694,-1.1228556788655935
-1.3843670883058157,-1.0137243827432703,-1.0271271326673805
0.722351758032472,0.7254009988628499,0.6833828802946532
0.722351758032472,0.6120117282280408,0.5458631484963499
0.722351758032472,0.5528005263009735,0.6068848015365638
0.722351758032472,-0.7171385417757681,-0.6708465998481029
-1.3843670883058157,-1.2444799164040032,-1.2682637245503106
-1.3843670883058157,-1.1678911281443694,-1.1349548718052003
-1.3843670883058157,-1.3852580808737338,-1.3328977939824713
0.722351758032472,0.46718994693861904,0.42327474584832325
0.722351758032472,0.2691290903485352,0.2214764278909891
0.722351758032472,0.13273791786159111,0.09715586167565332
0.722351758032472,0.9617759503862688,0.952172164738264
-1.3843670883058157,-1.3371291968101755,-1.2549175936319554
-1.3843670883058157,-0.8931940410909303,-0.9039591338631595
0.722351758032472,-0.5176777169926254,-0.4807702459905515
0.722351758032472,1.2226377824902026,1.174312418453385
-1.3843670883058157,-1.4436304055861058,-1.3851079788411487
0.722351758032472,0.7837484924177771,0.7076555559607136
0.722351758032472,0.38089586494878397,0.31577349324477433
-1.3843670883058157,-1.3105740796173202,-1.3727372357078524
-1.3843670883058157,-0.828120351804966,-0.727349029618666
0.722351758032472,0.35780429162956884,0.3723107505326107
-1.3843670883058157,-1.1253871028218208,-1.030266291397582
-1.3843670883058157,-1.3873138430611065,-1.4210497205124561
0.722351758032472,-0.2946648582666125,-0.29525579745468167
0.722351758032472,1.1601301307219045,1.1164698266354498
0.722351758032472,0.8261586794758371,0.8081076283861068
-1.3843670883058157,-1.4947945364715678,-1.4932841326373225
-1.3843670883058157,-1.3841179715129206,-1.3816544978869687
0.722351758032472,0.2880135740131859,0.29186635033197644
0.722351758032472,0.5824034527934894,0.5260436334597617
0.722351758032472,0.5271291046438873,0.5510592151305224
0.722351758032472,0.5710344479874577,0.5395595736202788
0.722351758032472,0.18467318149040723,0.17494570473406823
0.722351758032472,0.5461121668557072,0.5726228940752687
0.722351758032472,1.3139647688346248,1.272910807557861
0.722351758032472,0.9215866058524511,0.9047400052396205
-1.3843670883058157,-1.2005078739193042,-1.0960319108100454
0.722351758032472,0.3737637363491755,0.4404477783586601
-1.3843670883058157,-0.7870175876671082,-0.7580808118394358
0.722351758032472,1.444882111450985,1.4329261259720654
0.722351758032472,0.642552994387837,0.6439726410815292
0.722351758032472,0.5189494321392093,0.4903093793417141
-1.3843670883058157,-0.9939898442063804,-1.0279152014609516
-1.3843670883058157,-0.7209023704879208,-0.6438202389965852
0.722351758032472,-0.5992969246474387,-0.6131907056054301
-1.3843670883058157,-1.5634276303796568,-1.5426383298362187
0.722351758032472,0.7198373601414809,0.7521860240024646
0.722351758032472,0.3196023497993765,0.2970546582204968
0.722351758032472,-0.5835440536786087,-0.5416897874244286
-1.3843670883058157,-1.002630101168577,-0.9270302754398941
0.722351758032472,-0.1294733639512603,-0.08750362813212781
0.722351758032472,0.49006895959964886,0.4599689576467537
-1.3843670883058157,-0.9177630303031982,-0.8724224885206817
-1.3843670883058157,-0.9047562365027058,-0.9577229220113176
0.722351758032472,0.6630364252916117,0.6251385975858539
0.722351758032472,0.41703000538505,0.4738278078937064
0.722351758032472,0.5044798221913419,0.47522567806397986
0.722351758032472,0.3443803166265753,0.4021553203699142
0.722351758032472,0.4777723538648857,0.5435842444236456
-1.3843670883058157,-0.9408076244132628,-0.9012914015297229
0.722351758032472,0.781890740752969,0.7170374102170204
0.722351758032472,0.48991061294380644,0.4447081701256147
0.722351758032472,0.6354891493090684,0.5706570958489043
-1.3843670883058157,-1.2606950435590962,-1.2938543899031825
-1.3843670883058157,-1.2003276597623387,-1.1955537495809125
0.722351758032472,0.9822534636955967,0.9371130806875093
0.722351758032472,0.5252532016572429,0.5066189677073093
0.722351758032472,1.1361054196528961,1.0896923942843904
-1.3843670883058157,-1.307860851675416,-1.2344444404536663
0.722351758032472,0.8269179467650765,0.8207440053751439
0.722351758032472,0.6797513329273756,0.6007617469026627
-1.3843670883058157,-1.0023229339173123,-1.0349278402103284
-1.3843670883058157,-1.0096113366893351,-0.9997802031983494
0.722351758032472,0.9772298075036053,0.922593670031429
0.722351758032472,0.6283016416354166,0.6143177305255408
0.722351758032472,0.7906478642865432,0.7845781204760159
0.722351758032472,0.8141221659929037,0.8014695630079098
-1.3843670883058157,-1.2600606919053403,-1.3056218891163642
0.722351758032472,1.1990576595817242,1.1513922600693804
0.722351758032472,0.28823170645304086,0.23735058596164715
-1.3843670883058157,-1.086790738285005,-1.031133830601385
0.722351758032472,1.2938397991449904,1.2489033172833128
0.722351758032472,0.637319066428461,0.5761555361344642
0.722351758032472,-0.5068245600687706,-0.4746734637811253
-1.3843670883058157,-0.7982437364663627,-0.7676228053683566
0.722351758032472,0.43689133440407946,0.5150551736978807
0.722351758032472,0.38074151113767907,0.42944636989301066
0.722351758032472,0.48484007742111057,0.4588801856329636
-1.3843670883058157,-0.6152720529985524,-0.6057469276973345
0.722351758032472,0.36021390354486704,0.39612181609013375
-1.3843670883058157,-1.10255805890676,-1.051145293130549
0.722351758032472,-0.2457555112306815,-0.27315825439624203
0.722351758032472,1.5536323334276905,1.529971783193669
-1.3843670883058157,-1.1012034525814323,-1.0216691568431495
-1.3843670883058157,-1.1884769333134848,-1.214899445053605
0.722351758032472,-0.4085935705549274,-0.40628220376480173
-1.3843670883058157,-1.2263816573895263,-1.2178019685673092
-1.3843670883058157,-0.581315262753674,-0.5219896240967175
0.722351758032472,0.5375345723555099,0.5663958865319226
0.722351758032472,1.3196780688904997,1.2986865402441183
0.722351758032472,0.4507137882599767,0.4273931228193602
-1.3843670883058157,-1.0522307442284136,-0.9537258054224113
0.722351758032472,0.4050084887255213,0.3953906506057865
-1.3843670883058157,-1.6334303672423993,-1.5650818355229985
0.722351758032472,0.3331796497439522,0.30170652494192574
0.722351758032472,0.49431879624979747,0.47984689224105825
0.722351758032472,0.5429266520553129,0.5001619776631336
-1.3843670883058157,-1.0256267187044024,-1.0658186804724166
0.722351758032472,0.355187777772879,0.2976418924538442
0.722351758032472,0.5300093923516073,0.6110750839339956
0.722351758032472,0.8914413713860506,0.8583951006949715
-1.3843670883058157,-1.2262634349305954,-1.2200506416693782
0.722351758032472,0.889766984335655,0.8301559833186176
0.722351758032472,0.701732293610981,0.6355132765999552
0.722351758032472,0.3658709022333721,0.3423323067392805
0.722351758032472,0.7160634964432683,0.6832034079024708
0.722351758032472,0.6311186761484471,0.6528777626890632
0.722351758032472,0.27318831821789347,0.2581179329173855
0.722351758032472,1.188876846589931,1.1810473646770672
0.722351758032472,0.7440791997686791,0.7408774900772245
0.722351758032472,0.8479378476622733,0.8227672690179971
0.722351758032472,0.6346856000843779,0.654065613516839
0.722351758032472,0.6403113057421899,0.6333550765202877
-1.3843670883058157,-0.9771784110360983,-0.9398664482006434
0.722351758032472,0.8435669646649582,0.8127317659571391
-1.3843670883058157,-1.5017402144729264,-1.4494567997931125
-1.3843670883058157,-0.8744842458455663,-0.8403586837422898
0.722351758032472,1.1882843133276455,1.1674900207650911
-1.3843670883058157,-0.7564820065108505,-0.7205120347554537
0.722351758032472,0.5799009567855956,0.5623383112943217
0.722351758032472,0.9895017158357216,0.8989021166426939
0.722351758032472,0.5087084638942764,0.429113653750382
-1.3843670883058157,-1.4661514888024634,-1.4269747506873531
-1.3843670883058157,-0.9897172501198711,-0.94980241979856
0.722351758032472,-0.3830323027650502,-0.36009315291167826
-1.3843670883058157,-0.5861705335459605,-0.5488113957630874
0.722351758032472,0.1922939953718792,0.17561252761672064
0.722351758032472,0.7237033980987048,0.6578842353580958
0.722351758032472,0.7212190566341572,0.6598954766293608
0.722351758032472,0.8246633936546124,0.8095120993900937
0.722351758032472,-0.8950336850499216,-0.864691259524011
0.722351758032472,0.6421800740184342,0.7102305065718831
0.722351758032472,1.3897852576417926,1.372088538365687
0.722351758032472,0.5913698695546054,0.6362120758321445
0.722351758032472,0.6147844530778631,0.5863472566952899
0.722351758032472,0.6652534955154594,0.689825094524453
0.722351758032472,0.04962581236323743,0.06052249543353838
-1.3843670883058157,-1.1631595334131373,-1.105113506139048
0.722351758032472,1.3378805902028899,1.3085043054474141
0.722351758032472,0.5962105620828323,0.5869121441757758
-1.3843670883058157,-0.9046944134872028,-0.8745174871836892
0.722351758032472,0.5530359408896628,0.5890740772391391
0.722351758032472,-0.5040672402978417,-0.47565953338446765
0.722351758032472,0.8903289667191725,0.874913008404693
-1.3843670883058157,-0.5505364231601045,-0.5234842840140461
0.722351758032472,0.7815989359144928,0.7774179467327108
-1.3843670883058157,-0.9136569522956948,-0.8650653601777187
-1.3843670883058157,-1.319346919369892,-1.31825759016733
0.722351758032472,0.619801006854379,0.6667310783206651
0.722351758032472,0.5809103608063928,0.5489497121019076
-1.3843670883058157,-1.2902836231068444,-1.3304000353917012
0.722351758032472,0.30260259341734463,0.2870019119096115
0.722351758032472,0.4744861638875334,0.43597739809018643
0.722351758032472,0.4607709828146631,0.44774242071625175
-1.3843670883058157,-1.2169551813310808,-1.220208388657022
0.722351758032472,0.5968252584047083,0.5871116925450788
-1.3843670883058157,-0.689615902142262,-0.6906693615534534
0.722351758032472,0.39906819949895034,0.4183022290745373
-1.3843670883058157,-1.1993130207724245,-1.2058072467201195
0.722351758032472,0.7693222836983985,0.7341634456685948
0.722351758032472,0.28940667711063683,0.27527614845546317
-1.3843670883058157,-1.2274258128333653,-1.1826959494841207
0.722351758032472,1.2489173748997289,1.273397218563026
-1.3843670883058157,-0.8873354820660925,-0.8411453691462405
0.722351758032472,0.45223106007160974,0.4155973851202936
0.722351758032472,0.6043116693097712,0.5514849818267704
0.722351758032472,1.382403761970055,1.3851449221370524
0.722351758032472,0.6960745021400682,0.6856382077079574
0.722351758032472,0.31014473629089667,0.3138898534069674
0.722351758032472,0.5262273712627649,0.47820612668088885
0.722351758032472,0.5239447140590434,0.5707435543906385
-1.3843670883058157,-0.8330558748465691,-0.8243671853178747
0.722351758032472,0.5585347204968915,0.5171155534384579
0.722351758032472,0.7901226400736416,0.7903224058798961
0.722351758032472,0.3833737600067736,0.3525746074385898
0.722351758032472,0.4801179143950344,0.44615655826022826
-1.3843670883058157,-0.7789077848580012,-0.7890268033617027
0.722351758032472,0.6966123527616522,0.6665073690010753
-1.3843670883058157,-1.4264875792832465,-1.389465538312148
-1.3843670883058157,-0.43494792965019125,-0.38292342063932894
0.722351758032472,0.5154167759025036,0.5205632152540823
-1.3843670883058157,-1.2914567522125555,-1.2969656775733562
-1.3843670883058157,-0.6834424164696349,-0.6435685835585793
0.722351758032472,1.0160787629605754,0.9397504716488656
0.722351758032472,-0.30967528504531827,-0.3251736214978598
0.722351758032472,-0.5322721656363371,-0.5120746325650674
0.722351758032472,0.1330802150517053,0.08643999139379221
0.722351758032472,-0.5359011900383684,-0.5272908276867884
0.722351758032472,0.459920713484761,0.44599378181204025
-1.3843670883058157,-1.2513193155046614,-1.1958958300447884
-1.3843670883058157,-1.1932106186935516,-1.1338163445528517
0.722351758032472,0.5302760864885483,0.5766539300101978
0.722351758032472,0.48709279546889267,0.46530874528618044
0.722351758032472,0.3727976335972849,0.3597725058155157
0.722351758032472,1.2820168522661155,1.289888331407651
-1.3843670883058157,-0.8768154324593127,-0.8472921261948321
0.722351758032472,0.35706710676128484,0.3571610850978506
-1.3843670883058157,-1.001827197693705,-0.9423311142834866
0.722351758032472,1.4047379956047554,1.3837218628997159
0.722351758032472,0.7253865148932049,0.717082355568267
0.722351758032472,-0.46060066814572354,-0.4202104392711503
-1.3843670883058157,-0.6941446442910776,-0.6612046445865873
-1.3843670883058157,-1.1504936762778102,-1.1752731614141645
0.722351758032472,-0.4336733026921067,-0.4399163060566731
0.722351758032472,0.3662620854613545,0.45416079102835816
0.722351758032472,0.6378929907374289,0.6015157287046377
-1.3843670883058157,-1.0581905998306362,-0.9894170403902478
0.722351758032472,0.5920408596698692,0.5579602217556593
0.722351758032472,0.6064534644146573,0.586418184942695
0.722351758032472,-0.6885975847014278,-0.6710647386719056
-1.3843670883058157,-1.1555276802007795,-1.0676721570756522
0.722351758032472,0.6513870814405975,0.6270555340455992
0.722351758032472,0.9121741704818522,0.8459017841179548
-1.3843670883058157,-1.2677132483354734,-1.2484589375055293
-1.3843670883058157,-1.3023298493195545,-1.3093699478706562
-1.3843670883058157,-0.8901998815220019,-0.8867681680812685
-1.3843670883058157,-1.0290450610731579,-0.9615515776735716
0.722351758032472,1.048535439920147,1.026457379844713
0.722351758032472,0.2610755162865932,0.30036500150688683
-1.3843670883058157,-0.7489263580112214,-0.7149944345867275
0.722351758032472,-0.045671858142679406,-0.009192188957522274
0.722351758032472,1.1747533708204938,1.0553111417219032
0.722351758032472,1.3911570914870535,1.3942306943589422
-1.3843670883058157,-0.7529280099619905,-0.7141356831206227
-1.3843670883058157,-1.4941471935272879,-1.4816401724815051
0.722351758032472,0.523896585669031,0.5576087770509713
-1.3843670883058157,-1.2771910137550924,-1.261266777392791
0.722351758032472,0.4476017060788088,0.3718139333778679
0.722351758032472,1.1642312049509642,1.2195847704348943
0.722351758032472,1.1914479288402875,1.1237601706295228
0.722351758032472,0.268395421127755,0.22899849409709466
-1.3843670883058157,-1.2162368346497598,-1.2472269003157008
-1.3843670883058157,-0.8675000390925552,-0.8154760771578136
0.722351758032472,0.5872780356906644,0.6155739503522523
0.722351758032472,0.35294103427310475,0.4450380461489112
0.722351758032472,1.3325095852266307,1.2469064312468527
-1.3843670883058157,-1.3184361157476627,-1.221550649750218
0.722351758032472,0.563913805027246,0.49140368901103
0.722351758032472,0.3916427139640509,0.4530715812384697
0.722351758032472,0.3403071194709394,0.33485256775878536
-1.3843670883058157,-1.1057453170008675,-1.048493123501523
0.722351758032472,0.9651904377606012,0.8788618827452968
0.722351758032472,0.5981163750098873,0.5823196665619953
0.722351758032472,0.5371116112077916,0.4704993066162711
-1.3843670883058157,-1.1220371531820772,-1.1219988645547065
0.722351758032472,0.3633616367987753,0.3280659610254716
-1.3843670883058157,-1.3332622192317278,-1.321463079510223
0.722351758032472,-0.2874458556735029,-0.2736579990667579
0.722351758032472,0.5717437413456021,0.543173254903671
0.722351758032472,1.387744035649798,1.367190567301104
0.722351758032472,0.28525251338947566,0.365277514471934
0.722351758032472,0.9879569552823934,0.964028360734803
0.722351758032472,-0.44452259883677236,-0.4328556494007052
0.722351758032472,0.9617725450760943,0.8948198162869205
-1.3843670883058157,-1.2904159674960822,-1.2439967141004544
0.722351758032472,0.659954575314976,0.6110285402224395
0.722351758032472,0.40769435901762985,0.3664563483480179
0.722351758032472,0.6388320713447613,0.5950366921673645
-1.3843670883058157,-1.1735773985550821,-1.1757926828085379
0.722351758032472,0.5737769644312055,0.6343527495574236
0.722351758032472,0.4234146952154805,0.3984885551149451
-1.3843670883058157,-1.128315083222357,-1.0658522616731736
0.722351758032472,0.46039788130087644,0.5361136487421589
-1.3843670883058157,-0.9442986087583656,-0.9685136195327595
0.722351758032472,-0.6308042619392423,-0.6022699905028326
0.722351758032472,1.4223419277686296,1.4042489805169533
0.722351758032472,0.508856814537883,0.44667968445955075
-1.3843670883058157,-0.7005472151645082,-0.686076758843837
0.722351758032472,0.4835425414759672,0.5389461377513224
-1.3843670883058157,-0.5972153809016766,-0.5107589045757954
-1.3843670883058157,-1.1312386694769914,-1.0943202370530074
-1.3843670883058157,-1.3016236784477744,-1.2432549093956713
0.722351758032472,0.8130818177458065,0.8114211128168561
0.722351758032472,0.38231742988520767,0.4610102746916386
-1.3843670883058157,-1.2967495436090937,-1.2620795180272617
0.722351758032472,-0.2342927054305775,-0.19293766911483057
0.722351758032472,0.05094199983582831,0.049347177490472016
-1.3843670883058157,-0.7861719596980199,-0.7695635146308994
-1.3843670883058157,-1.2378718085853617,-1.1854632257685926
-1.3843670883058157,-0.6077161509858895,-0.5558904100452051
0.722351758032472,0.9132566761281693,0.8691681157406267
-1.3843670883058157,-1.0325434226184849,-1.0012948743158363
-1.3843670883058157,-0.8009983980915567,-0.7464469914229752
-1.3843670883058157,-1.358783590885099,-1.3987560008984148
0.722351758032472,0.47735241314370863,0.47162146976789626
-1.3843670883058157,-0.9434037511649349,-0.9291604876519239
0.722351758032472,0.31853440491489304,0.3013231583948116
-1.3843670883058157,-1.159377705445599,-1.1501719331444267
0.722351758032472,1.0806355757738344,1.0316844511421182
-1.3843670883058157,-1.2036550230931802,-1.2272661443398458
-1.3843670883058157,-1.1841101424985963,-1.2460326564465904
0.722351758032472,0.43187920802326984,0.39180031404359744
0.722351758032472,0.7775206259522036,0.7864782495451703
0.722351758032472,1.0955115188854012,1.0545267105193492
-1.3843670883058157,-1.341535565659336,-1.3656546789285628
0.722351758032472,-0.3976331723818873,-0.40568673648844367
-1.3843670883058157,-1.1699564840390058,-1.182370395011432
0.722351758032472,1.1672129198801193,1.1425897995508092
-1.3843670883058157,-0.9281110057524495,-0.9237489875266849
0.722351758032472,1.3081334595108527,1.2898049510942644
0.722351758032472,1.2891931915030221,1.2244750830746964
0.722351758032472,0.6012599975476016,0.5289501394717399
-1.3843670883058157,-0.762879139154391,-0.707679222533476
0.722351758032472,0.24242248329338117,0.25397786006427964
0.722351758032472,0.703880234641036,0.6574442196617969
0.722351758032472,0.6957297463527826,0.610302043228492
0.722351758032472,0.43444612165788765,0.45415048795502233
-1.3843670883058157,-1.3795626205056135,-1.3116495286991838
-1.3843670883058157,-1.1283173450532538,-1.035001945159049
-1.3843670883058157,-1.2640535451038188,-1.2800601480794995
0.722351758032472,0.7195534234799404,0.6858784932090713
0.722351758032472,-0.4293610332397948,-0.4298422085029936
-1.3843670883058157,-0.9856207928189432,-0.9414377380829448
0.722351758032472,0.6136639934452152,0.6165185050248879
0.722351758032472,0.6000356468552337,0.6293898267651423
0.722351758032472,1.1293463043239131,1.0780439531952881
-1.3843670883058157,-1.0812641649027717,-1.0036526910209866
0.722351758032472,1.2453633979730125,1.2266590813306093
-1.3843670883058157,-0.7147126805593601,-0.6553871337657806
0.722351758032472,1.0562404835308374,1.0396475827794767
0.722351758032472,0.7312659789639425,0.7220732849696481
0.722351758032472,0.6442487271941009,0.58684398863917
0.722351758032472,0.3927651849276057,0.3677458909252206
0.722351758032472,0.6251854170413863,0.6169715935755282
-1.3843670883058157,-1.1083470665012511,-1.052628654311448
0.722351758032472,1.4743793697461327,1.4480669061499118
-1.3843670883058157,-1.1893043827532417,-1.0925804553854699
-1.3843670883058157,-1.2952286029631717,-1.2996542085688993
0.722351758032472,0.7440541333638193,0.8110358857468878
0.722351758032472,0.4005173976593954,0.37371370725067554
0.722351758032472,0.6793280083927781,0.6345504494683906
0.722351758032472,1.0855601336886704,1.0751611884572183
0.722351758032472,0.8770729429792414,0.9078316215875585
0.722351758032472,0.407438555703711,0.3929157593687639
0.722351758032472,0.6732844462915982,0.6169061809650682
0.722351758032472,1.3343327850732292,1.3075059449352648
-1.3843670883058157,-1.4669447889658125,-1.4755462047816166
-1.3843670883058157,-1.0111206255673089,-0.9414823032048343
0.722351758032472,1.2418407923469441,1.2369035343945862
-1.3843670883058157,-1.2784292082307651,-1.2088697435864477
0.722351758032472,0.24398198588512854,0.2552851387979297
0.722351758032472,1.193117001840494,1.159035127182157
0.722351758032472,0.36783326859382437,0.36837163061364175
0.722351758032472,0.8916075476218587,0.8607086068246177
-1.3843670883058157,-1.068231570246386,-1.0241113524172032
0.722351758032472,-0.40187687344747935,-0.401202274417937
0.722351758032472,0.18963445031270232,0.1599741061068105
-1.3843670883058157,-1.629317149912799,-1.565218428341621
-1.3843670883058157,-0.8837254707906086,-0.8794142210729031
-1.3843670883058157,-1.3227058865726191,-1.311679391007819
0.722351758032472,0.12613151366189057,0.10647338830840347
-1.3843670883058157,-0.8355760829587261,-0.8219539185112309
0.722351758032472,0.5836289014814677,0.5276469094996158
0.722351758032472,1.2226907916057195,1.1700173907931992
-1.3843670883058157,-0.9585316675333139,-0.9213310325772754
-1.3843670883058157,-0.9064053297634602,-0.8621362440612395
0.722351758032472,0.27285927996640513,0.27127405982132424
0.722351758032472,0.9401721199410018,0.9361107252548126
0.722351758032472,0.6475668078537353,0.5816528906832185
0.722351758032472,0.45198494245395804,0.3789914353953189
-1.3843670883058157,-1.1556911321424457,-1.0871368762167954
0.722351758032472,0.9154882463055662,0.9270045814921977
0.722351758032472,0.404514552536412,0.36888662041233605
0.722351758032472,0.484148600101303,0.48563212324107563
0.722351758032472,1.4121564119163716,1.3896793347393208
0.722351758032472,0.06094702985795997,0.09610781456417605
0.722351758032472,1.3273252300854657,1.3109775473424559
0.722351758032472,0.33536631451006743,0.32162728299333754
-1.3843670883058157,0.10330586373139428,0.08868425386890966
0.722351758032472,0.5615100084366347,0.5504684400287644
0.722351758032472,0.6182495994506286,0.5939027063795352
0.722351758032472,0.8321268182263051,0.8164948128780016
0.722351758032472,0.5185549404298675,0.4594895214914866
0.722351758032472,1.1704836951797617,1.1539133328042426
0.722351758032472,0.9134381736940276,0.786116637152113
-1.3843670883058157,-0.9707439559957884,-0.9414547761031653
0.722351758032472,1.3423505565377645,1.3349166699992079
0.722351758032472,0.4119890050057719,0.43575062885224053
0.722351758032472,-0.27277250694510036,-0.28204722906259866
0.722351758032472,-0.22328568690122358,-0.21183327906621702
-1.3843670883058157,-1.1995881523704044,-1.1778064498228706
-1.3843670883058157,-1.7274282086874777,-1.6571844683697206
0.722351758032472,0.5690785687625157,0.650630371262914
0.722351758032472,0.5542836256883475,0.5049558665170806
-1.3843670883058157,-1.258753971117057,-1.2380836198014455
0.722351758032472,0.5605107249335088,0.5229378744705979
0.722351758032472,0.5450405005910681,0.5084815660585327
-1.3843670883058157,-1.4825788342167074,-1.481747979996605
-1.3843670883058157,-0.9483588859821497,-0.9450836223984409
0.722351758032472,0.6528550651550104,0.6154240206836586
-1.3843670883058157,-1.1259544766475256,-1.1219584324112466
0.722351758032472,1.0981449295034238,1.0603447342220294
0.722351758032472,0.6949334939162988,0.723800261629494
0.722351758032472,0.6344286761961017,0.5582080750481524
0.722351758032472,0.24732257140854952,0.25097150942900726
0.722351758032472,0.17604512900851488,0.14515137764766362
-1.3843670883058157,-1.2227029836743502,-1.2274070276807847
0.722351758032472,0.4198601372675532,0.4943284759097003
-1.3843670883058157,-1.2200507280404036,-1.2386944846331602
0.722351758032472,1.0854922102145048,1.066938273264606
-1.3843670883058157,-0.9984584197201882,-0.9460289423620419
0.722351758032472,0.6787501802712085,0.6779830350101779
0.722351758032472,0.7100018908670933,0.7391017478528897
0.722351758032472,0.8353339141063473,0.7430398483860929
-1.3843670883058157,-0.7341623841399016,-0.7273719710868547
-1.3843670883058157,-1.6554948457354715,-1.6026693259715423
0.722351758032472,0.4270813890350412,0.42111265264011055
-1.3843670883058157,-0.7458712812995577,-0.6668571731726979
0.722351758032472,1.1355931745452374,1.1087716080356402
0.722351758032472,1.1110759061886206,1.1287627067332173
0.722351758032472,0.3876665231963802,0.4459905325102439
0.722351758032472,0.12946965741085947,0.17244956031682124
0.722351758032472,0.2843082554751887,0.3004616645932808
0.722351758032472,0.36422431148303314,0.40385157719613907
-1.3843670883058157,-0.7692725838804015,-0.724880324500786
-1.3843670883058157,-1.2546632229319994,-1.2447313580812802
0.722351758032472,0.391104362871992,0.36313014662632165
0.722351758032472,0.622179916776627,0.6378874718741011
0.722351758032472,0.7951447981359873,0.8425248356251387
0.722351758032472,0.42605953122728757,0.37979152823374257
0.722351758032472,1.2119594994992924,1.1746969152445164
-1.3843670883058157,-1.1981464559324941,-1.2094575183137444
-1.3843670883058157,-1.7438095955281712,-1.6977445370474142
0.722351758032472,0.5862583865775108,0.5783693492483659
0.722351758032472,1.4478748154362457,1.340177615213963
0.722351758032472,0.4404927469580068,0.49369515291915356
-1.3843670883058157,-0.6571838243554361,-0.5751127559288458
0.722351758032472,0.5683502609197845,0.6273736000495613
0.722351758032472,0.45089489594460985,0.4021592056147103
0.722351758032472,0.668782950666704,0.6983441955213678
-1.3843670883058157,-1.1689461984383636,-1.099586124957778
0.722351758032472,1.1938128244946755,1.135796538112686
0.722351758032472,-0.08580919763597239,-0.08578682100847379
0.722351758032472,0.5238259648235117,0.44460893421085357
0.722351758032472,0.41684546262612476,0.47092969424605313
0.722351758032472,0.6402897866872935,0.6751769909749795
-1.3843670883058157,-1.3810087650591278,-1.3490942281667435
0.722351758032472,0.6113950805980297,0.6317348227085439
0.722351758032472,0.22770233116867256,0.3153786086953506
0.722351758032472,0.6038611937713712,0.6166184906582826
0.722351758032472,1.1938093375694023,1.1670921970466468
0.722351758032472,0.6429562269018961,0.6560484569419556
0.722351758032472,0.16604741636348253,0.17184499127525354
0.722351758032472,1.108461342281922,1.0539411349222836
-1.3843670883058157,-0.8392467352407433,-0.7897267602179243
0.722351758032472,0.7684478286731965,0.7422511030214799
0.722351758032472,0.6533057718781221,0.6645512534531426
0.722351758032472,0.7144742654297165,0.7019538299029328
-1.3843670883058157,-1.1561335807579562,-1.1735582706998786
-1.3843670883058157,-0.736770716467243,-0.7405392214487878
-1.3843670883058157,-1.1768232546629211,-1.1981553127450428
0.722351758032472,0.5937861732824709,0.5402774792843044
0.722351758032472,-0.4527546197225496,-0.41687091298025625
0.722351758032472,1.124574248254685,1.0878915610180075
0.722351758032472,1.0294785866417062,1.0315438565535957
0.722351758032472,0.24284747267808005,0.22912260485942837
-1.3843670883058157,-1.0894403395222367,-1.034533379057971
0.722351758032472,0.4054877059467288,0.34380517043522385
0.722351758032472,0.8200694130423393,0.7989290175531114
0.722351758032472,0.434439261592257,0.4699725077757718
-1.3843670883058157,-1.2559661619514138,-1.2639518587368799
0.722351758032472,0.5437734403947211,0.4728529502762434
-1.3843670883058157,-1.1078626782786893,-1.093379705104889
-1.3843670883058157,-1.5874943220787017,-1.5548487103900437
0.722351758032472,0.5458951749697167,0.6050601888971644
-1.3843670883058157,-0.8756988354763926,-0.8404805836516732
0.722351758032472,0.14268744312039605,0.13516218804787672
0.722351758032472,0.9619908622371574,0.9389364729666017
-1.3843670883058157,-0.7446202449232501,-0.6814112731829715
-1.3843670883058157,-1.2132812495533647,-1.2273580886635969
0.722351758032472,0.5441576597827738,0.5554182750980007
0.722351758032472,0.9849844674102086,0.9457252917232556
0.722351758032472,-0.5641361298333671,-0.5699705475109559
0.722351758032472,0.44057558329643776,0.5076248812983847
-1.3843670883058157,-1.3026641662819112,-1.3290645716033778
-1.3843670883058157,-0.9514348545319518,-1.0003454325697108
0.722351758032472,0.6219390500334491,0.5828632503414074
0.722351758032472,0.47755403237534166,0.4940062435374397
0.722351758032472,0.46883417610208145,0.39876315501592446
-1.3843670883058157,-1.3519642557551355,-1.303038957898739
0.722351758032472,-0.3648100249043957,-0.3016508136256712
-1.3843670883058157,-1.1758679014707085,-1.180628688860134
0.722351758032472,0.19541224621416464,0.19960027176291126
-1.3843670883058157,-1.100827853234722,-1.0812128367107903
0.722351758032472,0.5494893592529412,0.5957082399803602
0.722351758032472,0.6641623519584601,0.7156285470916957
-1.3843670883058157,0.22892168651645317,0.21104457740099136
0.722351758032472,0.530954794369268,0.48452761759808244
0.722351758032472,0.4896041343098202,0.5014601305644935
0.722351758032472,1.2003197793434632,1.1905586572068292
0.722351758032472,0.48156871777489246,0.43544664844258263
0.722351758032472,1.5235127317700248,1.4795851548806827
-1.3843670883058157,-0.9348223414623283,-0.9438796065052204
-1.3843670883058157,-1.1197655650140896,-1.0806420504387948
-1.3843670883058157,-1.2600151172056027,-1.2138941370475342
0.722351758032472,-0.4451229134236726,-0.4564029406405665
0.722351758032472,0.3470922359858043,0.3148427200150604
0.722351758032472,0.16886225266012744,0.11445037813303344
-1.3843670883058157,-1.5362225292403742,-1.5328871941209752
-1.3843670883058157,-1.2687490640713948,-1.2433520476250197
0.722351758032472,0.4798660187594672,0.4814641061054531
0.722351758032472,0.5359554774583437,0.49270269144352036
0.722351758032472,0.6486665519617093,0.6137454089711153
0.722351758032472,0.7509085493579675,0.7418753644455587
0.722351758032472,-0.4187774773187144,-0.42767687581303393
0.722351758032472,0.03257892034890564,0.04953512805299337
0.722351758032472,1.4178198680173137,1.3823464842827564
0.722351758032472,0.6291027935719615,0.6901038363305684
0.722351758032472,0.47135277720415253,0.4395715905602538
-1.3843670883058157,-1.3324713626441773,-1.371071925700174
-1.3843670883058157,-1.317533063047885,-1.2759404703870987
0.722351758032472,0.4996459285974594,0.4890399262976919
0.722351758032472,0.5252562929250835,0.5630979079981592
0.722351758032472,0.415772965634822,0.4991490483073988
0.722351758032472,0.32536360786062946,0.35761260525064464
0.722351758032472,1.290832792313164,1.2953494802585213
0.722351758032472,1.2295189584351762,1.1901117809150783
-1.3843670883058157,-0.9981195270331816,-0.930580395872905
0.722351758032472,0.5657200828558189,0.6174928030506261
0.722351758032472,0.7234947997655239,0.7076565319716546
-1.3843670883058157,-1.2807871414347543,-1.2398851975210807
0.722351758032472,0.4705618280367572,0.4199953223678651
0.722351758032472,0.383378917160186,0.3512671448322953
-1.3843670883058157,-0.9456250848447523,-0.8974080768944096
0.722351758032472,0.535727925826489,0.5256385466517888
0.722351758032472,-0.40142304285073405,-0.4158568240306907
0.722351758032472,0.45069772335644076,0.4948500426042338
0.722351758032472,0.7021806405299483,0.7364623870032142
0.722351758032472,0.6487087843068302,0.6565118042535945
0.722351758032472,0.2935718340770763,0.249993055109623
0.722351758032472,0.6975241437534432,0.6947646061887691
0.722351758032472,0.5413065579490363,0.6213520608645111
-1.3843670883058157,-1.3544474483889966,-1.3601328730465498
0.722351758032472,0.32869298032128297,0.3129951599908231
0.722351758032472,-0.4432885942120991,-0.4258162458657559
-1.3843670883058157,-1.0339844850405582,-0.9845781489405078
-1.3843670883058157,-0.8282219905487921,-0.7467465440881523
-1.3843670883058157,-1.2030129631614295,-1.1596636855224127
-1.3843670883058157,-0.8065000444177605,-0.7638678778621274
0.722351758032472,0.7211366044817387,0.6967471891416456
0.722351758032472,0.5778331293855172,0.6110283608683539
0.722351758032472,0.4786513532403047,0.4862132058073466
-1.3843670883058157,0.005353113626939021,-0.026241123991009196
0.722351758032472,0.5880147235455976,0.5764931483003247
0.722351758032472,0.2941167004414198,0.3107443790275969
0.722351758032472,-0.34959362510131786,-0.3341719552098553
0.722351758032472,1.060020156786605,1.0278429543826628
0.722351758032472,0.2585901394734804,0.2900859014002918
0.722351758032472,0.817097709342989,0.7748388310687147
-1.3843670883058157,-1.3890126559343732,-1.3557496118239434
0.722351758032472,0.556097598868678,0.4923585845690738
-1.3843670883058157,-1.3577563322254527,-1.2963551983196848
0.722351758032472,1.321765019675304,1.3128352494578697
-1.3843670883058157,-1.0177620256884625,-0.9591542693568571
0.722351758032472,0.45301378327282105,0.5049074424856548
-1.3843670883058157,-1.2429704028993915,-1.257655023799779
0.722351758032472,1.0821621226741038,1.038139149417006
0.722351758032472,0.5485025333941265,0.5206083423896254
-1.3843670883058157,-1.1848693178022494,-1.1244133803587806
0.722351758032472,0.7091713157134583,0.7263464109709954
0.722351758032472,0.6829925084907575,0.6968896171941528
-1.3843670883058157,-0.8903747797470376,-0.8168183461819514
0.722351758032472,0.18769397915111674,0.20707358822140698
0.722351758032472,0.38652907506604217,0.3500568218467392
0.722351758032472,0.561695869441945,0.542227675181063
-1.3843670883058157,-1.166140554470507,-1.1456505724462158
-1.3843670883058157,-0.7017894572157717,-0.7045719467667074
0.722351758032472,0.17747010428368004,0.21574973489016513
-1.3843670883058157,-0.7867924706071121,-0.7892402393856219
0.722351758032472,0.3599268599592766,0.30753204828096914
-1.3843670883058157,-1.6069202003374652,-1.566305161192417
0.722351758032472,1.2598485854205055,1.2465871644221695
-1.3843670883058157,-0.8070249723316573,-0.777279046493166
0.722351758032472,0.6126928394455358,0.5986408140058685
-1.3843670883058157,-1.0334421695578238,-1.079491766455458
-1.3843670883058157,-0.5132780938894835,-0.48381700301850605
-1.3843670883058157,-1.312083728865984,-1.2249044994936262
0.722351758032472,-0.0489542118212733,0.0034777977253127035
-1.3843670883058157,-1.3331720650128127,-1.3349626345363752
0.722351758032472,0.7715006107007127,0.7553893262428866
0.722351758032472,0.7519197886915336,0.7521157705773636
-1.3843670883058157,-1.0692848996034194,-0.9920681772604922
-1.3843670883058157,-0.9745238766364194,-0.9106473766186765
0.722351758032472,0.3848525611898529,0.2632657929406578
-1.3843670883058157,-0.9795578987598429,-0.9074678624258748
0.722351758032472,0.44381300672182256,0.5253969941065955
0.722351758032472,-0.5664325624693055,-0.5534326365056667
-1.3843670883058157,-0.8282363753650052,-0.808491626983315
0.722351758032472,1.3106391894200793,1.2699233061010422
0.722351758032472,0.37949601751358486,0.3568076775049861
0.722351758032472,0.5263741029935253,0.5600260509197333
-1.3843670883058157,-1.2819245282483211,-1.2262333766838818
0.722351758032472,0.6554395280492821,0.6456912803597185
-1.3843670883058157,-1.1583045907759568,-1.1716136435427955
-1.3843670883058157,-1.3091817099794874,-1.2830574040064648
-1.3843670883058157,-1.1224673642331429,-1.0974279313168096
0.722351758032472,0.6345728297348686,0.6560670769027286
0.722351758032472,1.2900680069382282,1.2374787114888375
-1.3843670883058157,-1.0353646874032276,-1.0950933617454348
0.722351758032472,0.7637989979671074,0.6896952281292876
-1.3843670883058157,-1.0647050612906828,-1.0377671914231446
-1.3843670883058157,-1.4567192158209026,-1.456067304558734
0.722351758032472,-0.483513791808335,-0.485662562001552
0.722351758032472,0.7282994360616544,0.7291078398053518
0.722351758032472,0.3682396268219279,0.3612666315511992
-1.3843670883058157,-1.3094272786026788,-1.3748057522397543
0.722351758032472,-0.002293490308950541,0.021259107825880197
0.722351758032472,0.5426405247569686,0.502165323118794
0.722351758032472,0.6461733884490297,0.6556224549074285
0.722351758032472,0.967517174739427,0.8532976725090138
-1.3843670883058157,-0.8153072941707192,-0.7951135188312719
0.722351758032472,0.41362800802185806,0.39898513705451943
0.722351758032472,0.47039997592633576,0.4402942339357358
-1.3843670883058157,-1.5260053723668672,-1.5024146382947505
0.722351758032472,0.9952300528002526,0.9675206158524934
0.722351758032472,0.25227921854082264,0.20804274217630953
0.722351758032472,0.3475082612698952,0.35874531481579364
-1.3843670883058157,-1.4334595366584384,-1.3976297923923
-1.3843670883058157,-0.8961182528370983,-0.8826609174501756
0.722351758032472,1.359502109030126,1.3539342372536167
-1.3843670883058157,-1.3904915770922128,-1.4041485404913365
-1.3843670883058157,-0.9518741152044781,-0.9245771697353717
0.722351758032472,0.48836989758215077,0.4983254742796819
0.722351758032472,1.1567364249002665,1.116506518467952
0.722351758032472,0.38830137131506137,0.4802056670377959
0.722351758032472,1.3829447256824243,1.3754179988920165
0.722351758032472,-0.4577963397970941,-0.4297480554687973
-1.3843670883058157,-1.356696870686582,-1.330331100466064
0.722351758032472,0.3986646621799166,0.35796770487721064
0.722351758032472,0.5985062790637429,0.5523084515502117
0.722351758032472,0.2043354638608308,0.2095892307174806
0.722351758032472,1.5353415933946364,1.4912050065044675
-1.3843670883058157,-0.655968614398736,-0.6077858334454609
0.722351758032472,0.685363949504529,0.7084550163528136
-1.3843670883058157,-0.9184867628555254,-0.9232946707061481
-1.3843670883058157,-0.716937297170315,-0.689356441032071
0.722351758032472,1.3617876379805807,1.313662118486773
-1.3843670883058157,-0.9624826493928452,-0.9123937708141374
0.722351758032472,-0.2746115793027208,-0.3000350217492598
-1.3843670883058157,-1.448201013980954,-1.4309866174764228
0.722351758032472,0.4944534146173809,0.44428221595683853
0.722351758032472,0.6887064521305792,0.730999796837073
0.722351758032472,0.4443608087603268,0.49809956956141055
0.722351758032472,0.5327468797061483,0.4305567020532096
0.722351758032472,0.5764647106254382,0.5393496637044461
-1.3843670883058157,-1.177235478940855,-1.2132468047380842
0.722351758032472,0.6410339005127647,0.5897042007295423
0.722351758032472,0.48273167750362783,0.4269683214826803
0.722351758032472,0.49737535432053637,0.4834439767094939
-1.3843670883058157,-0.9589346131961893,-0.9085999036442483
0.722351758032472,1.4660492489857884,1.4450091292038565
-1.3843670883058157,-0.6729014849290761,-0.6794732883245201
0.722351758032472,0.3323632089508495,0.4081196720310539
0.722351758032472,0.35915646229738485,0.33190186309335423
0.722351758032472,0.8498821548668747,0.8197132494870852
0.722351758032472,0.5849333749392405,0.587795544376276
0.722351758032472,1.0016647644672205,0.9726485911831204
0.722351758032472,0.3439358316984184,0.34968640275158236
0.722351758032472,-0.44261593497486307,-0.42579624260593696
0.722351758032472,0.5008614346673667,0.5153506525461713
0.722351758032472,0.4861513308385964,0.4290938564974317
0.722351758032472,0.33880444783510333,0.3167406220184482
0.722351758032472,0.1940040434360788,0.21678995145224267
-1.3843670883058157,-1.1382925923604212,-1.0512084248119127
0.722351758032472,0.662768669446613,0.667194746704019
0.722351758032472,0.5608705789892501,0.6089976221608289
0.722351758032472,0.3862112807906499,0.4012569856557242
0.722351758032472,0.424466368151722,0.4013494257427141
0.722351758032472,0.5790733498183862,0.6285151412825721
0.722351758032472,0.513628721575121,0.5839689891857637
-1.3843670883058157,-1.321043882708251,-1.344699747779397
-1.3843670883058157,-1.302799672252633,-1.2798119474844698
0.722351758032472,1.103006766058489,1.0335933041610468
0.722351758032472,0.4643457482763252,0.40943398212532556
0.722351758032472,1.1945911898865984,1.1394406103442587
-1.3843670883058157,-0.8254723720217456,-0.7620787659453363
-1.3843670883058157,-0.5417685951053192,-0.5401422487374075
0.722351758032472,1.2880264664352103,1.25879260578717
-1.3843670883058157,-0.9741257598468022,-0.9279468772825729
-1.3843670883058157,-1.1899391775718544,-1.1792056158302255
-1.3843670883058157,-1.2510569916223098,-1.1741092031207734
0.722351758032472,1.1424029245698852,1.1013054651910386
0.722351758032472,1.2409858364713013,1.2374852269421344
-1.3843670883058157,-0.750433982933362,-0.738122547377271
0.722351758032472,0.9470746950521849,0.9053311282390119
-1.3843670883058157,-0.6030633140886412,-0.5738204035068406
-1.3843670883058157,-1.307574086443505,-1.256014310003668
-1.3843670883058157,-0.7134085328885091,-0.6892806305142262
0.722351758032472,1.2721989942640612,1.2649499895240635
-1.3843670883058157,-1.1757873320260672,-1.1674406380968645
0.722351758032472,0.7239401216275516,0.7423038890832487
-1.3843670883058157,-1.2259233843021777,-1.2232639045755354
0.722351758032472,-0.41902652519143835,-0.4121029932300311
0.722351758032472,0.4885647041171979,0.5652074974081082
0.722351758032472,-0.5655418511642776,-0.5253393796675997
-1.3843670883058157,-1.1128733889611826,-1.1309753016011606
0.722351758032472,0.6689075868277583,0.6194452815143467
0.722351758032472,0.6279866285883517,0.578515850579081
0.722351758032472,-0.4825214593106892,-0.4344398873865396
0.722351758032472,0.7661359140713365,0.6868441283497076
0.722351758032472,0.2865765663888404,0.25020979544962957
0.722351758032472,0.4750646632519677,0.44655448574986806
0.722351758032472,0.5509600654555594,0.5494870569187584
0.722351758032472,1.1697612858939685,1.1422876301503888
0.722351758032472,1.1301883230829817,1.0867339534936789
-1.3843670883058157,-1.0201741320706719,-1.0348846412525456
-1.3843670883058157,-1.2955653254262358,-1.2516145623650503
-1.3843670883058157,-0.9145759333410401,-0.8931311654904602
0.722351758032472,0.6093773740485003,0.6451097250327233
0.722351758032472,0.3629425812392968,0.40604814306366943
0.722351758032472,1.3978376022863481,1.393485597284577
0.722351758032472,0.4954922115877925,0.3957934071990033
0.722351758032472,0.7280933497872911,0.7139556669651498
0.722351758032472,0.7084012747071052,0.7411820618941567
-1.3843670883058157,-1.2004516029499364,-1.1907986857971289
-1.3843670883058157,-1.2301188274810415,-1.201388763558106
-1.3843670883058157,-1.100806712177853,-1.082530324555003
0.722351758032472,-0.3987028675059972,-0.36214101874842525
0.722351758032472,1.2154848465765047,1.1934041105655728
0.722351758032472,0.26126109721139845,0.28070029163176613
0.722351758032472,1.2746706749207415,1.2463253984582292
-1.3843670883058157,-0.8510224676642794,-0.8110870558464114
0.722351758032472,0.14332368310186433,0.12430577466979514
0.722351758032472,0.4819609819487104,0.42579199705988535
-1.3843670883058157,-1.4383762748230298,-1.453120867497838
0.722351758032472,1.0853021615004148,1.0080863479146556
0.722351758032472,1.2284769212998095,1.2236909626744956
0.722351758032472,1.1859085104049591,1.147520128037316
0.722351758032472,-0.5938732805602505,-0.5932732060717525
0.722351758032472,0.7502957028773004,0.698621724232682
0.722351758032472,1.1486959578842781,1.125906649476762
0.722351758032472,0.509861416525518,0.5743012150013405
-1.3843670883058157,-0.8803794909190971,-0.87485459484317
0.722351758032472,0.6317347515533431,0.6024223116131823
-1.3843670883058157,-1.1934071024968156,-1.1290411923413177
0.722351758032472,0.36014561940403467,0.3474372413693332
0.722351758032472,0.44012327979661103,0.41586837244937713
0.722351758032472,0.3654003243047482,0.3740866197185889
-1.3843670883058157,-1.0034204178423107,-0.9271682415941022
0.722351758032472,1.2899259243918655,1.262857225600361
0.722351758032472,1.2011712389262392,1.1298563108280901
0.722351758032472,0.38643280546364267,0.4100564409602264
0.722351758032472,-0.031430268703493525,0.02941197823531788
0.722351758032472,-0.23266377226969176,-0.18557012347696056
0.722351758032472,0.9648378421228095,0.918227954420308
0.722351758032472,0.41480667981757036,0.3778866612833657
-1.3843670883058157,-1.3601681917678612,-1.320132109299533
-1.3843670883058157,-1.1725408347354855,-1.1849870432162124
0.722351758032472,0.9723380916272569,0.9394300468336069
0.722351758032472,0.8492814149117074,0.7980915753943484
0.722351758032472,0.6491383694866787,0.704439847024018
-1.3843670883058157,-1.4633357316410311,-1.460519213613647
-1.3843670883058157,-1.2353042198599793,-1.1696669902091086
-1.3843670883058157,-1.2738266049063545,-1.2700998418470308
-1.3843670883058157,-1.1642172143523635,-1.2347052369546294
0.722351758032472,0.4167300533876972,0.47962673167490033
0.722351758032472,0.6660329624492893,0.6133047650431847
0.722351758032472,0.7045699678557614,0.7323463066998377
0.722351758032472,0.2783348148434558,0.2934976903397335
-1.3843670883058157,-1.3144679955783103,-1.2886645679933812
0.722351758032472,0.16879408353789038,0.18277429531993838
0.722351758032472,1.606195834080444,1.5403454454574814
0.722351758032472,0.5555792120843432,0.4825877423691202
0.722351758032472,0.5577032897531149,0.47145882033658726
0.722351758032472,0.5481451434331964,0.5799981752570363
0.722351758032472,0.35579958916155563,0.4189099240489431
0.722351758032472,0.28515350031465514,0.30185121132940496
0.722351758032472,0.7656703108438634,0.7127924699127116
-1.3843670883058157,-1.2314054642754686,-1.2525770008238752
0.722351758032472,0.3722218513851613,0.3752293608286458
0.722351758032472,0.8108034354343978,0.7222215994261934
-1.3843670883058157,-0.7337371290995589,-0.662520851064873
0.722351758032472,-0.14089477998084418,-0.19174985576442177
0.722351758032472,0.4467233717997185,0.3928820083620874
0.722351758032472,0.5482296805446413,0.5443283024748649
0.722351758032472,-0.7764676994012055,-0.7793345138579594
0.722351758032472,1.2474473175972527,1.2602382962287644
-1.3843670883058157,-0.7755563707327401,-0.7430798812003861
0.722351758032472,0.30167166922627076,0.365955275117297
0.722351758032472,0.6396456064746557,0.5924449442653287
-1.3843670883058157,-1.1978849158300515,-1.124532626978751
0.722351758032472,0.5786261599323342,0.5826753506327936
-1.3843670883058157,-0.9225015126281133,-0.848853978700592
0.722351758032472,0.7429064816893389,0.7528303420767333
-1.3843670883058157,-1.2152747228473686,-1.2510424220385308
-1.3843670883058157,-1.3743952549462908,-1.3559882399488665
-1.3843670883058157,-0.9390408433998438,-0.8897315401975956
0.722351758032472,0.6154064729948736,0.6560220508893737
-1.3843670883058157,-1.222551495755354,-1.122477703261064
0.722351758032472,1.2933818406686308,1.2847438532096576
0.722351758032472,0.5712760709814669,0.550381288087179
0.722351758032472,0.8907058717319104,0.8073560635987251
0.722351758032472,0.4637211130748431,0.4257686218288699
-1.3843670883058157,-0.7854062298929562,-0.7922519836579386
-1.3843670883058157,-1.2982605740558217,-1.3680808418912442
0.722351758032472,-0.533008130011702,-0.5283426514590088
-1.3843670883058157,-1.0625464616885762,-1.0268003532065235
-1.3843670883058157,-1.0199204293616257,-1.076190366554922
0.722351758032472,0.6916444910008943,0.6799756169092032
-1.3843670883058157,-1.036350940703769,-1.0642617042709401
0.722351758032472,0.42547550296254594,0.3457849259064838
-1.3843670883058157,-1.0346696108152384,-0.9963305046334819
0.722351758032472,0.35935695211930985,0.4383486897612551
-1.3843670883058157,-0.717314078488978,-0.692337251046209
0.722351758032472,0.5380978044431457,0.4695122063707937
-1.3843670883058157,-0.8598513217494015,-0.8198127889815201
0.722351758032472,1.1020652522947343,1.0897964555075876
-1.3843670883058157,-0.9575493111964639,-0.9375528342920763
0.722351758032472,1.226587667125525,1.2121281606489112
0.722351758032472,0.49012475262203536,0.5685185036987064
-1.3843670883058157,-1.092515172862328,-1.115170200364128
0.722351758032472,1.035689054353758,1.0230873531089348
-1.3843670883058157,-1.496497565023713,-1.453352722334561
-1.3843670883058157,-2.4692001744114607,-2.277085185317809
-1.3843670883058157,-0.9040735609879539,-0.8342575075785084
0.722351758032472,0.44916017906180056,0.41278992534634895
0.722351758032472,0.5418739719533374,0.5213858154576333
0.722351758032472,-0.594827164670076,-0.5848582167776369
-1.3843670883058157,-1.186834067372673,-1.104857239824988
0.722351758032472,1.2203350550838645,1.2153542884001194
-1.3843670883058157,-1.276732758671344,-1.268869769597208
-1.3843670883058157,-1.4325501708561468,-1.3858210443735899
0.722351758032472,0.9017448927213081,0.8890216406603914
0.722351758032472,0.38863766019971946,0.4348169732380901
0.722351758032472,0.4217907900447605,0.47123304038747027
-1.3843670883058157,-1.2418139926604987,-1.2226324197344178
0.722351758032472,0.3096973207282916,0.3045846838668138
0.722351758032472,0.466065631368151,0.40985599935550904
-1.3843670883058157,-0.9940599460523312,-1.036885767388184
0.722351758032472,0.4874749230850829,0.539154519049163
0.722351758032472,1.3668172182079885,1.314685350698217
-1.3843670883058157,-0.44950214122866683,-0.42569725587293716
-1.3843670883058157,-1.3602896597518468,-1.3313731705620284
-1.3843670883058157,-1.2077647130684448,-1.2188266593526327
0.722351758032472,0.3625185831220326,0.3380564700435901
-1.3843670883058157,-0.6988707649073994,-0.6429165620744768
0.722351758032472,0.5132089324016713,0.5419758881722412
-1.3843670883058157,-1.0259918966583823,-0.9950307344030619
0.722351758032472,0.9343490260991348,0.9090229910815699
0.722351758032472,0.8368003447888219,0.7605908954137085
0.722351758032472,0.6000201058297574,0.6179433076473716
0.722351758032472,1.073457189089321,1.027061149646277
0.722351758032472,0.9048569395328001,0.8762882837290961
-1.3843670883058157,-0.5918468459514489,-0.5315678736246671
0.722351758032472,0.7674346325975689,0.7688934235588787
-1.3843670883058157,-0.9197993181664439,-0.869192666944832
-1.3843670883058157,-1.2756544396977811,-1.2760594820895224
0.722351758032472,0.525935182393128,0.49373864627934927
0.722351758032472,0.4742123156564848,0.5255004495112845
-1.3843670883058157,-1.276557678357483,-1.253450274400312
0.722351758032472,1.1886806382132207,1.1570593481830578
0.722351758032472,0.2727026046683484,0.22160860130669335
-1.3843670883058157,-0.9290060195079792,-0.8829184926652817
-1.3843670883058157,-1.5819165812621638,-1.5664776582236446
0.722351758032472,0.6504703365036901,0.6481117155345376
-1.3843670883058157,-0.8790791454235313,-0.8023866738313234
0.722351758032472,0.7159776499146651,0.6567767809065136
0.722351758032472,0.3646077720069991,0.3608662140800687
0.722351758032472,0.21273330103906407,0.27505844640016586
0.722351758032472,-0.3052167462214809,-0.2749845709270742
0.722351758032472,-0.3724099497028658,-0.3934667310686717
0.722351758032472,0.5723288988263168,0.514437285964959
-1.3843670883058157,-1.396874000660872,-1.4411357189071148
0.722351758032472,-0.5540891480583086,-0.5454426088543258
0.722351758032472,-0.5261037924108007,-0.5158635521300308
-1.3843670883058157,-1.3895243756137337,-1.409678144033633
0.722351758032472,0.7124146521200195,0.7642137488503431
0.722351758032472,0.35034580320625963,0.3582896483738628
-1.3843670883058157,-1.4794152391474473,-1.4692436935437
0.722351758032472,0.8065924249699811,0.7976040422254685
0.722351758032472,0.7964096592814436,0.7739585616127962
0.722351758032472,0.27645379493567146,0.30427246590866386
0.722351758032472,0.6106680898184539,0.5481000996886984
0.722351758032472,0.47087280384327046,0.5054253567886573
0.722351758032472,-0.4662295099315557,-0.43585751179934296
-1.3843670883058157,-1.3599588203758943,-1.3093720956003319
0.722351758032472,0.5694535289755441,0.5619919490145203
0.722351758032472,0.5466883553270552,0.5841499579083702
-1.3843670883058157,-1.0523794586027961,-1.0429371796155813
-1.3843670883058157,-1.0109494241462746,-0.9471419292245837
-1.3843670883058157,-1.391809199888595,-1.4202785726005176
-1.3843670883058157,-1.4651496842272524,-1.455405549754393
0.722351758032472,0.10098490081464762,0.11939055169270052
0.722351758032472,0.521342917243857,0.47093926742351366
0.722351758032472,0.7134361113785668,0.6750436369384347
-1.3843670883058157,-0.7784340840020698,-0.78575893007314
0.722351758032472,1.0696146675876665,1.0417518607713885
0.722351758032472,0.38248377197614414,0.3526483437920197
0.722351758032472,0.4778086557835731,0.4657368524718354
0.722351758032472,0.48896189052575023,0.5525254328309046
0.722351758032472,0.756132922280612,0.7532325487912437
-1.3843670883058157,-1.2885391038974001,-1.3338645114321799
0.722351758032472,0.7787912468786353,0.7652009392291342
-1.3843670883058157,-0.8016381834667833,-0.7113892858110933
-1.3843670883058157,-0.9380297364657515,-0.9449762348828681
0.722351758032472,1.514504661551391,1.4889169308502086
0.722351758032472,0.5717275668987513,0.654087669903197
0.722351758032472,0.3271726575819689,0.4209508475387358
0.722351758032472,0.708434668435991,0.629822668335837
0.722351758032472,0.684699282569845,0.6245239947741312
0.722351758032472,1.4511266778981988,1.4555589489516174
0.722351758032472,0.7339608383823106,0.7212049697275658
0.722351758032472,1.3580486479716343,1.3311737843198506
-1.3843670883058157,-1.181091268929301,-1.17501858895494
-1.3843670883058157,-0.6976230397513863,-0.6182774916958145
0.722351758032472,0.5943216566263987,0.5877867541749104
0.722351758032472,-0.3424655775573504,-0.3248198030768274
0.722351758032472,1.0611243285604883,1.0578628374540702
0.722351758032472,1.1267755434625966,1.1032023367479287
-1.3843670883058157,-1.267454509502223,-1.2921739066424072
0.722351758032472,-0.3499935646367436,-0.363392859324833
0.722351758032472,-0.32072480294805766,-0.3068611781658707
0.722351758032472,0.23039518351331767,0.31875279043381743
0.722351758032472,-0.3384254367932682,-0.3541028716781427
0.722351758032472,1.3604895155663255,1.3384223494932836
0.722351758032472,0.5116876552101132,0.5695621475641132
-1.3843670883058157,-1.0069193098362357,-1.0422971893143944
-1.3843670883058157,-1.7309687277575738,-1.6682688373356924
-1.3843670883058157,-1.3945309508975654,-1.3383819846231908
-1.3843670883058157,-0.9351189181276703,-0.9886837921337241
0.722351758032472,0.5969135633456902,0.6233256543930498
0.722351758032472,0.7070992674948113,0.6500787370634449
0.722351758032472,0.6133094939037438,0.6015478117818508
0.722351758032472,1.0467707099442007,1.0247449691574158
0.722351758032472,1.0234894702532906,1.0364994068792721
-1.3843670883058157,-1.5114075570702603,-1.5078961550878602
0.722351758032472,0.7891707290120407,0.7848630464582832
0.722351758032472,0.45674883128228205,0.5001318585922425
0.722351758032472,0.5911339827803653,0.6624084171016308
0.722351758032472,0.1447150636267555,0.10454319867103523
-1.3843670883058157,-1.092021037477072,-1.1210719623979417
-1.3843670883058157,-0.7437642081634028,-0.7317282810904698
-1.3843670883058157,-1.380200949567529,-1.3532155003068282
0.722351758032472,0.4751326090911653,0.5675943597575815
-1.3843670883058157,-1.394531273979662,-1.3686890161048433
0.722351758032472,0.5155523243022202,0.5254416310023984
0.722351758032472,1.28458057069131,1.2734837409875293
-1.3843670883058157,-1.1623022526267992,-1.1522115326555797
0.722351758032472,1.2307916251814657,1.243864668848487
0.722351758032472,1.0782832829416413,1.0882821849776816
0.722351758032472,0.6298104857289729,0.5645397313423915
-1.3843670883058157,-0.9895819252338891,-0.93006599699835
0.722351758032472,-0.6093927774960247,-0.591886462646374
0.722351758032472,-0.15476607990429153,-0.11463896263607926
-1.3843670883058157,-0.7078239403204452,-0.7407979571135567
0.722351758032472,1.2426628141016876,1.2491442684309422
-1.3843670883058157,-1.2034476463492692,-1.1554255364227528
0.722351758032472,0.6410775879199025,0.6835223894701702
-1.3843670883058157,-0.8144489482455526,-0.8147705535102032
-1.3843670883058157,-1.2519541928871079,-1.1794719449802018
0.722351758032472,0.3896334515631691,0.3690361004657182
0.722351758032472,0.47399371843828025,0.42622493603944084
-1.3843670883058157,-1.4242393708536225,-1.4556110678306329
0.722351758032472,1.3102184641004886,1.2656012378565817
0.722351758032472,0.8299339872510914,0.8545283073641625
0.722351758032472,0.5666487411305873,0.5404276742394399
-1.3843670883058157,-0.7091748416728246,-0.6477180174686694
-1.3843670883058157,-0.8854593884217294,-0.84850772823751
0.722351758032472,0.4904936274779026,0.45035946247090575
0.722351758032472,1.0750359957030873,1.0422957721173214
0.722351758032472,0.4430323889625961,0.4331035094781658
0.722351758032472,0.3097500511696669,0.2823717242821312
0.722351758032472,0.5561229427572784,0.5034453314524965
-1.3843670883058157,-1.36921365960716,-1.299281537616431
0.722351758032472,-0.44913887943478065,-0.4157323886255805
0.722351758032472,0.32650875743830865,0.2965738877435654
-1.3843670883058157,-1.1353795019059125,-1.1423947741969689
0.722351758032472,-0.12279270669194642,-0.14301335102355556
0.722351758032472,-0.280363228656427,-0.23534383791528335
-1.3843670883058157,-1.1682381761997411,-1.0933530400049885
0.722351758032472,0.10826240016923516,0.13465100949728814
0.722351758032472,0.4472436061385964,0.40125752476929
0.722351758032472,1.3765084105159877,1.3664032991578805
0.722351758032472,0.14625545935526552,0.12998792013678412
-1.3843670883058157,-1.2118380612611497,-1.256555313331763
0.722351758032472,0.4136864634027032,0.3734504538597065
0.722351758032472,1.046413242717426,1.0360108609756637
-1.3843670883058157,-1.1941010484970278,-1.1763004413174931
0.722351758032472,0.6026477313288097,0.6654207904640896
-1.3843670883058157,-1.2862757635179256,-1.3235942105262555
0.722351758032472,0.5196106122372368,0.436832844606284
-1.3843670883058157,-1.0788462026554775,-1.019456483593585
0.722351758032472,0.7369686646482395,0.6211112399227682
0.722351758032472,0.5389110877870109,0.5679257415489474
-1.3843670883058157,-1.0635688632204947,-0.9518770358762179
0.722351758032472,0.37601924849185275,0.3770074711774958
-1.3843670883058157,-1.3278293469484361,-1.2548545537534317
0.722351758032472,1.2167989371875199,1.183783020328046
-1.3843670883058157,-1.3296735843482888,-1.357415904799027
-1.3843670883058157,-1.1558221726510272,-1.160661636316601
0.722351758032472,0.6178733794210622,0.688259045988556
0.722351758032472,1.0471401657228334,0.9218636560097491
-1.3843670883058157,-0.6184392125749041,-0.5608946654745067
-1.3843670883058157,-1.0106796233149522,-0.9654919246862352
0.722351758032472,0.4802401171290699,0.4175085899975657
0.722351758032472,0.7309580390000228,0.7742894172022282
-1.3843670883058157,-0.6439984582410576,-0.6007273765609904
0.722351758032472,-0.5278162055690933,-0.5085823415409667
0.722351758032472,0.6343096404880902,0.6193462246027378
-1.3843670883058157,-0.7143755083690256,-0.6811415807816809
0.722351758032472,0.4808837414399663,0.4536056923479966
0.722351758032472,0.7960782219720074,0.7748242360119234
-1.3843670883058157,-1.4515478039080119,-1.4265889787047001
0.722351758032472,0.5118351065778923,0.5022481654170101
-1.3843670883058157,-1.647812901814017,-1.5985609889471935
0.722351758032472,0.46688761124394446,0.47653047785513253
0.722351758032472,0.4395124835180721,0.40601531543323593
0.722351758032472,0.31496965194414067,0.2634079125715948
0.722351758032472,0.4811158101726346,0.4413915032338648
-1.3843670883058157,-1.1133850209871559,-1.1281975993532485
0.722351758032472,1.346892917871519,1.2981475294097728
0.722351758032472,0.5152027372117736,0.6027945603982569
-1.3843670883058157,-1.3439455437351522,-1.3463378561289032
0.722351758032472,0.6213043075599766,0.6345379281882031
-1.3843670883058157,-1.1347531998494138,-1.1255381934598618
0.722351758032472,0.614886154412916,0.6647144557399406
0.722351758032472,0.31185347480625125,0.30835468523834875
0.722351758032472,0.72470414220169,0.6322719763250482
0.722351758032472,1.2412721016336912,1.2212060165747216
0.722351758032472,1.1231070789741713,1.0847385587380054
-1.3843670883058157,-0.8692423230251946,-0.8291252641867121
0.722351758032472,1.4211606583566672,1.372388799758003
0.722351758032472,1.196975596676121,1.1822112955948598
0.722351758032472,0.4946639851263082,0.5187154027202199
0.722351758032472,0.5509547501926394,0.6178088922325821
0.722351758032472,-0.5410637449468902,-0.5299827541635173
0.722351758032472,0.6780349249471059,0.6760178646153288
-1.3843670883058157,-1.3604645505458353,-1.3629140170303378
-1.3843670883058157,-1.4336147436929136,-1.4684893117274949
0.722351758032472,0.8228413870672655,0.827426503872821
0.722351758032472,-0.5378415311428019,-0.5022156464606194
0.722351758032472,-0.16753174014909172,-0.20720540192791004
0.722351758032472,1.2910422062598834,1.271456976580213
0.722351758032472,0.41789069004243196,0.47681902611703464
-1.3843670883058157,-1.516231942041713,-1.484809522314255
0.722351758032472,0.6830615963193051,0.6723201448937376
-1.3843670883058157,-0.7204367890916726,-0.7010984076961967
0.722351758032472,0.39417650322769493,0.3809996933530555
-1.3843670883058157,-1.3316824274107044,-1.293450559452279
-1.3843670883058157,-1.1384560426739918,-1.2140246733355864
0.722351758032472,0.4176978576774554,0.39254110471763876
0.722351758032472,0.6248946931200832,0.6741969389571212
-1.3843670883058157,-1.1132884730144323,-1.067694118176933
0.722351758032472,-0.398218761092029,-0.3827751358989455
-1.3843670883058157,-1.2615086482280748,-1.2086261437582693
0.722351758032472,0.5593511165303319,0.49647012553770586
0.722351758032472,0.6414461755215586,0.568568152947011
0.722351758032472,1.2587379398541172,1.257572758680785
0.722351758032472,0.7567422606619327,0.7077396405358392
-1.3843670883058157,-1.3574276534235543,-1.3047355439475838
0.722351758032472,0.5133578846864276,0.517199119524197
-1.3843670883058157,-1.4024886147524793,-1.4192536975112042
-1.3843670883058157,-0.7565887201078163,-0.764922907625276
0.722351758032472,0.05942822644456636,0.03947681600474695
-1.3843670883058157,-1.1857316580674244,-1.1812897746396893
0.722351758032472,0.9225421012727919,0.9159538265615013
0.722351758032472,0.8158765525273526,0.7908232867164362
0.722351758032472,0.4619537577362568,0.486589315883329
0.722351758032472,-0.45123743095352886,-0.4124362064936209
0.722351758032472,0.5674011011050013,0.49850762159767387
0.722351758032472,1.0970939275652418,1.05400750796225
0.722351758032472,1.2819313462340296,1.2433390699056177
0.722351758032472,0.32591457981370653,0.3071135803574031
0.722351758032472,0.07182797097648919,0.07045409112084117
0.722351758032472,0.6130190332437583,0.6641680409389561
0.722351758032472,-0.46398731943323235,-0.4474837415378202
0.722351758032472,0.6772687442139231,0.6222513037760978
0.722351758032472,0.5212449566074729,0.4891555393572246
0.722351758032472,1.1640354363817442,1.1095986674607656
0.722351758032472,-0.4163641887342659,-0.40369479500922667
0.722351758032472,0.7297622019697824,0.7004802661253126
0.722351758032472,1.1375662025841276,1.1355764764144385
0.722351758032472,0.5201112743091891,0.5244090483508503
-1.3843670883058157,-0.8987403445661459,-0.8342889806530811
0.722351758032472,0.9666560026909214,0.9245213404376521
0.722351758032472,0.35014289412809707,0.31295287707957337
0.722351758032472,0.5115897708637522,0.44487303343502393
0.722351758032472,0.6614023240476621,0.6513263378655698
0.722351758032472,0.32303913413501795,0.27215782449105097
0.722351758032472,0.6186949905834243,0.618568925151647
0.722351758032472,0.2800656863930677,0.3333398425152462
0.722351758032472,0.17281467486366775,0.13593150250288882
0.722351758032472,0.13402402502349375,0.13875419279288093
0.722351758032472,0.60504997828764,0.60261929153871
0.722351758032472,0.7208671641805986,0.7411020217858524
0.722351758032472,0.3904516251191468,0.40455217592152903
-1.3843670883058157,-1.4008707123902693,-1.4005213569244659
-1.3843670883058157,-0.9865506317330963,-0.9193879966413703
-1.3843670883058157,-1.2620833213223421,-1.1779990641159532
-1.3843670883058157,-1.3308669856489446,-1.2913144608599478
0.722351758032472,1.2756319309619872,1.2246870457241632
0.722351758032472,0.6591390462971137,0.6904306655952165
0.722351758032472,1.0108783559569283,0.9312636308100306
-1.3843670883058157,-1.1460040065942434,-1.1777587453709983
0.722351758032472,1.1800293554314956,1.1953559703918004
-1.3843670883058157,-0.927267297157619,-0.871135908078138
0.722351758032472,0.2680669427198827,0.2629864804517899
0.722351758032472,0.4518005688103969,0.42802209328040475
0.722351758032472,-0.5482609642492734,-0.522122672309462
0.722351758032472,-0.47303040422204207,-0.4425103340739682
0.722351758032472,0.6298015286821481,0.657458667454867
0.722351758032472,1.3832146801557594,1.3859252897833998
0.722351758032472,0.6582322364146879,0.6932474745824074
-1.3843670883058157,-0.9320438197129104,-0.9393464295162566
-1.3843670883058157,-1.4561102495386582,-1.4482737581732104
0.722351758032472,0.6343439110159913,0.596697036524547
0.722351758032472,0.8158635698101289,0.8117756657180698
0.722351758032472,1.5018389555139215,1.4535864555764881
0.722351758032472,0.34874008494808545,0.35228267320785533
0.722351758032472,0.3912360932917559,0.3757486902488032
-1.3843670883058157,-0.5822640766076592,-0.533927316777092
-1.3843670883058157,-1.2138357277638399,-1.2856084270399393
-1.3843670883058157,-1.400812104533503,-1.3471986313134603
-1.3843670883058157,-0.7213712304665559,-0.6169795521017699
-1.3843670883058157,-1.4202502332543756,-1.356586931061244
0.722351758032472,1.1031131728730945,1.0783126663741947
0.722351758032472,1.393507563544458,1.3809591571321693
-1.3843670883058157,-1.1135323070876757,-1.0685014888957998
-1.3843670883058157,-0.6225795985997901,-0.5554921957860322
-1.3843670883058157,-0.7227879329964951,-0.704431916035118
0.722351758032472,0.8438025034140993,0.8095227660459212
-1.3843670883058157,-0.5170686815691027,-0.4825903177647215
0.722351758032472,0.5967426237486482,0.529996096080747
0.722351758032472,0.607233528808103,0.5849609546990143
0.722351758032472,0.4494505857143032,0.4291592822317789
-1.3843670883058157,-1.1725309964047652,-1.12422776781166
-1.3843670883058157,-1.4212066205346754,-1.3706015396745495
0.722351758032472,0.85041546358756,0.8274190580458536
-1.3843670883058157,-1.2234831747054138,-1.1704996675312052
0.722351758032472,0.5143453007842186,0.48920650080332007
-1.3843670883058157,-0.9744141958393466,-0.9375783853882605
0.722351758032472,1.1501683546060795,1.1173761836621592
0.722351758032472,0.29474199083316277,0.31129517787496574
-1.3843670883058157,-0.9376133394621681,-0.9103878629302128
0.722351758032472,0.3632762537708066,0.3597364281831086
0.722351758032472,1.2158585154226365,1.2296101652428342
-1.3843670883058157,-1.0702589649772014,-1.0007771702746497
0.722351758032472,0.10943233609284087,0.054352632769178344
0.722351758032472,0.5562234628751638,0.47432201699725185
-1.3843670883058157,-1.2154953426991069,-1.2715122031386952
0.722351758032472,0.6386167821132327,0.5949316146958332
-1.3843670883058157,-1.4074568223923472,-1.444697782485894
0.722351758032472,0.8507010471576988,0.8426248174349903
0.722351758032472,1.4300238527900828,1.3926115397585368
-1.3843670883058157,0.1962440486474673,0.10793272826259392
-1.3843670883058157,-1.0078664424005659,-0.9537442509514583
0.722351758032472,0.9227464674931973,0.8947787628765982
-1.3843670883058157,-1.0177329679214562,-0.9620644615194527
0.722351758032472,-0.01237658998301594,-0.046497132884725345
0.722351758032472,0.852176978650937,0.7981634972963846
0.722351758032472,0.6135939847516446,0.6522874807021619
-1.3843670883058157,-1.0148303230600935,-0.9487434880403868
0.722351758032472,-0.6203519989522003,-0.6076901448879118
0.722351758032472,1.0205323800479822,0.9674743650906152
0.722351758032472,0.5492000159110213,0.524744474736764
0.722351758032472,0.2184914254791387,0.1523373981297469
0.722351758032472,-0.6999679638223809,-0.642094919865546
0.722351758032472,0.5528583213109292,0.5889569345356366
0.722351758032472,1.4312887135297157,1.4024933958098693
-1.3843670883058157,-1.0246432543010746,-1.0136431060103723
0.722351758032472,0.646816446735835,0.6958583696725508
0.722351758032472,0.5540452748326679,0.47662863229271213
0.722351758032472,-0.12774989969190548,-0.06906062251936196
0.722351758032472,0.6262445284672946,0.5541084047672584
0.722351758032472,0.21368665147236687,0.22257048489044728
0.722351758032472,1.2195519693397792,1.1968064808999512
0.722351758032472,0.1945913089118737,0.16712430541929313
0.722351758032472,0.669080810691234,0.7018039560761411
-1.3843670883058157,-1.2804191674027998,-1.2481966839199803
0.722351758032472,1.32669726138636,1.2749248222619793
0.722351758032472,0.9066653715109687,0.8952654646759841
0.722351758032472,0.3712303402492029,0.33787400358653485
0.722351758032472,1.2392905972234152,1.2546427999592928
0.722351758032472,0.6375301592242727,0.6081720606632639
0.722351758032472,0.45681650680129504,0.3893969626246921
0.722351758032472,0.5458764506701054,0.5008826094010083
0.722351758032472,0.8784657795145379,0.8061742152112352
-1.3843670883058157,-1.2945849377844194,-1.2214603456839728
0.722351758032472,1.0657103612104386,1.0342991851593775
0.722351758032472,0.48744508465438896,0.418335311830785
-1.3843670883058157,-0.5691690988346942,-0.5164290773145445
0.722351758032472,0.364138126039788,0.3776906680637271
0.722351758032472,0.5635540868968795,0.5104547440892773
-1.3843670883058157,-1.3350067211502288,-1.2518195452766814
0.722351758032472,0.14169567128106253,0.10645831224848307
0.722351758032472,0.3022337954004326,0.20082124503638282
0.722351758032472,0.3110760140695581,0.28706116001216564
0.722351758032472,0.41465714168701606,0.39121123365736754
-1.3843670883058157,-1.0847340004491923,-1.1165636534262273
0.722351758032472,-0.3135770471281996,-0.3195698805074579
-1.3843670883058157,-1.5320603057807822,-1.4881850742925007
0.722351758032472,0.5138088584190795,0.48639651605343137
-1.3843670883058157,-1.0972033126758505,-1.096174504743859
0.722351758032472,0.7532211321119807,0.7244689932296488
0.722351758032472,0.8505100612507814,0.8183135129248358
-1.3843670883058157,-1.0616580940541,-1.0844960520334563
0.722351758032472,0.4374410276130779,0.3927608456743019
-1.3843670883058157,-1.3793162258759,-1.4008236909171163
0.722351758032472,-0.36987230954509637,-0.41250612192352965
0.722351758032472,1.0885027884518297,1.0524425945141775
0.722351758032472,0.6419708457459362,0.7239838809393802
0.722351758032472,0.33102288820062276,0.3055302634614905
-1.3843670883058157,-0.5363682365434019,-0.46521509580810017
0.722351758032472,0.4483885415843709,0.41590943790516083
0.722351758032472,0.5016169296018926,0.5330859019387213
0.722351758032472,0.4066099018701627,0.40614598444616984
-1.3843670883058157,-0.8598002730596318,-0.7519821763540979
-1.3843670883058157,-0.9805214914654212,-1.008015432306612
-1.3843670883058157,-1.3346095733565397,-1.3104891380546633
0.722351758032472,0.7463631076996939,0.7525910921635589
0.722351758032472,0.624459153205224,0.609868445871653
-1.3843670883058157,-1.5130774268058467,-1.4548753923593778
-1.3843670883058157,-0.8313907707398289,-0.8311326422482155
0.722351758032472,1.3564236887540764,1.3567255919494232
-1.3843670883058157,-0.5436802977649696,-0.4658975403779164
-1.3843670883058157,-1.1309952867770978,-1.0980235817407462
-1.3843670883058157,-1.2410152970799406,-1.2028373004625257
0.722351758032472,0.2999782264967814,0.2451982407944786
0.722351758032472,1.0173541566756825,0.9277107260243466
0.722351758032472,0.5040590201880455,0.5089523171684194
0.722351758032472,0.5583389347640736,0.5512947651907424
-1.3843670883058157,-0.8740174400622837,-0.8815680367801965
-1.3843670883058157,-0.9831285127676294,-0.9127069140183155
-1.3843670883058157,-0.874042659934765,-0.8097354782494905
0.722351758032472,0.7316220624139997,0.6636990723014223
0.722351758032472,0.4954458533195848,0.44159207407289425
0.722351758032472,0.6276626614755542,0.6253770529505439
0.722351758032472,0.6280150781226477,0.5610827509304532
0.722351758032472,0.35808730727068455,0.33919157061868765
0.722351758032472,0.44842732519426276,0.4643776805799681
-1.3843670883058157,-1.2611319425141774,-1.2115337510879045
-1.3843670883058157,-0.8768432642701611,-0.821104251576254
0.722351758032472,0.5714105884859112,0.5868711680062931
0.722351758032472,0.2860165744672674,0.24551150222689758
0.722351758032472,0.5739814539068131,0.5362484776539402
0.722351758032472,0.053976217852706565,0.07788430099805654
-1.3843670883058157,-1.3474935847541218,-1.3444253429278017
-1.3843670883058157,-0.9230250760724,-0.9036208641710946
0.722351758032472,0.7055579177813083,0.6935181415553834
0.722351758032472,-0.48368044462309356,-0.4824044090197083
-1.3843670883058157,-0.9612588432136996,-0.9200125965083017
-1.3843670883058157,-1.4288876481887525,-1.4365314024925389
-1.3843670883058157,-1.6080803136970327,-1.561349681377409
-1.3843670883058157,-1.3774083416691356,-1.3796406589300307
0.722351758032472,0.5753908902469649,0.5530338213440725
-1.3843670883058157,-0.8575626800834727,-0.8065831875574374
-1.3843670883058157,-1.081587618633532,-0.990770437112227
0.722351758032472,0.34394612474138253,0.3511984612529267
0.722351758032472,1.1089502462246268,1.094383017508223
-1.3843670883058157,-1.133908474071014,-1.055997802536171
0.722351758032472,0.4778093717171049,0.4313350702936173
0.722351758032472,0.8073854628865079,0.783087161873314
0.722351758032472,0.6503614043875643,0.6666733543602497
0.722351758032472,0.6650311560245196,0.6307671830573836
-1.3843670883058157,-1.6628890505020004,-1.6017865821904818
0.722351758032472,0.49011698621278943,0.4623192418441314
0.722351758032472,0.3158801283207444,0.3104944224932711
0.722351758032472,0.5575229898820058,0.6270661107533643
0.722351758032472,-0.44995353913515534,-0.4703425875195664
0.722351758032472,0.8916858107783088,0.8724488972438361
0.722351758032472,0.551057506744983,0.6016607405378533
-1.3843670883058157,-1.2305528702767696,-1.2603513338336858
0.722351758032472,0.5767538806564322,0.5384576368389281
-1.3843670883058157,-1.184051657602839,-1.2112849084871815
0.722351758032472,0.6552864212183692,0.588994815156349
-1.3843670883058157,-1.3339098524596278,-1.2607332029672258
0.722351758032472,-0.40713714604222667,-0.3920085961516315
0.722351758032472,1.0030935118981437,0.9709489648339206
-1.3843670883058157,-0.8087017486954531,-0.7704139968459419
0.722351758032472,0.559385059687073,0.6142784424135947
-1.3843670883058157,-1.3933257005985897,-1.369479166051881
-1.3843670883058157,-1.0623823528423832,-1.005971174979189
0.722351758032472,0.7301130156733739,0.7152164935290252
0.722351758032472,0.5196927466926016,0.5883984463749162
0.722351758032472,-0.7763411240094967,-0.7455256166148567
0.722351758032472,0.7814947537046294,0.7431459172948685
0.722351758032472,0.8973294952661235,0.8731514342647224
0.722351758032472,0.7107126999685971,0.6834094493110694
0.722351758032472,-0.46881666418408663,-0.46204157508635585
-1.3843670883058157,-1.3537437250114193,-1.319910923925282
0.722351758032472,1.4443803611305766,1.4376159831003077
0.722351758032472,1.1448667626109676,1.0994566452123717
0.722351758032472,0.5884316365722064,0.5123650357151273
-1.3843670883058157,-1.3153258430768422,-1.3352874940668116
0.722351758032472,0.5422320871413597,0.48819962731079714
0.722351758032472,0.5318559904656519,0.5170036226322084
0.722351758032472,0.7700657094724432,0.7480704269840697
-1.3843670883058157,-1.2052372848596133,-1.1919185667321965
-1.3843670883058157,-1.3534554638522662,-1.3520340004161642
0.722351758032472,1.2534538543425828,1.2277689233522733
0.722351758032472,0.7084881014240174,0.7061128321322491
0.722351758032472,0.5405660712987214,0.5094256873460679
0.722351758032472,0.5210551865891712,0.5557363425759825
0.722351758032472,0.5070369113870368,0.4582678572262582
0.722351758032472,0.30762852684846875,0.29709908517586064
0.722351758032472,1.204868594994809,1.2208479985143152
0.722351758032472,0.3678292619667446,0.36285609410998865
-1.3843670883058157,-1.2316819416485236,-1.1637590934887214
-1.3843670883058157,-1.347106583130282,-1.3825199402580792
0.722351758032472,-0.3565715517689687,-0.34307106218709177
0.722351758032472,-0.42956358444937526,-0.41699780775173
0.722351758032472,-0.5028194821834315,-0.4887416375645037
0.722351758032472,1.230224981486614,1.1844632984721546
0.722351758032472,-0.4297934374372008,-0.4543038294972048
-1.3843670883058157,-0.8786402576296987,-0.8246362077926377
-1.3843670883058157,-0.8849839729195883,-0.8366021414536527
0.722351758032472,0.522474086254039,0.5085491358497378
-1.3843670883058157,-0.86281983977766,-0.8205187489584223
-1.3843670883058157,-1.1677562630233767,-1.1246470419112153
0.722351758032472,1.1561158953802604,1.127297778447857
0.722351758032472,0.39341487223196003,0.35639346214173295
0.722351758032472,0.43072661180500427,0.36433027918340677
0.722351758032472,0.38583760022110225,0.4160563060932433
0.722351758032472,0.24940965423614256,0.24440524547246628
0.722351758032472,0.27539853370402156,0.27018868008534436
0.722351758032472,-0.20026361497815354,-0.133225982903881
0.722351758032472,0.6290711081585452,0.5884220746820649
0.722351758032472,0.3164006627002577,0.29897926944977565
0.722351758032472,1.0836521256880323,1.0810135852445417
0.722351758032472,1.2475893415315809,1.2340680218660918
0.722351758032472,1.2304411146566963,1.2198797476135645
-1.3843670883058157,-1.0783368146033931,-1.0982108190829065
0.722351758032472,0.42200020245689557,0.36026452543309395
-1.3843670883058157,-1.0633785365351152,-1.0293020198003424
0.722351758032472,0.7193503009678887,0.6927920504253743
0.722351758032472,0.5323665995977038,0.4878988699005947
0.722351758032472,0.8702421534503739,0.853741845169179
-1.3843670883058157,-1.1116013160717986,-1.0115088234312406
-1.3843670883058157,-0.4929912466280538,-0.4210450560589678
0.722351758032472,0.48764436651806664,0.5586775008612412
0.722351758032472,0.5782354322179917,0.440469002526426
0.722351758032472,0.7713702605286261,0.7467315336888317
0.722351758032472,0.38563172079806773,0.3559981174540446
0.722351758032472,0.7213542067192684,0.7143133219029802
-1.3843670883058157,-1.5037037183401436,-1.5160311585155135
0.722351758032472,0.40613578723623234,0.3781459497852555
-1.3843670883058157,-2.2706076651954703,-2.1118034410552573
0.722351758032472,0.595388020032721,0.5796298714225547
0.722351758032472,0.3730022583934379,0.37730581390123924
-1.3843670883058157,-0.8875616901967072,-0.8596785729840823
-1.3843670883058157,-1.1675878093424037,-1.0721730870571105
0.722351758032472,0.6426972382397863,0.5926277849531008
-1.3843670883058157,-1.2009781578412357,-1.281093023552928
0.722351758032472,0.490281951457349,0.46162535838544405
0.722351758032472,-0.2776960879212176,-0.26171136694501557
-1.3843670883058157,-1.0532583358724807,-1.080597488513486
-1.3843670883058157,-1.15501610937086,-1.1444703652616814
-1.3843670883058157,-1.033089995796071,-0.9702710701629347
0.722351758032472,0.7328772381412705,0.7578614423313901
0.722351758032472,-0.4148519440865832,-0.3856229096407843
0.722351758032472,0.5763017660345257,0.5888352884000155
-1.3843670883058157,-0.6318271643023853,-0.5780144724093222
-1.3843670883058157,-1.0030937791173713,-0.925997989395533
0.722351758032472,0.6797633913731865,0.6074068213227821
-1.3843670883058157,-1.238054158196056,-1.21111635208918
0.722351758032472,0.40584985155488884,0.37894080676513275
-1.3843670883058157,-1.3586034411407168,-1.3756094856793577
0.722351758032472,0.36919662486926197,0.43741230539805975
0.722351758032472,0.2566142239190323,0.2789019821872105
0.722351758032472,0.28501974768388516,0.2829747024794803
-1.3843670883058157,-0.9052507492016347,-0.8234702546207294
-1.3843670883058157,-1.2835871987410294,-1.2212659014745475
0.722351758032472,1.393888002610435,1.3682997927018792
0.722351758032472,1.4427444960414773,1.3924925387492912
0.722351758032472,1.2235246872978673,1.1989412650607527
0.722351758032472,0.6310380422531874,0.6368922214754725
0.722351758032472,0.5875158283143612,0.5388334746561784
-1.3843670883058157,-0.7871635605978855,-0.7748790789363561
-1.3843670883058157,-0.7854326925030783,-0.7638121484013085
0.722351758032472,-0.366922666428547,-0.367342398708596
-1.3843670883058157,-1.4560400260973718,-1.4362824898448514
0.722351758032472,0.7251468175243502,0.725881853206821
0.722351758032472,0.5799136303842864,0.5661476423950091
0.722351758032472,0.7196443283738092,0.7476731219349196
0.722351758032472,0.7194841250040502,0.717499882769028
-1.3843670883058157,-1.2216261406369302,-1.2005506434855013
0.722351758032472,1.5856944255975676,1.5448798938004602
-1.3843670883058157,-1.2000016272067051,-1.0634029205477296
0.722351758032472,1.3871782720599655,1.3190086980200877
-1.3843670883058157,-1.0415527495170238,-1.016514415073361
-1.3843670883058157,-1.244822613690616,-1.2565517381552245
0.722351758032472,0.4655222658510173,0.43614900116736155
0.722351758032472,0.345588866158028,0.3399953484615337
0.722351758032472,0.4717428884352123,0.5563801413845628
0.722351758032472,-0.2029727242008711,-0.22333205009118606
-1.3843670883058157,-1.3680630961064644,-1.3421426713676359
0.722351758032472,0.5490329430407699,0.5320478280957084
0.722351758032472,0.19141702190280774,0.21924543940559937
0.722351758032472,-0.572353637347456,-0.5872238417886942
0.722351758032472,0.5180155514057869,0.5782052136051438
-1.3843670883058157,-1.5396991881262139,-1.5306343221906695
0.722351758032472,0.33235556282419293,0.31006114939909174
0.722351758032472,0.5564896727833163,0.5768869193812146
0.722351758032472,-0.857543762132926,-0.8321594309767228
-1.3843670883058157,-1.5312959394411476,-1.4815819632656362
0.722351758032472,1.224059150609022,1.2297441874523556
0.722351758032472,-0.18787911032753946,-0.16590806837483496
0.722351758032472,0.47188814338801793,0.4153784215503701
0.722351758032472,0.31437398505402214,0.37173658486454086
-1.3843670883058157,-1.0390104630465,-0.9803020729530967
0.722351758032472,0.4455939625794722,0.3886781410652025
-1.3843670883058157,-1.3468625848438402,-1.3824639307079518
0.722351758032472,0.6312729485870917,0.6752669392541176
-1.3843670883058157,-1.4909211653452372,-1.4825054241562055
-1.3843670883058157,-1.0931517081472588,-1.136760352920978
0.722351758032472,0.8145940904949054,0.7696025548765535
0.722351758032472,-0.10301293627549246,-0.07300261671621683
0.722351758032472,0.21597943482433468,0.27718527931988657
0.722351758032472,1.507691203096679,1.436683611607938
0.722351758032472,0.8452606925575394,0.8303139629750445
0.722351758032472,0.5856001304706455,0.5951213378514502
0.722351758032472,1.007974984864698,0.9628410373488641
0.722351758032472,1.3918428836536996,1.3550810304071914
0.722351758032472,0.9143634367096961,0.866208003742223
0.722351758032472,0.570587344452829,0.5093633183426274
0.722351758032472,0.5189456295978002,0.5328587570793276
0.722351758032472,1.0627734094699357,1.021021098805973
0.722351758032472,1.3251381934624349,1.3125344305592197
0.722351758032472,-0.32632547687380087,-0.2848560692911876
0.722351758032472,0.42289731822062976,0.39628529729372464
0.722351758032472,1.2364486960118377,1.24012471939033
0.722351758032472,0.5124650917845888,0.4484384374814219
0.722351758032472,0.7940754042112335,0.729633604527596
-1.3843670883058157,-1.265578327027863,-1.3079044871756857
0.722351758032472,1.1897661874084196,1.1837100342427136
0.722351758032472,0.5332193981201225,0.47251319850935036
0.722351758032472,1.5666073772248303,1.542256376358016
-1.3843670883058157,-1.3963407562607404,-1.3248825329042422
0.722351758032472,1.3417223110867413,1.2854377564933028
0.722351758032472,0.8714269463202482,0.802952988412686
0.722351758032472,0.6282448844797661,0.6102672883585566
0.722351758032472,0.7703896331049203,0.7531751909073016
0.722351758032472,1.2470728706800411,1.2456203921650761
0.722351758032472,1.3554599668468383,1.312114964901732
-1.3843670883058157,-1.2877672089753938,-1.235949237869168
0.722351758032472,0.2549985217576457,0.2505826957398819
-1.3843670883058157,-2.150413647501762,-1.9668180793891437
0.722351758032472,1.0241738653903125,0.9826940043784566
0.722351758032472,0.4825590517327217,0.530807654285014
0.722351758032472,0.6794254334298051,0.6103456514363658
-1.3843670883058157,-1.5974338609187053,-1.5850570645173574
-1.3843670883058157,-1.2654489269233948,-1.2301265265340366
-1.3843670883058157,-0.9131919420923059,-0.8227980272822584
-1.3843670883058157,-1.1686950700598744,-1.1598757999884326
0.722351758032472,1.0698907341131807,1.0628243997436488
0.722351758032472,0.5356415704810312,0.5801864521957558
-1.3843670883058157,-1.0916562703374222,-1.1348080386630055
0.722351758032472,0.5776938443463421,0.5574497621589227
-1.3843670883058157,-1.5051007743125606,-1.5334306074741515
0.722351758032472,1.138423725535591,1.0665096265908312
-1.3843670883058157,-1.071301964097185,-1.0873106461311512
0.722351758032472,-0.2897742143165307,-0.29002531232686535
0.722351758032472,0.4873837523902801,0.4986589210759963
0.722351758032472,1.3098771696993468,1.2996375968017022
0.722351758032472,0.28570916901831256,0.24049407062946337
-1.3843670883058157,-0.9535404197063714,-0.9009463220189751
0.722351758032472,1.0608983943483277,1.0095371765596077
0.722351758032472,0.7098999116300937,0.6873432116381185
0.722351758032472,0.7438558049794735,0.7397748539242319
0.722351758032472,0.36223896326970284,0.3506002800560698
0.722351758032472,0.7220320986679171,0.6837025134735535
0.722351758032472,-0.41420895020706083,-0.38922084494174347
0.722351758032472,0.4727045921127143,0.46469918443950076
0.722351758032472,1.0745086147513367,1.0101120040715406
0.722351758032472,1.2911961603569284,1.2582384038428494
0.722351758032472,0.5961844596103361,0.5248069205104187
-1.3843670883058157,-0.8488769707036985,-0.826198750246709
0.722351758032472,0.599084674964009,0.6449833785297574
0.722351758032472,0.7081533259112163,0.7335028879265757
0.722351758032472,1.3067601711323198,1.2989404935709485
0.722351758032472,-0.6072222125612652,-0.6114703424272252
0.722351758032472,0.7954951645086268,0.7917882959835281
-1.3843670883058157,-1.29841850510814,-1.354791625265383
-1.3843670883058157,-0.8849131101432357,-0.8755833424160118
0.722351758032472,0.4434311705462316,0.41592011438007537
-1.3843670883058157,-0.9426744263701449,-1.0204870174220968
0.722351758032472,0.42296031586995075,0.38585304833670575
0.722351758032472,0.32556321907572094,0.4015995736515843
0.722351758032472,0.6225194324521907,0.5992505662071937
0.722351758032472,-0.5812102701660118,-0.5090340825261646
0.722351758032472,0.3834094746358141,0.3962740232899627
-1.3843670883058157,-0.8914479453379967,-0.8879656941533195
0.722351758032472,0.4229601212526901,0.376352344823094
0.722351758032472,0.6763720259460463,0.6770973862210374
0.722351758032472,1.1643123772829502,1.1195766538346859
0.722351758032472,1.1298520714349687,1.0676764226254345
0.722351758032472,1.43958328919335,1.410045555189408
0.722351758032472,-0.22492050810963715,-0.22920943398950114
-1.3843670883058157,-1.4615568409869826,-1.4777879741768605
-1.3843670883058157,-1.211786657513552,-1.2381232086211544
0.722351758032472,1.2321335998259189,1.2295948675451176
0.722351758032472,0.6262412632325749,0.5568920893982928
0.722351758032472,0.5268472284875939,0.5526964875798662
0.722351758032472,0.039526910281771854,0.09725899685653044
0.722351758032472,0.44337742623165244,0.40968039326281014
-1.3843670883058157,-1.5691829334488374,-1.5397173922872904
-1.3843670883058157,-1.094171952144424,-1.0138933465060842
-1.3843670883058157,-1.2128396864478408,-1.1820163122884102
0.722351758032472,1.0539111977129856,0.962768982260261
0.722351758032472,0.285549764844524,0.24988783344454407
0.722351758032472,0.4576219448819727,0.4123836697052673
-1.3843670883058157,-0.43154843828817413,-0.397961567029674
0.722351758032472,0.3018207202920865,0.23277970377023816
-1.3843670883058157,-0.697647747709924,-0.6893629224382049
0.722351758032472,0.13950733892355516,0.18234880698809752
0.722351758032472,1.137896157640158,1.1176898296183375
0.722351758032472,1.2640782525209748,1.226067218322249
-1.3843670883058157,-1.2639133448361368,-1.2285694412966335
-1.3843670883058157,-1.2935171321515315,-1.247661336306598
0.722351758032472,0.7325200357346936,0.772832111777697
0.722351758032472,0.5034938049568691,0.5693444131133053
-1.3843670883058157,-1.1494760378758906,-1.0623202085892678
0.722351758032472,0.961353249310875,0.9633631146034126
0.722351758032472,0.9266943774575968,0.8677279774196583
-1.3843670883058157,-1.1257803777769777,-1.1191913874623576
0.722351758032472,0.6488588983250639,0.6695325526707965
-1.3843670883058157,-0.6786114073510815,-0.6499227537190837
0.722351758032472,0.6074326189818137,0.6655110441226085
0.722351758032472,0.6173855279174933,0.6640407077058027
0.722351758032472,0.5428157194922466,0.4678988110403516
0.722351758032472,0.4048387046566837,0.47501769771838565
-1.3843670883058157,-1.4822815070772346,-1.413003302739451
0.722351758032472,1.3251736099467148,1.2768747334977593
0.722351758032472,0.3954734110571728,0.37467586395130953
-1.3843670883058157,-0.8681222486181293,-0.8066795648213616
0.722351758032472,-0.5721037551505589,-0.5545469620116695
0.722351758032472,-0.06037613682157575,-0.06094187502412382
-1.3843670883058157,-0.987662345440631,-1.0092447709935866
0.722351758032472,1.4781139965596415,1.4146194727851227
0.722351758032472,0.7958948001690312,0.7812796866625755
-1.3843670883058157,-1.2200140007429299,-1.1942360793427094
-1.3843670883058157,-0.5550535144700378,-0.5178296189871435
0.722351758032472,0.7826649637755312,0.8008213329349307
0.722351758032472,0.4919818975027225,0.4505413615343282
0.722351758032472,0.60495085754385,0.618652127516809
0.722351758032472,0.6928196044704871,0.7742319163857967
0.722351758032472,0.49359672796758736,0.5715357094860042
0.722351758032472,1.2674787537702477,1.2347174171733366
0.722351758032472,0.8021973019399902,0.7492529033040793
0.722351758032472,0.3697491624024928,0.28943213726621075
-1.3843670883058157,-1.1574418574333944,-1.2494070202946985
0.722351758032472,1.2685072071178576,1.2479704449633293
0.722351758032472,-0.07737049286584147,-0.04399753812587645
0.722351758032472,0.10152820669463589,0.1640020775605628
0.722351758032472,0.4181987305328448,0.3740802376316244
0.722351758032472,0.10601963975299589,0.09477334317645658
0.722351758032472,-0.5651649639998777,-0.5607293034832364
0.722351758032472,0.4053114176868518,0.428870896764287
0.722351758032472,0.585897164721285,0.5530651584632076
0.722351758032472,0.37778940652429127,0.3223828878349778
0.722351758032472,0.41044110083706165,0.431934460829966
-1.3843670883058157,-1.2753642289618965,-1.2713665116844017
0.722351758032472,0.7100936578613173,0.6875982890840289
0.722351758032472,0.8797484827247862,0.8624374630987687
-1.3843670883058157,-1.2309481076844642,-1.2211968866833864
-1.3843670883058157,-1.6954235860205549,-1.6402246285667115
0.722351758032472,0.6718829545890715,0.6757854247905137
0.722351758032472,0.47357111058480406,0.5332116887458119
0.722351758032472,0.46836943056198044,0.5156442239168875
-1.3843670883058157,-1.2197853524856739,-1.2451085480398874
-1.3843670883058157,-0.9054047025228665,-0.9516551578556695
0.722351758032472,0.28032785406376737,0.27608704369534465
-1.3843670883058157,-1.3521989200899207,-1.3103492399409096
0.722351758032472,0.6065337021750438,0.5359205974670123
0.722351758032472,0.6962980382747569,0.6835068185919808
0.722351758032472,1.000055096597142,0.9663254777782999
-1.3843670883058157,-1.381955308150242,-1.3272619219256672
0.722351758032472,0.28668065510109814,0.28410429770657053
0.722351758032472,0.3512319698155093,0.3333067394497212
0.722351758032472,0.012632009725704385,0.004740628619392062
0.722351758032472,0.44382977528508993,0.3859690051149607
-1.3843670883058157,-1.3462810085433021,-1.2972861792355002
0.722351758032472,0.4711868483439048,0.4488733990111194
-1.3843670883058157,-1.3840716062348115,-1.3945583384273175
0.722351758032472,0.6888912478733599,0.6434400881506155
0.722351758032472,0.9988623882255451,0.9769441205429008
-1.3843670883058157,-0.9007971650992032,-0.8987313611023385
0.722351758032472,0.016806358504893315,-0.001007526777772605
0.722351758032472,-0.30917543711060896,-0.25038225694330507
-1.3843670883058157,-0.8170684154845501,-0.7585291008991202
0.722351758032472,0.6590564693106095,0.6486655885240439
0.722351758032472,0.63566633684097,0.5855295044109969
0.722351758032472,1.1486182217839982,1.0900293385038928
-1.3843670883058157,-1.5358732061778004,-1.5055805971247183
0.722351758032472,0.4689229850274833,0.4704565748218722
0.722351758032472,1.239814910791647,1.2301915711723566
-1.3843670883058157,-0.9166782965212752,-0.8688323881329397
0.722351758032472,0.5913773356035851,0.5643843714861031
0.722351758032472,0.4041364610694539,0.3403104607192057
-1.3843670883058157,-0.8013680793788749,-0.7140935520945597
0.722351758032472,0.37824642047153234,0.41844901265579004
0.722351758032472,0.6720682914822425,0.6105405946928653
0.722351758032472,-0.17226251097899944,-0.15356076684364284
0.722351758032472,0.3550604726459502,0.3565012324571397
0.722351758032472,0.3747011695748166,0.37335791284312675
0.722351758032472,0.8004237891225902,0.8156548609978647
0.722351758032472,-0.17866687612879956,-0.18472695499926198
-1.3843670883058157,-1.1644158963675584,-1.1813980244024795
-1.3843670883058157,-0.6622714963741686,-0.6091203557985684
-1.3843670883058157,-1.0445861678633148,-1.0723948126600427
0.722351758032472,1.0381250219531617,1.0069705924318022
-1.3843670883058157,-1.103909541184886,-1.1173797396259673
0.722351758032472,-0.4017565049577399,-0.40209100957480365
-1.3843670883058157,-1.4270687942720652,-1.4100967378308675
-1.3843670883058157,-0.6381203787764977,-0.5664343655013856
0.722351758032472,0.320301132916747,0.3177160495213138
0.722351758032472,0.35392419316684876,0.3628059167606317
0.722351758032472,1.2697125710379409,1.2388897529824179
0.722351758032472,-0.26043942568937806,-0.2591659132323736
0.722351758032472,0.7861057097634259,0.8009492395032496
0.722351758032472,0.4175953742115076,0.39598308445127384
-1.3843670883058157,-1.3615602479837519,-1.3234482684341602
-1.3843670883058157,-1.1094599242040823,-1.1383767050792937
0.722351758032472,1.187795433626196,1.1084046039529634
0.722351758032472,0.6938981960924375,0.6588267979382058
-1.3843670883058157,-1.4803601736898186,-1.4627056924138517
0.722351758032472,1.3433942291009013,1.3300664672011324
0.722351758032472,0.35773718756153705,0.34306688511494576
-1.3843670883058157,-1.3842183724762287,-1.3615083646835466
0.722351758032472,1.0550852479454846,0.9959079906335994
0.722351758032472,0.5892617706714187,0.606933407596768
-1.3843670883058157,-0.7425753442082105,-0.639591663669339
0.722351758032472,0.45967331836731407,0.4575489866813741
-1.3843670883058157,-0.39630060652177757,-0.37112827774603263
0.722351758032472,0.4431018435736692,0.5093241594606082
0.722351758032472,0.6874834093941918,0.7109746917141186
-1.3843670883058157,-1.3168786477287926,-1.2905513814954757
-1.3843670883058157,-1.3250956663038915,-1.255655855749393
-1.3843670883058157,-1.1438245183310074,-1.0521090755052078
0.722351758032472,0.3115382048354032,0.2928966213916482
-1.3843670883058157,-1.004744283964905,-0.9601492065605275
-1.3843670883058157,-0.9010650522376905,-0.9143911172969532
0.722351758032472,1.061407560319576,1.0401497602290823
0.722351758032472,1.1961337090952806,1.2137758096621998
0.722351758032472,0.14188247908451546,0.17726575085700635
-1.3843670883058157,-1.3765178585141908,-1.3375904052152192
0.722351758032472,1.2456894772568272,1.2042738326005598
-1.3843670883058157,-0.6759169253718542,-0.691081662589869
0.722351758032472,0.35991504114174266,0.4011351061868953
0.722351758032472,0.08214122816933422,0.03844348771852246
0.722351758032472,0.5872172430243262,0.5811158943077555
-1.3843670883058157,-0.9618109066581173,-0.9433592997372157
-1.3843670883058157,-1.081278383469194,-1.1124538519211846
-1.3843670883058157,-0.8250193893845139,-0.8151181009206898
0.722351758032472,0.7420484683556953,0.7879512393813112
-1.3843670883058157,-0.9527769921251172,-0.9075637529061718
0.722351758032472,1.3600332830285242,1.3693921672053135
-1.3843670883058157,-1.0935994800024533,-1.0468456258775456
0.722351758032472,0.5733744508941399,0.5879597833503452
0.722351758032472,0.5787546209726618,0.6066196808336994
0.722351758032472,0.36205118361070787,0.327390878412696
-1.3843670883058157,-1.4498229636305895,-1.4235462103015886
-1.3843670883058157,-1.2161494789813827,-1.1277487410707114
-1.3843670883058157,-1.05711626778532,-0.9983826600425926
-1.3843670883058157,-0.8657061355648299,-0.8212439467711794
0.722351758032472,1.1788122845927878,1.1491480874889302
-1.3843670883058157,-0.7140025782361885,-0.6570448836077917
0.722351758032472,1.0610212324678574,1.0165963785795782
-1.3843670883058157,-0.6205251950564192,-0.5757313107650475
0.722351758032472,0.5160401819183295,0.5071706881281544
0.722351758032472,0.5636290226548388,0.5518725149866113
0.722351758032472,0.255576547648729,0.3000385424421524
-1.3843670883058157,-1.1489762511549522,-1.1316166545322968
0.722351758032472,0.5276570489339347,0.6164657887746015
0.722351758032472,1.0614719934157544,1.0377292663904516
0.722351758032472,1.449723379001752,1.4193251879588464
0.722351758032472,1.2706232837484188,1.2652929049388777
-1.3843670883058157,-1.4192012200362143,-1.4310823036398437
-1.3843670883058157,-0.5425575394824956,-0.4995213191288028
-1.3843670883058157,-0.5447202039474441,-0.5045508714548338
0.722351758032472,0.03352573954419802,0.03727927670321163
0.722351758032472,0.48428039632083775,0.4929285994876653
-1.3843670883058157,-0.895919847426569,-0.8479709407261486
-1.3843670883058157,-1.0425590139406524,-0.988721957614653
-1.3843670883058157,-1.2966034153839383,-1.2718664840352143
0.722351758032472,0.9197340070543083,0.8772447940569263
-1.3843670883058157,-1.0364011574840373,-1.0722993794958118
0.722351758032472,1.1282786541583898,1.0839464582048692
-1.3843670883058157,-1.1239941670991023,-1.07569328975881
0.722351758032472,-0.32678617139188015,-0.32417566082907046
0.722351758032472,1.359538413113116,1.3676655510537028
0.722351758032472,0.7829690527104324,0.8117123948949498
-1.3843670883058157,-0.9383315665386905,-0.8966848965152538
0.722351758032472,0.46313977314492616,0.4002449622480704
0.722351758032472,0.6414888801416214,0.6638904815810787
-1.3843670883058157,-1.0176112613734791,-0.9392521261441553
-1.3843670883058157,-1.159848471723109,-1.1620007587072196
-1.3843670883058157,-1.1188630065503515,-1.1479348155831397
0.722351758032472,1.3233991833097236,1.281575842769313
0.722351758032472,0.7006442611778574,0.6603858454374291
-1.3843670883058157,-1.3183765665844027,-1.2396804735245517
-1.3843670883058157,-0.5819221528698555,-0.5132315650052579
-1.3843670883058157,-1.494248910393471,-1.4811928062048418
0.722351758032472,0.38257021243786593,0.3289819410991004
-1.3843670883058157,-0.9977536121853455,-0.930276766276532
0.722351758032472,0.2735357435841492,0.28150190521969765
-1.3843670883058157,-1.1575027520854113,-1.1178010342116869
-1.3843670883058157,-0.7014288653067466,-0.7112289027910537
-1.3843670883058157,-1.4953937381796703,-1.489477672177567
0.722351758032472,0.4597430629230236,0.5326269618840558
-1.3843670883058157,-0.513146221707607,-0.4602841301828192
-1.3843670883058157,-0.5937216550712928,-0.5409997831712102
-1.3843670883058157,-0.6487495711696085,-0.6153475797909486
0.722351758032472,1.092651864624205,1.0584326486315816
0.722351758032472,1.0223923571449938,1.00398252859942
0.722351758032472,-0.5923839154112699,-0.5644476253364008
-1.3843670883058157,-1.2995877279597932,-1.2552580303547258
0.722351758032472,-0.43929637436655816,-0.41561303706754027
-1.3843670883058157,-1.1587381618563046,-1.1760438655549807
0.722351758032472,1.3088833881371698,1.2649008491308373
-1.3843670883058157,-1.6682115024635897,-1.6083147461210254
0.722351758032472,0.7346458084019969,0.6606277770339535
-1.3843670883058157,-0.7997888646884457,-0.7928220973759091
0.722351758032472,0.6213602943105826,0.600081160137933
-1.3843670883058157,-1.460385472988417,-1.3941878913444299
-1.3843670883058157,-1.1543132263475342,-1.1552947381000465
0.722351758032472,0.4944379216500076,0.49007483252990486
-1.3843670883058157,-1.4205794168593178,-1.4435111329174473
-1.3843670883058157,-1.4440505894284787,-1.4381120374438658
-1.3843670883058157,-1.465400543564984,-1.4714493596794649
0.722351758032472,0.5619374253032231,0.5131530540972865
-1.3843670883058157,-1.3649165900715854,-1.311737671924295
0.722351758032472,0.5427182426295117,0.5502047188013026
0.722351758032472,0.8115609774031995,0.7308166375838738
0.722351758032472,1.147699171596551,1.1425761783283352
0.722351758032472,0.6260998131688791,0.6652878849431564
0.722351758032472,-0.744326341091342,-0.6530764820958669
0.722351758032472,1.0310677995274584,0.9975424953257149
0.722351758032472,0.7163945734136455,0.7183440685675874
0.722351758032472,0.7837459510412742,0.6640588277291195
0.722351758032472,0.6136737578164789,0.5415061121805992
0.722351758032472,0.4732403730025597,0.44545924956229643
-1.3843670883058157,-0.6767135714612638,-0.6073312536221729
-1.3843670883058157,-1.4760410801467707,-1.4511006218088296
0.722351758032472,1.4053202726166538,1.403240398513981
0.722351758032472,1.1273275727079928,1.099505125353534
0.722351758032472,0.7284105144204422,0.6826599717771078
0.722351758032472,0.5368860748069784,0.5992438678302354
0.722351758032472,0.40650728160908456,0.3747678661560733
0.722351758032472,-0.4005509846168273,-0.38505399221099146
-1.3843670883058157,-0.9264128466206687,-0.8745636491435045
-1.3843670883058157,-0.4406989160514502,-0.4128173995711997
0.722351758032472,0.6334543784311317,0.6276016370531083
-1.3843670883058157,-0.9636600862231377,-0.9140280943224639
-1.3843670883058157,-0.7987198841065812,-0.780079431794438
0.722351758032472,-0.59700263273906,-0.5759320780699655
0.722351758032472,0.31374579497914246,0.31130048865055193
0.722351758032472,0.4321234552967201,0.4054021278822566
0.722351758032472,0.4723678827971278,0.44004186815275115
-1.3843670883058157,-0.6509553388291232,-0.6624614596079204
0.722351758032472,1.3568956142707647,1.3424178808543157
-1.3843670883058157,-0.9969652267237952,-1.067646619109616
0.722351758032472,1.0473473617318474,1.036640662706823
-1.3843670883058157,-0.5261755731062587,-0.45995395857755494
-1.3843670883058157,-0.6880939584645279,-0.619827873093385
0.722351758032472,0.511090551320732,0.5759846221540614
-1.3843670883058157,-1.2637579691711165,-1.3101339177024198
0.722351758032472,-0.10996686606543599,-0.110668675530737
0.722351758032472,0.4662725291137224,0.417286001541448
-1.3843670883058157,-1.0221027002264877,-1.040663465449904
0.722351758032472,0.7489725602282149,0.6971247370991981
-1.3843670883058157,-0.32771597455125256,-0.29970277506062193
0.722351758032472,0.6182385772724147,0.6471421856468806
0.722351758032472,1.3230044051111751,1.3429155694529338
0.722351758032472,1.2648922531175217,1.2273723709083002
-1.3843670883058157,-1.3561059872522556,-1.2828328303783114
-1.3843670883058157,-1.0912141950434726,-1.0431623882116028
0.722351758032472,0.56664981817242,0.5138721571505399
-1.3843670883058157,-1.2262636148793513,-1.2166087536715222
-1.3843670883058157,-0.44561592356783697,-0.4176954475813536
0.722351758032472,0.9972766044025024,0.957110763318936
0.722351758032472,0.8261068009083047,0.7963504152222728
0.722351758032472,0.4803118234899325,0.4726799154331792
0.722351758032472,0.9127472766907039,0.8911216959147266
-1.3843670883058157,-0.681502548539203,-0.6298956853437003
0.722351758032472,0.7022930966713655,0.6957781383460441
0.722351758032472,0.5280295277275893,0.48571821348194166
-1.3843670883058157,-1.2269015358871824,-1.1736005183984628
-1.3843670883058157,-0.7088190080045008,-0.6442757494817349
-1.3843670883058157,-0.7436035465858835,-0.7371690220559202
0.722351758032472,-0.4277675191905114,-0.40271562989757514
0.722351758032472,1.4538359049999143,1.4384357376881975
0.722351758032472,1.0566030949274934,1.0326648218003283
0.722351758032472,-0.07555058045458685,-0.07757095213011089
-1.3843670883058157,-1.0378030413096462,-1.056261001181992
-1.3843670883058157,-0.838442598939553,-0.8250188145952693
0.722351758032472,0.8751739087406221,0.7959404376306763
0.722351758032472,0.32483398994938856,0.3056645348393353
-1.3843670883058157,-1.2658719712159852,-1.3030243551080227
0.722351758032472,0.7528213502325382,0.7749092584132775
0.722351758032472,0.43327106695722006,0.3932639838423423
-1.3843670883058157,-1.060251656253126,-0.9526578055745055
0.722351758032472,0.5818029346387822,0.6635047896941172
0.722351758032472,1.026077095151824,0.9856685674752859
0.722351758032472,0.5048093084321341,0.485468971360164
0.722351758032472,1.2619716692010805,1.2553830875435563
-1.3843670883058157,-1.420330055239148,-1.4319301948585352
-1.3843670883058157,-1.1682808457765186,-1.1521915000628187
0.722351758032472,0.7797531613349382,0.7807174126133269
-1.3843670883058157,-1.019058577777181,-0.9978219614115726
-1.3843670883058157,-1.2817158550717656,-1.2727989395015766
-1.3843670883058157,-0.5979087353645051,-0.5193247564943924
0.722351758032472,0.2607362730740541,0.300351283997769
0.722351758032472,0.19752772051526324,0.24335172587099374
-1.3843670883058157,-0.6841099212314078,-0.6267551546768899
0.722351758032472,0.4873400731328815,0.44832239095103743
-1.3843670883058157,-1.0850849620385294,-1.1197237180470876
0.722351758032472,1.357223358032047,1.3251758192130783
-1.3843670883058157,-1.0261761282481006,-1.0376657906097886
0.722351758032472,0.3802053963422662,0.3755949366294586
0.722351758032472,0.4260974707146792,0.48120501160413265
-1.3843670883058157,-1.580478947559326,-1.5439658079680822
0.722351758032472,0.24149925834806196,0.22614041003942298
0.722351758032472,0.48738273513342806,0.45118273051001484
0.722351758032472,0.4905065067634101,0.37439867413573213
-1.3843670883058157,-1.416829736121752,-1.450138773920616
0.722351758032472,0.20867263169637063,0.16114085775330378
-1.3843670883058157,-1.386357575180548,-1.3472783171348943
0.722351758032472,1.1904086510384109,1.210523409760476
0.722351758032472,-0.25452695448549717,-0.17552604204197575
0.722351758032472,0.6848108912139544,0.689261148316523
0.722351758032472,0.292400312690547,0.26630917111224317
0.722351758032472,0.46383330778601173,0.4707793355251042
0.722351758032472,0.7214090648414468,0.6889662929405835
0.722351758032472,1.2633236450730831,1.2497751746503178
-1.3843670883058157,-0.7474814640163179,-0.7057855655620153
-1.3843670883058157,-1.611295830523597,-1.5734730552642249
0.722351758032472,1.3957626856322078,1.3697911009384316
-1.3843670883058157,-1.327444513563721,-1.3520587711249197
-1.3843670883058157,-0.8117334410758272,-0.74692807405247
0.722351758032472,1.0163753746601536,0.8703214612967599
-1.3843670883058157,-1.2624328949450634,-1.2611009443563421
-1.3843670883058157,-0.6731478311461886,-0.6002984664434192
-1.3843670883058157,-1.3078186844663273,-1.3391781080779597
0.722351758032472,0.5056548391489264,0.48990336500252
0.722351758032472,1.0546939931896677,0.9831746791596292
0.722351758032472,1.3450686475851916,1.1770524462333087
0.722351758032472,1.4041925873559875,1.409728123197826
-1.3843670883058157,-1.0883408496543847,-1.0305228752405615
-1.3843670883058157,-1.0727445788197356,-1.0577115455944253
0.722351758032472,0.47872683699836704,0.5529579828018264
-1.3843670883058157,-1.0218046951842437,-1.0389416387939103
0.722351758032472,0.2780292761311833,0.2508784844373312
-1.3843670883058157,-1.394963756148401,-1.3221309833317498
-1.3843670883058157,-0.7799141617771906,-0.7731438531830761
0.722351758032472,0.34156565635408087,0.3112727530078494
0.722351758032472,0.6207721132094498,0.5195354129934815
0.722351758032472,0.869865582936882,0.8039490612404235
0.722351758032472,1.1504071424886115,1.1632644110520616
0.722351758032472,-0.4085921573866287,-0.4014250420749683
0.722351758032472,0.6094354584881113,0.6485044264142866
-1.3843670883058157,-0.6281479605282101,-0.5915213996943451
-1.3843670883058157,-1.0660353758597743,-1.077600430270462
-1.3843670883058157,-1.3068610254022262,-1.3219646741055255
0.722351758032472,0.269148061866044,0.23803089027045032
-1.3843670883058157,-1.2413007333960322,-1.2766386081344387
0.722351758032472,0.4759242382443038,0.4561002149575102
0.722351758032472,0.26192972714876317,0.2553496600879628
-1.3843670883058157,-1.4606218064644703,-1.4766902953357328
0.722351758032472,0.5747606877105371,0.6553666367886246
-1.3843670883058157,-1.4029041064337564,-1.386142317955668
0.722351758032472,0.25912171263525074,0.29144577774694147
0.722351758032472,0.15624246162458322,0.13465605052564944
-1.3843670883058157,-1.098622852127249,-1.0090913862432183
0.722351758032472,0.34637947871715064,0.32112375819079947
0.722351758032472,0.7970188697245945,0.7915810320445728
0.722351758032472,0.5862960584954994,0.48976343250720594
-1.3843670883058157,-0.988734091511114,-0.9140407247509998
0.722351758032472,0.6304965593550095,0.6097790908440436
0.722351758032472,0.37829273932238605,0.2853921050725505
-1.3843670883058157,-1.3254862354893797,-1.2734942525311093
0.722351758032472,0.6745854901745809,0.5976775490814052
0.722351758032472,0.43362343737304765,0.3893948546052889
0.722351758032472,0.6172928893891518,0.6391308428935654
0.722351758032472,0.5769044742584475,0.5501120385385461
0.722351758032472,0.38290220591290325,0.378156866036301
0.722351758032472,0.6744995634251204,0.6353647409460533
0.722351758032472,-0.5682542596364213,-0.5475611876284676
-1.3843670883058157,-1.175135394614326,-1.137965392810004
-1.3843670883058157,-1.0544300899124968,-0.9928456696566089
0.722351758032472,0.5995885568347156,0.5507325456989317
0.722351758032472,0.3761168201659584,0.4517929570705962
0.722351758032472,1.2623670749794083,1.261146807351063
0.722351758032472,0.6923563324958756,0.6207587516891495
-1.3843670883058157,-1.233072852944401,-1.1304614338979577
0.722351758032472,-0.5348663580661087,-0.5096112423888035
-1.3843670883058157,-1.119955812384452,-1.1535630296938417
0.722351758032472,1.0004168039792598,0.9414769023922889
-1.3843670883058157,-1.4051714430994564,-1.4155005884795768
0.722351758032472,0.36018925185726436,0.2570669407340226
-1.3843670883058157,-1.144962957882884,-1.1215243299742967
0.722351758032472,0.43994550027919077,0.41174049949053004
0.722351758032472,0.6619250284401978,0.6658895777105088
-1.3843670883058157,-1.0710645655626818,-1.0769758477464952
0.722351758032472,1.182555525689366,1.1945249869857655
-1.3843670883058157,-1.2365804520198753,-1.180322967488115
-1.3843670883058157,-0.8199125696723795,-0.7971496537263766
0.722351758032472,0.5317813745725836,0.5010988050083426
0.722351758032472,0.47887701806902605,0.5457520612361834
0.722351758032472,0.4100628765513916,0.4873331122961255
-1.3843670883058157,-0.890601967762086,-0.9032673962293236
0.722351758032472,0.8383437467830759,0.8502923781737343
0.722351758032472,0.39810118786211257,0.3702083488411533
-1.3843670883058157,-0.812731985418436,-0.7662733648202069
0.722351758032472,0.22485415370091544,0.19443673679506873
0.722351758032472,1.2578588670725894,1.200941917635062
0.722351758032472,0.520165294089429,0.5460559670004822
-1.3843670883058157,-1.2467247020002679,-1.1561662926967253
0.722351758032472,0.7017783298423135,0.6698429686410783
-1.3843670883058157,-0.795855226740094,-0.816651759232226
0.722351758032472,0.545598399828704,0.6078137322842572
-1.3843670883058157,-0.526728226030813,-0.49840834910995535
0.722351758032472,-0.5377287045897157,-0.5121659900791504
-1.3843670883058157,-1.117462022928724,-1.0386845049519877
0.722351758032472,0.8464533680377416,0.8203345986946401
0.722351758032472,-0.21261955376406177,-0.2277090140585023
-1.3843670883058157,-0.8698024914929182,-0.7991268533082065
-1.3843670883058157,-0.810061043439378,-0.7433269665271125
0.722351758032472,0.3189580056464185,0.25990138875933405
0.722351758032472,0.45808985281154424,0.4332301879821172
0.722351758032472,0.7082261796379269,0.7293721621999663
0.722351758032472,0.36944846981867363,0.3549447959049972
-1.3843670883058157,-0.9934820725631721,-0.9436517037022747
-1.3843670883058157,0.09239471201702154,0.05774333626261485
0.722351758032472,1.0017237228673759,0.9715884008163002
0.722351758032472,0.5596256696383972,0.5363117330462306
0.722351758032472,0.40081639491204607,0.33686967166052034
0.722351758032472,0.7049744356387868,0.7218008290229763
0.722351758032472,0.47897142763889883,0.5108400955398603
0.722351758032472,0.9095389360015975,0.8927514131372871
-1.3843670883058157,-1.4647242486602072,-1.4591503543496407
-1.3843670883058157,-1.2605715181646908,-1.1898211398411132
0.722351758032472,0.5785289300175963,0.6314768175045093
0.722351758032472,-0.17753041667768021,-0.1295123590212413
0.722351758032472,1.3000407752758036,1.29598014404029
0.722351758032472,0.7782096970514745,0.7599518280304107
-1.3843670883058157,-1.033569690626452,-1.1008580486689092
0.722351758032472,0.6180213549294491,0.6678833158544577
0.722351758032472,0.4026791472923512,0.3747878267064039
-1.3843670883058157,-1.2039157961159412,-1.209494818768711
-1.3843670883058157,-1.0750005894597288,-1.0130479769332679
0.722351758032472,-0.5828574092024638,-0.5771939481353753
0.722351758032472,0.30010572024319476,0.2660222420246868
-1.3843670883058157,-0.7962823869245557,-0.7106679046538276
0.722351758032472,0.2198015794897411,0.2469818990122017
0.722351758032472,0.4017226262831569,0.43826055355615545
-1.3843670883058157,-0.610102544993017,-0.5581846306488103
0.722351758032472,0.4746651898983709,0.48562968036098636
0.722351758032472,0.6162001471891047,0.6314114869136366
0.722351758032472,0.5043483380909498,0.5108742457413465
0.722351758032472,0.8822866560582916,0.8363773777276914
-1.3843670883058157,-1.2023041462923307,-1.1586316963849388
-1.3843670883058157,-1.1982788577583947,-1.1917946186872248
0.722351758032472,0.2694530114786694,0.189495219593439
0.722351758032472,1.087140039051331,1.066898136501736
0.722351758032472,0.38726204627378474,0.37714996799767936
0.722351758032472,0.5813812443571488,0.600461018073625
0.722351758032472,-0.5839133192248899,-0.5306074032300249
0.722351758032472,0.6628582859749189,0.6115849152109176
-1.3843670883058157,-1.2806226128171474,-1.2269579941507038
0.722351758032472,0.4302340069113304,0.4327334509685047
0.722351758032472,1.3606026112287646,1.3068365125849786
0.722351758032472,0.4808078844924281,0.4551604221650918
-1.3843670883058157,-1.2103175592505961,-1.185278284397263
-1.3843670883058157,-0.8154832668919767,-0.7710429568031891
-1.3843670883058157,-1.2487780007871805,-1.2457308150356865
0.722351758032472,0.5463324795912476,0.5008336553501852
0.722351758032472,0.14478271039742563,0.1155783766861348
-1.3843670883058157,-1.3355377994091642,-1.276910501365502
0.722351758032472,0.36162890669655634,0.3331213007047906
0.722351758032472,0.7318231783488263,0.7794282329943406
0.722351758032472,1.1128235935678594,1.0584089938720789
-1.3843670883058157,-1.5553408562685658,-1.5388413905917335
0.722351758032472,1.037496413905913,1.0177239047433726
0.722351758032472,0.7054550711484407,0.7391873260144519
-1.3843670883058157,-1.2853158467036916,-1.2507930681204802
-1.3843670883058157,-1.2926462541966461,-1.2321841911243627
0.722351758032472,1.373750653963099,1.361262318038973
0.722351758032472,1.1523002338264816,1.1256532529785104
-1.3843670883058157,-1.1090472410591965,-1.0583150123682197
-1.3843670883058157,-0.9544179353480506,-0.9450458763813794
0.722351758032472,0.492095040341019,0.4515625031519382
0.722351758032472,-0.5769490257768828,-0.5420058830318603
-1.3843670883058157,-1.1162549974298166,-1.1117581392778095
0.722351758032472,0.5620791327373788,0.6261646544653103
0.722351758032472,0.672454143166236,0.69498312461915
0.722351758032472,0.19540855927735512,0.22853737349918612
0.722351758032472,0.48405346149530737,0.4784900517111868
0.722351758032472,1.1797302085427652,1.1209164653686765
-1.3843670883058157,-0.9605952557922901,-0.9017294785392369
0.722351758032472,0.5359408264082294,0.5624816018859782
-1.3843670883058157,-0.8051237120354426,-0.7517949416592636
0.722351758032472,1.0473064777280205,1.0518216095279893
0.722351758032472,0.829304728990226,0.8357249972013693
-1.3843670883058157,-0.7737719067819419,-0.7264477281636676
-1.3843670883058157,-0.9719577266937387,-0.8896604801186127
-1.3843670883058157,-1.1244145397186047,-1.1186633475026282
0.722351758032472,1.4004052361025052,1.3884888783176526
0.722351758032472,0.1939106405385505,0.13309866766513473
-1.3843670883058157,-1.0191719816651785,-1.0286937520666466
-1.3843670883058157,-1.0952083771090857,-1.0600710101284072
0.722351758032472,0.971957819844581,0.9735182599160004
-1.3843670883058157,-1.2582587834949723,-1.297378535018837
0.722351758032472,0.4075123108796447,0.44823037991901715
0.722351758032472,0.35865457658118005,0.42650757501438097
-1.3843670883058157,-1.1560624293052917,-1.1423727534698742
-1.3843670883058157,-0.8974350182293893,-0.8490412971675473
0.722351758032472,0.8023765212026704,0.7915015970014987
0.722351758032472,0.5817668529802068,0.5762590522720716
0.722351758032472,0.6446319218259574,0.6441467526862615
0.722351758032472,0.4935968906489377,0.5242140175569128
0.722351758032472,1.2846472548823646,1.2527659722285764
0.722351758032472,1.2744920919245115,1.2636176661603193
0.722351758032472,0.9796087222615677,0.956605208821296
0.722351758032472,1.0953262774226076,1.06495018505285
0.722351758032472,-0.41304622946380115,-0.4084233814880573
0.722351758032472,0.17696234384025478,0.23818314142899943
0.722351758032472,0.5878260575151137,0.5984778837409731
-1.3843670883058157,-0.925846228486973,-0.8631729628199964
-1.3843670883058157,-1.2674930573124799,-1.236874824505569
-1.3843670883058157,-1.1724804202531347,-1.1323936717423606
0.722351758032472,1.301434055908489,1.2868307765903118
0.722351758032472,0.6781464191867494,0.6608928215012164
0.722351758032472,0.5538988488132331,0.5676544345178134
0.722351758032472,0.4459109935824017,0.4115809111866231
-1.3843670883058157,-0.9318041559581791,-0.8786521300337572
0.722351758032472,0.4236726468418184,0.3768023832044961
0.722351758032472,0.5356206373910435,0.49880248051712417
-1.3843670883058157,-1.2379876488400128,-1.3016360567312981
-1.3843670883058157,-1.3044673877647748,-1.2951470940843781
0.722351758032472,0.7612339816965492,0.7704407048860278
-1.3843670883058157,-1.3001436380609626,-1.2750066077590585
0.722351758032472,0.38625449410762935,0.3154686876430833
0.722351758032472,0.8902463506735023,0.8220563546618791
0.722351758032472,0.4627752179923261,0.45654751169406876
0.722351758032472,0.4300505698769458,0.4452644176678594
0.722351758032472,0.5661836780014745,0.6448474542657776
0.722351758032472,0.9650473764147421,0.939730260291223
-1.3843670883058157,-1.4031590070507685,-1.451880783919433
0.722351758032472,0.38778665528173606,0.3383221051304379
-1.3843670883058157,-0.7716524944422769,-0.7310545845792061
0.722351758032472,0.34980707950954115,0.31352152749203843
-1.3843670883058157,-1.0629430086275302,-1.0684155976297123
-1.3843670883058157,-1.5280978011303794,-1.512566581772947
0.722351758032472,0.5047002431909929,0.5507604046192458
0.722351758032472,0.2289858857005469,0.2726903143258267
0.722351758032472,0.04965260520284265,0.040598626278612715
-1.3843670883058157,-1.3025391159734565,-1.358544537901166
0.722351758032472,0.7223397146382524,0.7159265176229997
0.722351758032472,0.2644880618253632,0.34854910025608143
-1.3843670883058157,-1.1249493803184738,-1.0620236540406827
0.722351758032472,1.1390557066863942,1.1032949391109859
0.722351758032472,0.5994498339942366,0.5996428404809867
0.722351758032472,1.149582169406948,1.1245128585012139
-1.3843670883058157,-0.9577282602431844,-0.8710648532846195
0.722351758032472,-0.3913405215204744,-0.3676692279030357
-1.3843670883058157,-1.076043874181557,-1.088381780806464
0.722351758032472,-0.529019756447822,-0.5169755762244983
-1.3843670883058157,-1.3638846661562651,-1.3129650385122928
0.722351758032472,0.5505994188173219,0.5004909204488714
0.722351758032472,1.5594631934971515,1.5075827932819117
-1.3843670883058157,-1.336302188450213,-1.2814239757495185
0.722351758032472,0.18957983620466712,0.16624511732317604
-1.3843670883058157,-0.5714211765888373,-0.47314218598286184
-1.3843670883058157,-1.2366000497442255,-1.1820310466043333
0.722351758032472,1.1616808858917844,1.132975065697433
-1.3843670883058157,-0.9544598870510266,-0.9370773181168252
-1.3843670883058157,-1.3127782739397922,-1.2607611521591264
0.722351758032472,1.1643681389254503,1.108991913139763
0.722351758032472,-0.5818412058028091,-0.5455596790077863
0.722351758032472,0.4371171162249907,0.40779367942259676
0.722351758032472,0.2640253148841438,0.2846770931590804
0.722351758032472,1.0798090842143075,1.0909238195259572
0.722351758032472,-0.1642927310923292,-0.11093664766661854
-1.3843670883058157,-1.161981675673113,-1.169043167844533
0.722351758032472,0.398302736260145,0.35897393758573864
-1.3843670883058157,-0.5873755185444205,-0.5276094595364189
0.722351758032472,0.4181520412248022,0.42545597922139944
-1.3843670883058157,-1.3363528963406532,-1.349249201392787
0.722351758032472,-0.22198151290494003,-0.13865214650124905
0.722351758032472,0.491379160475163,0.45956419673654864
0.722351758032472,0.7025785907145621,0.7739284169921699
-1.3843670883058157,-1.0367779833525272,-1.0404935319408688
0.722351758032472,0.23133640428548885,0.2056311922179737
-1.3843670883058157,-1.1176328793856471,-1.0465364879536465
0.722351758032472,0.5353631368013307,0.4702303515613864
-1.3843670883058157,-1.2622857646136916,-1.2067590837728521
0.722351758032472,0.9327490036510167,0.9072764411364722
-1.3843670883058157,-0.41580350177473735,-0.3854700711226595
0.722351758032472,0.7652576644262474,0.7785037300321995
0.722351758032472,0.38237665871556387,0.3689202962122952
0.722351758032472,0.4293170972125201,0.3962436028058407
0.722351758032472,0.692302764071552,0.6600444665516887
0.722351758032472,0.7133680848107162,0.696998898423329
-1.3843670883058157,-1.2787727100494677,-1.2467122923413658
-1.3843670883058157,-1.1490829273683378,-1.131299327498608
-1.3843670883058157,-1.3847871015502369,-1.3746819917008404
-1.3843670883058157,-1.1946058729773226,-1.1995687850339052
0.722351758032472,1.0125539998472557,0.9490824133305458
0.722351758032472,0.2991774986953947,0.2799377887083617
-1.3843670883058157,-1.075059835988478,-1.0355113533615756
-1.3843670883058157,-1.4804743536311016,-1.4488891121184306
-1.3843670883058157,-1.0088881691622096,-0.9571574672970354
0.722351758032472,0.2290535392750408,0.23625373350594736
-1.3843670883058157,-0.8848577982235957,-0.846071014278841
0.722351758032472,1.2773260945208027,1.2675808736062217
0.722351758032472,0.3769165261333056,0.4304870420417285
-1.3843670883058157,-1.2393713954989756,-1.1545255420065441
0.722351758032472,1.2491034770290494,1.243133765028226
0.722351758032472,1.2407517822329923,1.2386420064616175
0.722351758032472,0.9738652142402082,0.953780477301984
0.722351758032472,0.4241774190661002,0.46915337483746167
0.722351758032472,0.36739610452236926,0.3376676334072809
0.722351758032472,0.6880258826496256,0.7254021566931467
0.722351758032472,0.6552516317201662,0.6844395031836433
-1.3843670883058157,-1.0482013859464385,-1.018029777905649
0.722351758032472,0.41139721042691046,0.37000700438093437
-1.3843670883058157,-0.6492550428115237,-0.6372919971035548
0.722351758032472,0.5168819883100076,0.4889488707484744
0.722351758032472,0.68463753809255,0.6813827481365503
0.722351758032472,0.6416953260017475,0.6809376215232258
0.722351758032472,0.46057332131249756,0.41155809258838105
0.722351758032472,-0.3654718949131259,-0.33122191791330124
-1.3843670883058157,-1.1479026452885996,-1.1305088499653797
0.722351758032472,0.7466430424960009,0.797249099733655
0.722351758032472,0.599365904703581,0.5961326768856392
0.722351758032472,0.827515039567268,0.834266772748012
0.722351758032472,0.4646317544002806,0.44391915063610576
-1.3843670883058157,-1.1604940920276585,-1.1274152204919983
0.722351758032472,0.3570558950042526,0.3447502619275713
0.722351758032472,0.2980261601949248,0.30653669530814065
0.722351758032472,0.6168144650317025,0.6222967385848919
0.722351758032472,-0.31193734558348285,-0.30925741701486537
-1.3843670883058157,-1.3827051571670597,-1.424528891498468
0.722351758032472,0.6250326721927115,0.5850537106074896
0.722351758032472,-0.009455348690035503,-0.07652322530047606
-1.3843670883058157,-1.1473051778661607,-1.1228628290830256
-1.3843670883058157,-1.1216671130729912,-1.0768761931408748
0.722351758032472,0.4928800547066369,0.42032169609819775
-1.3843670883058157,-0.7184762421155959,-0.7665098016510958
0.722351758032472,0.42902638940926247,0.34760361059080747
-1.3843670883058157,-1.2436085282906226,-1.2707699445070375
0.722351758032472,1.0444426269868945,0.9981637463339661
0.722351758032472,0.2620718688785872,0.25992854625089823
0.722351758032472,-0.3827037371980794,-0.401520226259806
0.722351758032472,0.16546055092299605,0.15449551511453513
0.722351758032472,0.3711902046009722,0.3613094562675146
0.722351758032472,0.7167922540941547,0.7015174681896934
-1.3843670883058157,-1.3669992276895557,-1.3352128317623015
0.722351758032472,0.3169784543979889,0.2774322256834102
-1.3843670883058157,-1.0913034257778114,-1.031648304510471
0.722351758032472,0.26324410620521976,0.23468908018451579
0.722351758032472,1.3931669637221635,1.3524494839986587
0.722351758032472,0.538009209976434,0.5217353261021063
-1.3843670883058157,-1.1216840924220128,-1.041503868510135
0.722351758032472,1.105472711869484,1.0885301495980715
-1.3843670883058157,-1.5090534680924712,-1.4536319691898512
0.722351758032472,1.4755213350450052,1.4377373275606042
0.722351758032472,0.5516853201597509,0.5788225200676552
-1.3843670883058157,-1.3031546649029222,-1.3019272533793016
-1.3843670883058157,-0.7395004671164317,-0.6784917216178676
0.722351758032472,0.4782168439207771,0.43779057061813986
0.722351758032472,0.7402104328669444,0.7046151454418461
0.722351758032472,1.4434364193328497,1.445918940122295
-1.3843670883058157,-1.179885402629293,-1.175644801704729
-1.3843670883058157,-0.9506084957585891,-0.9079398680667368
0.722351758032472,1.2391890021097605,1.208850488070293
-1.3843670883058157,-1.1821658487197135,-1.182792900036889
0.722351758032472,0.3645177002695408,0.32481988004278517
0.722351758032472,-0.5644067826472106,-0.5531587460732
-1.3843670883058157,-1.0608557626396706,-1.0069525094689804
0.722351758032472,-0.2778377967252441,-0.28741744135052244
-1.3843670883058157,-1.2451991468839083,-1.2268094868917028
0.722351758032472,0.837356141551817,0.825883194610812
0.722351758032472,0.25205693802126594,0.21976279631063633
0.722351758032472,0.6171494729255107,0.6755895084641445
0.722351758032472,0.6477072794166288,0.6161026765571092
0.722351758032472,0.5999723098153024,0.5814883135483704
0.722351758032472,1.327101373691745,1.3223463288071744
-1.3843670883058157,-1.035187853438178,-0.9560240904020793
-1.3843670883058157,-0.9674531821196614,-0.8929426012206314
-1.3843670883058157,-0.9223913651234275,-0.8920747718064774
-1.3843670883058157,-1.3220814475490028,-1.303080670205966
0.722351758032472,0.33515896697235925,0.3443600350395175
0.722351758032472,0.6692363547224401,0.6980865077159844
0.722351758032472,0.5720087908457278,0.5420265119152009
-1.3843670883058157,-0.9169092561657737,-0.8743354889342261
-1.3843670883058157,-1.188203552616626,-1.1261272485349076
-1.3843670883058157,-1.2429885451300842,-1.2676290924502074
0.722351758032472,0.806417727035398,0.8305939492943253
-1.3843670883058157,-0.7499282836832877,-0.7913986451454212
0.722351758032472,0.27635042251759917,0.24890418641276574
0.722351758032472,0.635505363921474,0.667279271166628
0.722351758032472,0.8329982353745571,0.8120395919687934
0.722351758032472,1.3819356934616132,1.3324616745294833
0.722351758032472,0.4099064970312529,0.38644696203938356
0.722351758032472,-0.17534498713091243,-0.15996966519894676
0.722351758032472,0.469278339311674,0.4468893750147863
0.722351758032472,0.6050073354247212,0.58230356327059
0.722351758032472,0.426478221672825,0.39876844929413174
0.722351758032472,0.7391187955764106,0.7380396424078756
0.722351758032472,0.5213574423860643,0.4871792894659751
0.722351758032472,0.943777758137527,0.8657384154344658
0.722351758032472,0.6980405376596424,0.601017454638171
0.722351758032472,-0.04881168639334499,-0.04211284084982864
-1.3843670883058157,-1.1452796092749402,-1.1111638925300327
0.722351758032472,-0.5101971938665659,-0.5471439065631326
0.722351758032472,0.6281403844185331,0.5867017461087904
-1.3843670883058157,-0.5157657972527273,-0.447651931720485
0.722351758032472,0.8601277405481806,0.7991004975489177
0.722351758032472,0.4968228921991599,0.4662245872715257
-1.3843670883058157,-1.5507518777565237,-1.5282976817773457
0.722351758032472,1.2228825984367582,1.2091040274345937
0.722351758032472,1.2992336011566143,1.274113514969652
0.722351758032472,0.4138607445843988,0.46481319679140687
0.722351758032472,0.3615634240652976,0.30311291200965895
0.722351758032472,0.6539671762083502,0.6062374224670146
0.722351758032472,0.3574777949352838,0.3369789420617678
0.722351758032472,0.6023644522678716,0.560282208504757
0.722351758032472,0.26343790166346304,0.2760923823423648
0.722351758032472,0.2634931173772169,0.23859755574349528
0.722351758032472,0.1098607857088495,0.1326938139492715
0.722351758032472,0.5705335438983468,0.6296608292837601
0.722351758032472,0.4708366802323265,0.5621897387792021
0.722351758032472,0.00811331808969587,-0.03568717758565504
-1.3843670883058157,-1.977260563769389,-1.7951565227875668
0.722351758032472,0.4927660218415518,0.5608033855049155
0.722351758032472,-0.5639325744485117,-0.5657921536989556
-1.3843670883058157,-1.095417679902548,-1.0997919755800558
0.722351758032472,0.8375274254479125,0.8252589002778753
0.722351758032472,0.6932101076077164,0.6873169034933613
0.722351758032472,0.4137866975980712,0.38750686986985156
-1.3843670883058157,-1.3016413344436442,-1.2604765453237803
0.722351758032472,-0.015092438474266612,0.003459119211793038
0.722351758032472,0.4654588810779805,0.549906445977384
0.722351758032472,0.4380661369801319,0.40476274880504737
0.722351758032472,0.4868263339198431,0.5446018698817359
-1.3843670883058157,-0.7911855942902498,-0.7926516206825542
-1.3843670883058157,-1.3385875825225118,-1.2274055453268642
0.722351758032472,0.5532530427358145,0.5080041563296651
-1.3843670883058157,-1.3084594044386024,-1.2292957698171982
0.722351758032472,1.3934691668376153,1.3243678663437612
0.722351758032472,0.26351984720634825,0.2893342535859794
0.722351758032472,1.2389525018618222,1.1529243405078922
0.722351758032472,0.7006153106871118,0.7502098303734471
0.722351758032472,0.47824905941473667,0.4472815243105459
-1.3843670883058157,-1.0329578534911237,-0.9551163908109088
0.722351758032472,0.21415555705115097,0.20932042810211948
0.722351758032472,0.4209724909594592,0.3853650316430969
0.722351758032472,0.726068193772861,0.7384262234473178
0.722351758032472,0.30094905813896355,0.37834750218001756
0.722351758032472,0.49292342064636874,0.4433239376116186
0.722351758032472,0.6322856895985932,0.5775726447878387
0.722351758032472,0.7101909985188282,0.6911251543099308
-1.3843670883058157,-1.4741153140928032,-1.4573381517401944
0.722351758032472,0.6894682103915055,0.6432997891820855
-1.3843670883058157,-0.8705691302604699,-0.8410061004219669
0.722351758032472,0.35983646674044956,0.33315026968050343
0.722351758032472,0.08417830870715393,0.08763974961935117
0.722351758032472,0.45054379241519593,0.42721502301194886
0.722351758032472,0.6415242108013762,0.6296940801540218
-1.3843670883058157,-1.1494476348603182,-1.109522273665552
0.722351758032472,0.5115535064199317,0.47025833710997555
0.722351758032472,0.5703706174069095,0.5946144728610352
-1.3843670883058157,-1.1904742552897716,-1.155373887952584
0.722351758032472,0.4188135153068021,0.3757696082350513
0.722351758032472,0.4824887171606522,0.4414393479146308
0.722351758032472,0.31525660760920915,0.30841537691859744
0.722351758032472,0.3662700616963219,0.3363097307616174
0.722351758032472,0.2269898850871538,0.18762632615134478
0.722351758032472,0.6019361715869949,0.6202554178421245
0.722351758032472,0.585978597940305,0.6131015156653583
0.722351758032472,0.7760467642797814,0.7950117320051588
0.722351758032472,1.1817231153530727,1.1277170460552357
0.722351758032472,0.2629380318286716,0.32441766179170495
0.722351758032472,0.5264954294828074,0.47897121317447844
0.722351758032472,0.4363355368427634,0.46727958686951576
0.722351758032472,0.7963441582155029,0.7756390259302134
-1.3843670883058157,-1.666517027940684,-1.6167654933777997
0.722351758032472,1.1369481475566334,1.0771744522707678
0.722351758032472,-0.4409830556841005,-0.46663478224989774
0.722351758032472,0.6154121515110855,0.6288207125930534
0.722351758032472,-0.36255367861984666,-0.3551722995534975
0.722351758032472,0.2587346161479819,0.24673445718003673
0.722351758032472,0.44463461104743496,0.43975897908389294
0.722351758032472,-0.6785985984842701,-0.6313536782104694
0.722351758032472,1.0473340595070426,1.0388239985623713
0.722351758032472,0.27746538333275783,0.2550415090620646
0.722351758032472,-0.6029341238687292,-0.5493207507673038
-1.3843670883058157,-0.6989847947011674,-0.7035252304297132
0.722351758032472,0.5132628496594616,0.5785879096210805
-1.3843670883058157,-1.243050629917208,-1.2047020820668817
0.722351758032472,0.23262629845954397,0.24172298215610916
-1.3843670883058157,-1.2998606021894463,-1.2724438463048011
0.722351758032472,0.4991982274880903,0.5245091483122357
0.722351758032472,0.48498801200307773,0.4705678498091195
0.722351758032472,1.1819431145272952,1.1242992900941742
-1.3843670883058157,-1.4918574157702336,-1.390752202964971
0.722351758032472,1.124258877434317,1.0952308008106213
0.722351758032472,0.7589389393955732,0.673615124407553
0.722351758032472,0.4545739315731344,0.4028734894734354
0.722351758032472,0.2971147802038343,0.27386827029416044
-1.3843670883058157,-0.8956104944910722,-0.865979821896142
0.722351758032472,0.7414472526590467,0.7204347802517573
-1.3843670883058157,-1.489108579385742,-1.4615211901012077
-1.3843670883058157,-1.21538958668107,-1.177259904142685
-1.3843670883058157,-1.3859958050313685,-1.4304651571255895
-1.3843670883058157,-1.037303420268306,-1.0062013805956294
0.722351758032472,0.7127708315581212,0.723141147754998
0.722351758032472,0.6214149901799833,0.6319614510328749
0.722351758032472,0.5737813484410551,0.5256590520075342
0.722351758032472,0.4065650344250168,0.3860143928942745
0.722351758032472,0.08629902866025302,0.03194595294715824
0.722351758032472,0.3014267496652243,0.2836466334044334
0.722351758032472,0.41323945546957147,0.38909582428595046
0.722351758032472,0.6686479677166175,0.6865813485257564
0.722351758032472,-0.5178666828023862,-0.4992009477495203
-1.3843670883058157,-1.273945730409745,-1.2510358305409301
0.722351758032472,0.5558080791112872,0.6172931450383234
0.722351758032472,0.6097071700315349,0.6106179804216626
-1.3843670883058157,-0.8595255228739118,-0.8225712752029897
0.722351758032472,1.102269734603349,1.08813176229827
0.722351758032472,1.3934220835337983,1.318774306554754
0.722351758032472,0.36571787391548616,0.35241660310566586
0.722351758032472,0.2962301072621655,0.3787430920979885
-1.3843670883058157,-1.069006775231756,-1.01694264748193
0.722351758032472,0.0006089026149136423,-0.015571559833909676
0.722351758032472,1.4007627069478974,1.3686408765233518
-1.3843670883058157,-1.3681046866336244,-1.3917098634344909
0.722351758032472,0.516621022839761,0.4912590219854867
0.722351758032472,0.31681646391778906,0.28578037326326056
0.722351758032472,0.2420183690068748,0.30574336213442344
-1.3843670883058157,-0.9266584119769351,-0.9361720891539059
0.722351758032472,1.1772219157937944,1.165720081699238
-1.3843670883058157,-1.0458513329805426,-1.0350255298929958
0.722351758032472,0.639137138198284,0.5930323001478811
-1.3843670883058157,-1.382764524513102,-1.3479035776854367
0.722351758032472,1.0901691974143304,1.0462069245353969
0.722351758032472,0.41690345669464124,0.3657410478402003
0.722351758032472,0.6389580438785127,0.6365657315024822
0.722351758032472,-0.27004838568349565,-0.23854527311536106
0.722351758032472,0.5936969543404081,0.5814975968221803
-1.3843670883058157,-1.2411984174437218,-1.2370430272678303
0.722351758032472,0.6360269149300538,0.5666325489890689
-1.3843670883058157,-0.7368961297952413,-0.7047016599549019
0.722351758032472,0.6877722475874857,0.6154706919666706
-1.3843670883058157,-0.9750577002901307,-0.9104731769446606
-1.3843670883058157,-1.3407437742115582,-1.332576056509514
0.722351758032472,0.5597713270746649,0.6335485740378668
0.722351758032472,0.6610369824052835,0.7682517487191703
-1.3843670883058157,-0.96333827234393,-1.0094723953874976
0.722351758032472,0.5246756636141554,0.5687699016254343
0.722351758032472,1.222823989541033,1.1758557935616918
0.722351758032472,0.15517860941824907,0.09924094925782595
0.722351758032472,1.3046451866621465,1.2999747517794429
0.722351758032472,0.44236698680286946,0.39258297997710656
0.722351758032472,1.0969598305463932,1.0940168602370015
-1.3843670883058157,-1.057019093243995,-1.0361730363163597
0.722351758032472,1.236141450361997,1.1880915723839558
-1.3843670883058157,-0.6604977303825676,-0.6593715896173241
0.722351758032472,1.212574711996024,1.2033467154022937
0.722351758032472,0.31475287977038874,0.3152618032517043
-1.3843670883058157,-1.227983554952082,-1.1499154351003538
0.722351758032472,1.0978554875697002,1.0618923870702133
0.722351758032472,1.3423441297900383,1.3334527572863126
0.722351758032472,0.5996029375852833,0.6456237540371162
-1.3843670883058157,-1.0137927647273153,-0.9500173878175081
0.722351758032472,0.5214307475136919,0.4746782928360064
0.722351758032472,0.18432491553202923,0.13840789401723497
0.722351758032472,0.29967080556853565,0.304164247491018
0.722351758032472,0.7862485221823952,0.7539533985498681
-1.3843670883058157,-1.2212032355966285,-1.203664688019758
0.722351758032472,0.3821497143666971,0.37049543645755056
0.722351758032472,0.48910439586852716,0.525170408529382
0.722351758032472,0.3302409999429766,0.39458290707510657
0.722351758032472,0.9125760717889493,0.7829261341965419
-1.3843670883058157,0.08716408583413882,0.05516841846424991
-1.3843670883058157,-0.8688958873206877,-0.8317077551678844
0.722351758032472,0.4392411753339322,0.386486333089777
-1.3843670883058157,-1.17014332136683,-1.1758852607925463
0.722351758032472,-0.5608627770862579,-0.5271713817414355
-1.3843670883058157,-0.9968443730165306,-0.9762670432283649
-1.3843670883058157,-0.6720382526550017,-0.5907533552479127
0.722351758032472,0.3430812704378883,0.36038223651497026
0.722351758032472,0.2771438842490448,0.26716341680916
0.722351758032472,0.7743916343730646,0.7762054787734066
-1.3843670883058157,-1.2652275307720722,-1.2590624715166854
0.722351758032472,0.41322784508519583,0.3855429184262137
0.722351758032472,0.48593923338439704,0.4548242448831853
0.722351758032472,0.8783907335842203,0.910854088622071
-1.3843670883058157,-1.3703454204755254,-1.3639849321421535
-1.3843670883058157,-1.2413928857660834,-1.2662388194523773
-1.3843670883058157,-0.7005547506843075,-0.6855056042851921
-1.3843670883058157,-1.4256351148547082,-1.3717889122742866
0.722351758032472,1.1220210503053907,1.0686970319077362
0.722351758032472,0.3869442394674003,0.36688824477305004
-1.3843670883058157,-1.4627105359638501,-1.4280360520482058
0.722351758032472,0.9962686062073792,0.9807732472485341
0.722351758032472,0.579340624704497,0.555778969616424
0.722351758032472,0.8436932038405107,0.7699815543688429
0.722351758032472,1.3876102528679335,1.344692875444614
-1.3843670883058157,-1.2943766960731709,-1.3212012986626829
0.722351758032472,0.45354148632122115,0.3953222931281396
0.722351758032472,0.0229680102454487,0.007690852769041745
-1.3843670883058157,-0.8802643464858056,-0.822302502256886
-1.3843670883058157,-1.1619674425704636,-1.1767541692729289
0.722351758032472,0.30436488536319173,0.26578450747419213
-1.3843670883058157,-0.5484955371949266,-0.5042058185153755
0.722351758032472,1.520044182301827,1.4582604361956235
0.722351758032472,0.551924045813947,0.5486182892548773
0.722351758032472,0.49703646221780934,0.5021969627473382
0.722351758032472,-0.4155969921270277,-0.29166460880971334
0.722351758032472,0.8747763963238916,0.8326388560864982
0.722351758032472,1.0263635493667502,0.9796016387515105
0.722351758032472,0.7193188239351442,0.6784429956141423
-1.3843670883058157,-0.6353440682947513,-0.5753480300678117
0.722351758032472,0.16259447896650303,0.10840796532991481
0.722351758032472,0.6566350848779187,0.6270401515912385
0.722351758032472,0.7675046610132158,0.7435434449498163
0.722351758032472,0.2628877845216462,0.2784974240683814
-1.3843670883058157,-0.32649233811700595,-0.29989751217723526
-1.3843670883058157,-0.9455138503912373,-0.9078551339933588
0.722351758032472,0.313729609810972,0.2731755620340568
0.722351758032472,0.6443786171272511,0.6484575908505591
-1.3843670883058157,-0.9082649056753481,-0.9102741188256438
0.722351758032472,-0.3581872134959897,-0.32329249981870745
-1.3843670883058157,-1.01318654631108,-0.9971335670485442
0.722351758032472,0.19204890388698348,0.17477796354393305
0.722351758032472,1.0965523293301394,1.0492118609048466
0.722351758032472,0.9334833926068682,0.90733922058398
0.722351758032472,0.7563041038803343,0.7653632951243192
0.722351758032472,-0.5019129087118401,-0.49103397123662434
0.722351758032472,0.4726342654808384,0.5288676528132343
0.722351758032472,0.28835639445208044,0.2686728572526378
-1.3843670883058157,-1.5422621637262395,-1.51653438164681
-1.3843670883058157,-1.4042461470673744,-1.355743700149032
0.722351758032472,-0.5878920807766658,-0.5668452138634779
0.722351758032472,0.5632806865982077,0.5632364446306268
0.722351758032472,0.528470316066368,0.4768196758289831
0.722351758032472,0.4623429125121274,0.41588239399683735
0.722351758032472,0.5474676827867208,0.4985319031502502
-1.3843670883058157,-1.2305117007229134,-1.2182469189803014
-1.3843670883058157,-1.2605607778461616,-1.3162619337294255
0.722351758032472,0.3597529978128282,0.294543753677166
0.722351758032472,1.1399490817037523,1.1324320734631272
0.722351758032472,1.4153644243910977,1.3997364596310686
-1.3843670883058157,-1.496651754580281,-1.4356552992005276
0.722351758032472,0.30715323311327963,0.3039300261962492
0.722351758032472,0.2608718856204375,0.26888052424480446
0.722351758032472,1.2125944916559728,1.160833484813977
-1.3843670883058157,-1.2225183542304021,-1.210756569087093
-1.3843670883058157,-1.1167312324206389,-1.07379601144384
0.722351758032472,-0.4568906665996324,-0.4129292894881535
0.722351758032472,0.6519350162464435,0.6417489409261504
-1.3843670883058157,-1.1825007357146913,-1.1904901246461086
0.722351758032472,0.5511275929568967,0.5740992940201906
-1.3843670883058157,-0.7971236943729578,-0.7821075635844822
-1.3843670883058157,-2.102350856121949,-1.914590361327333
-1.3843670883058157,-1.3876506929166776,-1.3295843663777738
-1.3843670883058157,-1.0593747678306147,-1.029714117639208
0.722351758032472,0.4030892438345073,0.4761882858492874
0.722351758032472,0.9879124775873622,0.920302834672587
0.722351758032472,0.5279901082044105,0.4768822893781679
0.722351758032472,0.5739922550846388,0.4989295470113795
0.722351758032472,0.8886106044804625,0.8410066384102987
-1.3843670883058157,-1.3389862432642161,-1.2919843258689274
-1.3843670883058157,-1.0629898331071395,-1.0717334136251506
0.722351758032472,1.3723713677247553,1.3936442147725152
0.722351758032472,0.9825404609090219,0.9723998657588141
0.722351758032472,0.34005027568326296,0.4102536522357413
0.722351758032472,0.7092175587677918,0.6939360712718432
0.722351758032472,-0.47961891869849355,-0.45826557374510385
0.722351758032472,0.6599527878268127,0.713130939612398
0.722351758032472,1.1272810536666784,1.1225153721331065
-1.3843670883058157,-0.9031748315793712,-0.8608485921903013
0.722351758032472,1.0781391011921337,1.0543282963732734
0.722351758032472,0.6537457421767953,0.6033101543320964
-1.3843670883058157,-1.3532206093866521,-1.3615601726659192
-1.3843670883058157,-0.9937012723104688,-0.9217155688943348
0.722351758032472,0.43501349081885504,0.40329025076147074
-1.3843670883058157,-0.7542263193350607,-0.7154213924624321
0.722351758032472,-0.6537644447305693,-0.6524390670699642
-1.3843670883058157,-1.257693904007962,-1.2196007091852703
-1.3843670883058157,-0.6738804947227275,-0.6357422934165639
0.722351758032472,0.3731739199131314,0.32394812771392684
0.722351758032472,0.852389759388178,0.7359815507797587
0.722351758032472,0.5119205095527934,0.4721720997118404
-1.3843670883058157,-1.1433999632370497,-1.1156929604728878
-1.3843670883058157,-1.1373087838909584,-1.0564499750845533
0.722351758032472,0.13944889551690232,0.1672281027345297
-1.3843670883058157,-1.0309575539382791,-0.9768885059979091
0.722351758032472,1.11429825191692,1.096099104929087
0.722351758032472,0.5512637880315641,0.4912958450255174
0.722351758032472,-0.09437872184164414,-0.1395972448962974
0.722351758032472,0.27122258644650515,0.22327643026220134
0.722351758032472,-0.3668105413818098,-0.36232632070935383
-1.3843670883058157,-1.27354281893551,-1.2560832562977915
-1.3843670883058157,-1.199203261343443,-1.1256582160573325
-1.3843670883058157,-1.1315603328522779,-1.123665053301675
-1.3843670883058157,-0.9177481425937791,-0.8224127397997694
-1.3843670883058157,-1.2049823935782171,-1.237606067626465
0.722351758032472,0.6052434864946411,0.561114436018815
0.722351758032472,0.380904545873309,0.43123381369782454
0.722351758032472,0.3168341078396455,0.41176239114814306
0.722351758032472,0.46690778372643693,0.41684589595873844
0.722351758032472,0.9605381784381949,0.929287141971354
0.722351758032472,0.37395025059554254,0.41887036874392247
-1.3843670883058157,-1.178409456604574,-1.2138530913907017
-1.3843670883058157,-0.7186653861174873,-0.643046336043188
0.722351758032472,0.6396197838520941,0.6067586820258256
-1.3843670883058157,-0.7956132153561061,-0.7805928943260816
-1.3843670883058157,-1.356104107643604,-1.3776494753197976
0.722351758032472,0.5135609332446527,0.5362099043187787
0.722351758032472,0.2660004862776211,0.34452729701481244
-1.3843670883058157,-1.18075860698034,-1.1131493708909286
0.722351758032472,1.263330489057957,1.237035236128755
-1.3843670883058157,-1.0944914858956638,-1.052860270826172
0.722351758032472,0.5419273533738083,0.49800771498245955
0.722351758032472,-0.47935773906084894,-0.4926911788582305
-1.3843670883058157,-1.0840162143604313,-1.090489278022266
0.722351758032472,0.7324347757107337,0.7649383185306292
0.722351758032472,0.8500288303865626,0.8314631635166319
0.722351758032472,1.1728893112848686,1.1168413924853762
0.722351758032472,0.4867674172802703,0.4631955910828943
-1.3843670883058157,-0.9512048650308571,-0.8996086107623431
0.722351758032472,0.7534833060995172,0.7706130618280506
-1.3843670883058157,-1.107679736725062,-1.0877109396016151
0.722351758032472,1.5795581187258554,1.5323803001027847
-1.3843670883058157,-1.4242550449491596,-1.4667490520755824
0.722351758032472,0.6519777503500376,0.5915619715308749
0.722351758032472,0.7750819522038574,0.7423781430191764
0.722351758032472,0.5205489040938971,0.44256133329062025
-1.3843670883058157,-1.4236857942628194,-1.4055236512078544
0.722351758032472,0.5850547905627144,0.579555299175668
0.722351758032472,0.6467930021411287,0.6004060513072136
0.722351758032472,0.5230382673455396,0.5565376332478238
0.722351758032472,1.4429362330917428,1.4010008151566622
0.722351758032472,0.660117316740756,0.6500336853735504
-1.3843670883058157,-1.3519303379190348,-1.3542607622726446
0.722351758032472,1.3433311154242402,1.2877447934652826
0.722351758032472,0.5432791700196794,0.5076103776779474
-1.3843670883058157,-1.159416645405681,-1.179541388544069
-1.3843670883058157,-1.0565319564075224,-0.984915562444894
0.722351758032472,-0.38790766447952035,-0.37173999748781905
0.722351758032472,0.48426860380565234,0.41162467670827385
-1.3843670883058157,-1.0883954057921006,-1.1619950823947942
0.722351758032472,0.44094497362723106,0.4368520559459784
0.722351758032472,1.4498482762173905,1.3733554702399615
-1.3843670883058157,-0.5993489249208179,-0.5370781518236509
0.722351758032472,1.3029273751470032,1.2460484538584073
-1.3843670883058157,-0.4167286538488174,-0.3734445765030967
0.722351758032472,0.8980940451863721,0.860740170420577
-1.3843670883058157,-1.097858085844286,-1.086051403230622
0.722351758032472,0.7598138935495785,0.7676756852993886
0.722351758032472,0.939849505272706,0.8477170362262028
-1.3843670883058157,-0.8438552337170295,-0.7993956954510113
0.722351758032472,0.37711716875442647,0.31045637724273417
0.722351758032472,0.8336661514501577,0.8188441043894963
0.722351758032472,0.415124034457114,0.37645056700717006
0.722351758032472,0.3771622976335264,0.35022748620523714
-1.3843670883058157,-1.0821856205277243,-1.1099084042928433
0.722351758032472,1.3788239119583567,1.344489213019076
0.722351758032472,0.28749247283338486,0.28637768550335485
0.722351758032472,1.4020357833511654,1.369209468507806
0.722351758032472,0.9067471373859706,0.846627676726801
0.722351758032472,0.9129336498895343,0.8910426906153213
-1.3843670883058157,-1.1241942091543886,-1.0486918097698785
-1.3843670883058157,-0.694071662454222,-0.6383182731143882
0.722351758032472,1.4021501294539687,1.3768600470658519
-1.3843670883058157,-1.2653711625000537,-1.1179471350060721
0.722351758032472,0.5778206659635055,0.58185340972706
-1.3843670883058157,-1.0631379936193046,-1.0782144584282753
-1.3843670883058157,-1.1972541625884277,-1.2451567647640243
-1.3843670883058157,-1.0352362516536462,-0.9961594050977555
-1.3843670883058157,-1.5307256140227081,-1.5020317609977272
0.722351758032472,0.8096982213491892,0.6892708392616812
0.722351758032472,0.7380573582722862,0.7370643898560895
0.722351758032472,1.2095901407000333,1.1372714901444545
0.722351758032472,1.1394494140809228,1.090716712509408
-1.3843670883058157,-1.1448944677461523,-1.2120351467812158
0.722351758032472,0.7275363184264623,0.6577746796743947
0.722351758032472,0.463943094613519,0.5247216093473933
0.722351758032472,0.3572729646493684,0.2802695421551674
0.722351758032472,0.6204506311843803,0.5767695450757133
0.722351758032472,0.3731212062473257,0.45804032611915
0.722351758032472,0.41626057270341266,0.3541153853084525
0.722351758032472,1.0736028764181977,1.036330010734375
-1.3843670883058157,-1.074676468454605,-1.031035930979866
0.722351758032472,0.4435962526842335,0.39925820369030895
0.722351758032472,0.9756227335876493,0.8867934701953739
0.722351758032472,0.2653766953501613,0.22742185219745747
0.722351758032472,0.561847622044491,0.46516719859312516
0.722351758032472,1.3934229403935379,1.3758386414568475
0.722351758032472,0.7222512994099819,0.7318684745365686
-1.3843670883058157,-0.9419957849474638,-0.9901634089131722
0.722351758032472,0.3454243143368735,0.33588906806163565
-1.3843670883058157,-1.1086494691167212,-1.1535040134774537
0.722351758032472,1.3719624836041986,1.3389372161937227
-1.3843670883058157,-1.446174358673003,-1.4590998199017222
0.722351758032472,0.5958500419330879,0.6128361828864674
-1.3843670883058157,-1.0303337755195294,-1.0488484654378945
-1.3843670883058157,-0.9255067257716576,-0.9129071493564972
0.722351758032472,0.7675758477040254,0.7754246018532271
0.722351758032472,0.11124935837740596,0.10133726569112256
0.722351758032472,0.7918829706827364,0.7839842011211015
0.722351758032472,0.4510715861425305,0.40575002110093833
-1.3843670883058157,-1.3593082649997181,-1.3841523210910818
-1.3843670883058157,-1.0170317845753207,-0.9422884348292486
-1.3843670883058157,-0.9295187138558596,-0.87278741912433
0.722351758032472,-0.4740953650995258,-0.47635135811467266
-1.3843670883058157,-1.2000768034335196,-1.1969807900812377
0.722351758032472,0.5292659788113329,0.5984117761578374
0.722351758032472,0.7214589009660854,0.7663452159148867
-1.3843670883058157,-1.4348194675641044,-1.4150611578553844
0.722351758032472,0.5455933006789279,0.5819473038681791
-1.3843670883058157,-0.6534073748478285,-0.5725193980747654
0.722351758032472,0.29299085433418504,0.2533476197157758
0.722351758032472,1.1697146563884866,1.121993895542453
0.722351758032472,0.7716913056027419,0.7258155994441311
-1.3843670883058157,-0.8256669031149819,-0.8116899576398903
-1.3843670883058157,-1.1960457215123461,-1.0885995026045294
0.722351758032472,0.7616694271537775,0.7391013984161664
0.722351758032472,0.13454028230351578,0.1525707218163187
0.722351758032472,1.1342248374873258,1.1038477539786449
0.722351758032472,0.681180490877304,0.6306865418674297
0.722351758032472,0.561154234263948,0.5843207717085845
0.722351758032472,0.3358289050551928,0.4058360405678463
0.722351758032472,0.49182418912088716,0.4430624096911845
-1.3843670883058157,-0.829895861204403,-0.8035333043322352
0.722351758032472,0.36841869844827124,0.41258605146457017
-1.3843670883058157,-1.1516438752052884,-1.218177400789699
0.722351758032472,0.3432666719832726,0.33255319323025256
0.722351758032472,-0.5788283689508474,-0.5339993626262078
0.722351758032472,0.25889208907988215,0.30204740152808796
0.722351758032472,0.6522240914548254,0.6802472445734986
-1.3843670883058157,-0.8836446085221172,-0.8553838004325696
0.722351758032472,0.49409188150486094,0.46446778964579094
0.722351758032472,0.5455779963325424,0.6196193883107703
0.722351758032472,0.5077942851654398,0.48983281553930913
-1.3843670883058157,-0.5507622852529944,-0.4852576708457349
-1.3843670883058157,-1.4748956309100123,-1.4214979055968737
-1.3843670883058157,-0.794618700354651,-0.7819050291437069
0.722351758032472,0.19273917039230765,0.1309817350837057
0.722351758032472,1.0380200124067902,1.0341033924010141
0.722351758032472,0.5172769627793818,0.5630560966376206
0.722351758032472,0.28982819833682194,0.333893230086717
-1.3843670883058157,-0.7747474127670013,-0.7657055466925782
0.722351758032472,0.369295900753734,0.3553006665629608
0.722351758032472,0.24876605754076386,0.19436969992945707
0.722351758032472,1.3425028096911211,1.3136425830007106
0.722351758032472,0.3943610364011587,0.4219364322319168
0.722351758032472,0.7421984944510044,0.723096593202761
0.722351758032472,0.5362013910863438,0.5421739038074406
-1.3843670883058157,-1.2816880987770363,-1.3331584680732194
0.722351758032472,-0.274311258716226,-0.29576569154342147
0.722351758032472,0.28423602463531294,0.32209893433467784
0.722351758032472,0.5544087190633236,0.554899785849591
0.722351758032472,0.6174262135099016,0.6361400618240501
-1.3843670883058157,-1.176131913879017,-1.094121838600802
-1.3843670883058157,-1.3270723473118544,-1.2764291606117883
-1.3843670883058157,-1.0862267026217232,-1.020937562229825
-1.3843670883058157,-1.2223587403934537,-1.1807720987103072
0.722351758032472,0.5945818289675883,0.536764041043802
-1.3843670883058157,-1.0844241384079512,-1.1299412044080785
0.722351758032472,0.6885983159089891,0.5643710494913377
-1.3843670883058157,-0.7295185313916298,-0.6892188004704585
0.722351758032472,1.299018570906462,1.243067356422147
0.722351758032472,0.8000893315402768,0.7191716539660253
-1.3843670883058157,-0.49210262912660485,-0.4196820145722952
-1.3843670883058157,-1.2238754913008523,-1.2145913029219437
-1.3843670883058157,-1.0766715573545955,-1.0632405368251718
-1.3843670883058157,-1.2520486408684834,-1.266164138128518
0.722351758032472,0.22382709901571873,0.19569190338270848
-1.3843670883058157,-1.2167156877830403,-1.2256224402609868
-1.3843670883058157,-1.450452225388023,-1.4814282552048437
-1.3843670883058157,-0.655354858835963,-0.5910694689124194
0.722351758032472,0.6927790297879937,0.6977463595849662
0.722351758032472,-0.16852353313623583,-0.15691945069502378
-1.3843670883058157,-1.1188549316617582,-1.1378359329060725
0.722351758032472,0.37617672186640794,0.3561625422723614
0.722351758032472,0.7060915643636265,0.7185810152070327
0.722351758032472,0.41486400489034914,0.43267677213451894
0.722351758032472,0.610414185411904,0.6648293656870309
0.722351758032472,0.615092475011578,0.578507127421798
0.722351758032472,0.6164610606371504,0.6158507915575372
0.722351758032472,0.733661734439912,0.6477409483409801
0.722351758032472,0.40843402853769295,0.37680668503299497
-1.3843670883058157,-1.1866536611423144,-1.1746992504626126
-1.3843670883058157,-1.164355184540293,-1.1199268998002927
0.722351758032472,0.7423336615273637,0.7594033460318432
0.722351758032472,0.6830484763212757,0.7108291250041964
0.722351758032472,0.5839728742427591,0.5851679709560871
0.722351758032472,0.6877449843903568,0.6934419596112441
0.722351758032472,1.3304360616667952,1.2900686739070055
0.722351758032472,0.5750153250322257,0.6486051611016583
0.722351758032472,0.8891445050404867,0.8106649754440014
0.722351758032472,-0.49697418240430424,-0.4979977240402294
-1.3843670883058157,-0.7120778598925321,-0.6771622482743932
0.722351758032472,0.6497318142736368,0.6555971717651452
-1.3843670883058157,-1.2614841665123746,-1.198586878475972
0.722351758032472,0.5374678828349689,0.4741813962380537
0.722351758032472,0.7941171939720038,0.7445670917989385
0.722351758032472,1.3024260464391129,1.256581065769887
0.722351758032472,0.3752212068076114,0.36094811776305946
0.722351758032472,0.7215482150786467,0.6401010119947987
0.722351758032472,0.858125819906108,0.8201639790891134
-1.3843670883058157,-1.4637063204037644,-1.4572757279539297
-1.3843670883058157,-1.5853606713141564,-1.5516353679315662
-1.3843670883058157,-1.2305617270538742,-1.2018893281970235
0.722351758032472,0.6713432709086535,0.6534055849725761
-1.3843670883058157,-1.3468401350686792,-1.319947056671368
-1.3843670883058157,-1.32594981918505,-1.2793916503516778
-1.3843670883058157,-1.0758971985155847,-1.023432590680484
0.722351758032472,1.4441578533263493,1.450708566290134
-1.3843670883058157,-0.7558849522451665,-0.7651095828850747
-1.3843670883058157,-1.260780124702388,-1.2126900477132971
0.722351758032472,0.5986419945017729,0.628764994982763
0.722351758032472,0.37424438309073904,0.33570492344871555
0.722351758032472,0.8157670341595598,0.775119329132214
0.722351758032472,1.268761953868236,1.2886528446540297
-1.3843670883058157,-1.2682144565113425,-1.1707976919948009
0.722351758032472,0.6221823180093108,0.5578267257789373
0.722351758032472,0.5893372529730555,0.5725805981242199
0.722351758032472,0.6169439569659092,0.6451070289782416
0.722351758032472,0.6879041122085144,0.6721401771033607
0.722351758032472,-0.5351588866872112,-0.5092285384317283
-1.3843670883058157,-0.43202285549128083,-0.4784825055614217
0.722351758032472,0.33480558351495204,0.31270377641212127
0.722351758032472,1.2596672769789206,1.233506100357833
0.722351758032472,0.42649100918874927,0.4035954939233404
0.722351758032472,1.2390504576403996,1.0945654804959446
0.722351758032472,0.5722695661651015,0.517783065202242
0.722351758032472,-0.4250479208440189,-0.3686668824627569
-1.3843670883058157,-1.040290699592563,-1.0231067730648533
0.722351758032472,1.2778759408357094,1.2266917490769256
0.722351758032472,0.5186971551100142,0.43680011505595867
0.722351758032472,-0.41322913724663646,-0.4159001593813343
0.722351758032472,1.2747704135351807,1.2340336221257684
-1.3843670883058157,-1.2800420551844378,-1.1692111878940352
0.722351758032472,1.1317138811887704,1.1115601621288804
-1.3843670883058157,-1.5787126285219573,-1.5217116935114365
-1.3843670883058157,-1.43487196559941,-1.4187354435629689
0.722351758032472,0.981497446773818,0.9028325525779686
0.722351758032472,1.1564469611479131,1.1617040297043455
0.722351758032472,0.5359569835656803,0.5674483741575649
0.722351758032472,1.123181234493351,1.1246084536934964
-1.3843670883058157,-0.7527894857672311,-0.7191055180751
-1.3843670883058157,-1.321279183012457,-1.3705257384549452
0.722351758032472,0.8045763030584318,0.842863611742939
-1.3843670883058157,-1.0853656587959049,-1.0188118452773922
-1.3843670883058157,-0.5766771075906767,-0.5791031741861054
0.722351758032472,0.8098655446032268,0.7858635591188898
0.722351758032472,0.4298373888312351,0.4250715655751294
0.722351758032472,0.21134135283793387,0.2025641312228918
0.722351758032472,0.5184523259077018,0.4855867292546552
-1.3843670883058157,-1.2591435144319085,-1.2691398712685558
-1.3843670883058157,-1.0881202607830445,-1.074688689569643
0.722351758032472,-0.009680234985898095,-0.002658701734233715
0.722351758032472,0.6216433823582772,0.6455405271052198
-1.3843670883058157,-1.4893981712164062,-1.5049232514598478
0.722351758032472,1.084508697811707,1.0679730287813012
-1.3843670883058157,-1.5420325182395236,-1.5344254408046765
-1.3843670883058157,-1.1694290558691793,-1.183683428778214
-1.3843670883058157,-0.9136124459118403,-0.9198189547717315
0.722351758032472,0.6845000271881385,0.6750115896015328
0.722351758032472,-0.48807095808751794,-0.46990099987104195
-1.3843670883058157,-1.3052326511758623,-1.3020127603292504
0.722351758032472,0.8519000787881987,0.7611447717747426
0.722351758032472,0.6368959804813195,0.6464023213026105
0.722351758032472,0.06974747153947969,0.05832861861498506
0.722351758032472,1.4469456317461844,1.4273278413930077
0.722351758032472,0.7366963802048511,0.6928928273798463
-1.3843670883058157,-1.2584114300138258,-1.2662349729546578
0.722351758032472,1.1270241724876406,1.1031589759273959
0.722351758032472,-0.49809644546254783,-0.4836136811819487
0.722351758032472,0.49581909665734936,0.5028878815227976
0.722351758032472,0.6671936923908083,0.6217761819645957
-1.3843670883058157,-1.111913270801522,-1.0574896875777
0.722351758032472,0.3393873499754135,0.32909744870594404
-1.3843670883058157,-1.1672974654857644,-1.1456615054124728
0.722351758032472,0.43071643194620957,0.37707144997644704
0.722351758032472,0.5873555816322669,0.5902958059771544
0.722351758032472,0.45857306144642085,0.441718472051264
0.722351758032472,0.46567972903313504,0.4632691905066183
-1.3843670883058157,-0.8978858629835323,-0.9415505956534402
-1.3843670883058157,-1.2200685690217434,-1.2172671962213204
0.722351758032472,0.7079167802222373,0.687402274485986
0.722351758032472,0.5490496592202572,0.5545504461385775
-1.3843670883058157,-0.6523191677174686,-0.6403083649512626
-1.3843670883058157,-0.8226722829316455,-0.7647098042783289
0.722351758032472,0.6462095269664714,0.6834664734966979
0.722351758032472,0.6684589591581572,0.6623975039284724
-1.3843670883058157,-1.6238736508119729,-1.6078353172630069
-1.3843670883058157,-1.2707804457449807,-1.255229312419723
0.722351758032472,0.46673123826168494,0.43683879819812954
0.722351758032472,0.7771588207680686,0.7756961210825699
-1.3843670883058157,-1.4317453728397496,-1.4367331015671425
0.722351758032472,0.33058444670741005,0.2991152773508641
0.722351758032472,-0.4316768504897992,-0.4233702383322132
0.722351758032472,0.5794911140852246,0.5405227517581819
0.722351758032472,0.8464731640305769,0.8047212303878377
-1.3843670883058157,-0.8402102859822856,-0.8168889380686984
0.722351758032472,0.5521537346731594,0.49781428393122445
0.722351758032472,0.5920536326196251,0.5737641583030589
0.722351758032472,0.5547002662713586,0.4981296252400337
-1.3843670883058157,-0.6774766727728966,-0.6138281004892533
-1.3843670883058157,-1.4859469676639705,-1.4703313241381373
-1.3843670883058157,-0.5490205255278913,-0.52037781257407
0.722351758032472,-0.25091842838482237,-0.25366866381640585
0.722351758032472,0.5622616528216948,0.62392423804832
0.722351758032472,0.6561080801300133,0.6516963463404186
-1.3843670883058157,-1.0028780335185465,-0.9732870329188014
0.722351758032472,0.49464759286987314,0.4943136437306571
0.722351758032472,1.129407807267613,1.0937444770828435
-1.3843670883058157,-1.1174648069485065,-1.084652728972555
0.722351758032472,0.44021216905518334,0.48448883340023663
0.722351758032472,0.2552726889875144,0.26949515352946624
0.722351758032472,-0.04191729858453905,-0.02837326148013436
0.722351758032472,0.234093391049213,0.28307092676561585
0.722351758032472,1.1612087610258874,1.1307165386605704
-1.3843670883058157,-1.3681041704642456,-1.3412251131204276
-1.3843670883058157,-0.9951133902577147,-1.022179847699142
0.722351758032472,0.2663068280599441,0.26511426508695546
0.722351758032472,0.8862209525409355,0.8524474890604341
-1.3843670883058157,-1.1908752299123326,-1.1622070738185182
-1.3843670883058157,-1.2070209290408458,-1.2022867945512714
0.722351758032472,0.5168716432321762,0.4719854662779575
-1.3843670883058157,-1.3716503480148603,-1.3935796723195095
0.722351758032472,1.1544502542929922,1.1091509335197012
0.722351758032472,0.6134344648387429,0.6581072627758808
0.722351758032472,0.7378298884406307,0.7146115273427488
0.722351758032472,0.7950040577132849,0.8001891713701711
0.722351758032472,-0.015076726769582577,-0.036708177500818465
-1.3843670883058157,-1.3099699870682546,-1.3402028931463024
-1.3843670883058157,-1.0335597911397971,-0.9813818082841574
-1.3843670883058157,-1.2814627788577049,-1.3358089924492567
0.722351758032472,0.6616846493310311,0.6077685903400605
0.722351758032472,0.40232091760574984,0.39641225647072986
0.722351758032472,0.9493365794256943,0.946881466119931
0.722351758032472,0.26217682825579924,0.3227151631910541
0.722351758032472,0.8132538973899361,0.7932463405892309
0.722351758032472,0.631989534210743,0.6630410599727213
0.722351758032472,1.0891649572444988,1.0682526616569432
0.722351758032472,0.7592952264697942,0.748219777075311
-1.3843670883058157,-1.4532042178001234,-1.4505101280721244
0.722351758032472,1.1208738233454107,1.1083577798131854
-1.3843670883058157,-1.5163417073128787,-1.5445002573489341
0.722351758032472,0.40171657083425966,0.3555935305873078
0.722351758032472,0.3536596615824362,0.3403547855000084
0.722351758032472,0.7492192122766915,0.6976259382242102
-1.3843670883058157,-1.3548273891121603,-1.3772297917759178
0.722351758032472,0.5039330868177659,0.5297088854814402
-1.3843670883058157,-1.1585387387977226,-1.1971552997811123
0.722351758032472,0.35425504494456705,0.3300027512036018
0.722351758032472,0.6962392893443524,0.6295508008105178
0.722351758032472,0.28581853432840654,0.21706829495686175
0.722351758032472,0.5670065452562345,0.6460647629038204
0.722351758032472,0.4930634606203304,0.4541418342979237
-1.3843670883058157,-1.5487422901904873,-1.5374481412021388
-1.3843670883058157,-1.5893406209939598,-1.61072338615514
0.722351758032472,1.4915098006165382,1.4865853155233453
0.722351758032472,0.40757343057552203,0.39737901488870636
0.722351758032472,0.2812382854183765,0.31119056711570203
-1.3843670883058157,-1.196752915871085,-1.1728750856605734
0.722351758032472,0.795194859849006,0.7810141934329996
0.722351758032472,0.8442870401585295,0.8198786976982726
0.722351758032472,0.687854423101081,0.6249267778210551
0.722351758032472,0.6059949247260135,0.5692746890736496
0.722351758032472,0.5533074572429456,0.4813563745145968
0.722351758032472,1.1159051985365385,1.1240283400073083
0.722351758032472,0.2585331595903688,0.19352962362438764
-1.3843670883058157,-1.075909386712089,-1.040902559134068
0.722351758032472,1.32564515745958,1.3340988727097431
0.722351758032472,-0.5346719722275646,-0.5200136553844978
0.722351758032472,1.3661208533545754,1.349950141590674
-1.3843670883058157,-1.5519181376098474,-1.5457882102053302
0.722351758032472,1.1889725967128422,1.1587027635725677
0.722351758032472,0.4464335644535814,0.4249805079033958
0.722351758032472,0.4423102355843973,0.5005256628925759
0.722351758032472,1.025063062263196,1.0096210734306905
0.722351758032472,-0.511615874295184,-0.48919968529585633
-1.3843670883058157,-1.1213874620310853,-1.1162387036200805
0.722351758032472,1.145483580882347,1.1036719087532716
0.722351758032472,-0.5492486616221938,-0.5244965659206976
0.722351758032472,0.6934308154340436,0.7216863388469532
-1.3843670883058157,-1.4203519873779347,-1.4092560769134246
-1.3843670883058157,-1.299187368339799,-1.2672111149412513
0.722351758032472,0.5010837652911572,0.5845105892850887
-1.3843670883058157,-1.1426764685935935,-1.131781497260599
0.722351758032472,0.521358734364216,0.4952741830080589
0.722351758032472,0.45005342689948125,0.5229487996305168
-1.3843670883058157,-1.3330402428651889,-1.2664664763658957
-1.3843670883058157,-1.2697024312489082,-1.2254740283642396
-1.3843670883058157,-1.203167175857277,-1.102406388274755
0.722351758032472,-0.13791769893578848,-0.09554119781089261
0.722351758032472,0.009228128585685613,-0.001346667206167107
0.722351758032472,0.649695391503637,0.6782996802988851
0.722351758032472,0.5749873295723705,0.6084165572227261
0.722351758032472,0.8071170647943826,0.7707000032507867
0.722351758032472,0.5328086777530984,0.46857862326245897
-1.3843670883058157,-1.3735103704792009,-1.4097263942918044
-1.3843670883058157,-0.8531723179097329,-0.846565787543243
0.722351758032472,0.3310758335475086,0.40073371981976424
-1.3843670883058157,-1.104790910160233,-1.069901828283681
-1.3843670883058157,-1.3148699790232525,-1.3082116322437196
0.722351758032472,0.25070123005922107,0.23011805401837593
0.722351758032472,0.6949112434727015,0.7161151640978245
0.722351758032472,0.40021794896534846,0.41965659825665347
-1.3843670883058157,-1.18430008004822,-1.1653608744289996
0.722351758032472,1.350428059632148,1.3277149973014037
0.722351758032472,0.6132190607307634,0.6258608309083793
0.722351758032472,0.39181812182876774,0.3641458182809071
0.722351758032472,0.3335688263253182,0.34046234268731806
0.722351758032472,1.112309356494242,1.1055859066396636
0.722351758032472,1.1798664450932703,1.1926848137421402
0.722351758032472,0.3888628498247867,0.38182931573714596
-1.3843670883058157,-1.4587296273308406,-1.4650309152146226
0.722351758032472,1.161764826132021,1.1320624903719723
0.722351758032472,0.3479484847478397,0.3096175538891712
-1.3843670883058157,-0.7277605899720556,-0.6758297978373294
-1.3843670883058157,-0.6187252164549247,-0.5655959888516647
0.722351758032472,0.2953633710475536,0.27125975423811677
-1.3843670883058157,-1.3447788211643836,-1.2919320943774093
0.722351758032472,0.2364993460185295,0.20064153557580577
0.722351758032472,-0.6444084239110177,-0.627856101616452
0.722351758032472,1.45269267424592,1.4560007517339844
-1.3843670883058157,-1.3019938676066583,-1.349668975702301
0.722351758032472,1.254513221633677,1.2232077751913266
0.722351758032472,0.3442112503922099,0.3801822493260345
-1.3843670883058157,-1.4632845267168428,-1.4842437523559642
0.722351758032472,0.6756274552337561,0.6642253095214329
-1.3843670883058157,-0.8237043127013344,-0.7951536881920995
0.722351758032472,0.33064948620382706,0.3327097094684506
0.722351758032472,-0.32540157712834794,-0.30689170020930634
-1.3843670883058157,-1.0795423457957896,-1.0275362419557224
-1.3843670883058157,-1.511763559696945,-1.4799964060235082
0.722351758032472,0.37580413534954243,0.33930942451711554
-1.3843670883058157,-1.4457859031731477,-1.4719833711647268
-1.3843670883058157,-1.15215735297368,-1.1365043076910313
0.722351758032472,0.5567047677868696,0.568100854793576
0.722351758032472,0.48609551899736314,0.4347197476837098
0.722351758032472,0.3141761319787083,0.30765269410827156
0.722351758032472,0.24597238943937683,0.28895758001473093
0.722351758032472,-0.42731967085509015,-0.4428139779681718
0.722351758032472,0.4727185949176126,0.44455687617314016
0.722351758032472,1.3277558259924354,1.2621786665040595
-1.3843670883058157,-0.8606869678052469,-0.7876010909552353
0.722351758032472,1.0193739492025313,1.0150564878542225
-1.3843670883058157,-1.1785869711090404,-1.1490414085302691
0.722351758032472,0.45462066881608454,0.44478345019286086
-1.3843670883058157,-0.6890319031566268,-0.6229178371074738
-1.3843670883058157,-0.9468533379292052,-0.8819578367798737
0.722351758032472,0.4705653102056469,0.5070372490987893
-1.3843670883058157,-0.7269910628029582,-0.6467386904665089
-1.3843670883058157,-0.7510668857987864,-0.705392367392585
0.722351758032472,1.39629263020692,1.404801349472927
0.722351758032472,0.5035068076149174,0.4624897609258424
-1.3843670883058157,-0.8923722976382887,-0.860481757509318
0.722351758032472,0.043269091277274185,0.002371837097362217
0.722351758032472,1.033065111061675,0.9253308873147295
0.722351758032472,0.8885505952324088,0.8459057459666611
0.722351758032472,0.5803858894400812,0.5178043251260546
-1.3843670883058157,-1.4706225649838178,-1.4447357290262153
-1.3843670883058157,-1.2332157138170408,-1.218488875327375
-1.3843670883058157,-0.7576727605037479,-0.6925038381430311
0.722351758032472,0.25563144034078245,0.22636739375837672
-1.3843670883058157,-0.8756885797388487,-0.8421157292221477
0.722351758032472,0.7734705227898483,0.779775716172326
0.722351758032472,0.459691670960586,0.403368896525389
0.722351758032472,1.1006308884934164,1.03264528357971
0.722351758032472,0.9927840845115308,0.9561925784733922
-1.3843670883058157,-1.2242867030999436,-1.205363544733211
0.722351758032472,0.4480354081452832,0.44720547052148846
0.722351758032472,0.5685149015681118,0.5503541768770764
-1.3843670883058157,-1.442086543317277,-1.3931492543976634
0.722351758032472,1.4257533884603066,1.3697631213489823
0.722351758032472,-0.2150107696047851,-0.2514352326995072
0.722351758032472,0.0032953744560738074,0.03422958906163476
0.722351758032472,0.4440966417364305,0.4111538284678991
0.722351758032472,0.45671777150883364,0.40886971647963344
-1.3843670883058157,-1.4121929554724368,-1.3644709454239785
0.722351758032472,1.0349841057397926,0.9197436616944754
0.722351758032472,0.6006031741953336,0.6153801701793609
0.722351758032472,0.7557984946009474,0.6995172325819312
0.722351758032472,0.6495306656873046,0.6587998305408198
0.722351758032472,0.5157003582181815,0.5923280276447459
0.722351758032472,1.1381411834762427,1.1099398876048054
-1.3843670883058157,-1.1915999805182005,-1.1110015348458433
-1.3843670883058157,-1.044226091053927,-0.9933247021714462
0.722351758032472,0.6069728788049804,0.6777457738370288
-1.3843670883058157,-1.4791870659884123,-1.4528583758748954
0.722351758032472,1.4030861340510667,1.4182054824452885
0.722351758032472,0.512133120331542,0.4743898146955523
-1.3843670883058157,-1.250293906616982,-1.2622660950470554
-1.3843670883058157,-1.451896890578604,-1.4264438972764935
0.722351758032472,0.4442053671100491,0.4437225566153949
0.722351758032472,0.4212143810242509,0.5019771027844963
0.722351758032472,0.6029634355086494,0.5348167091996583
0.722351758032472,0.4031610977723922,0.37231628630656166
0.722351758032472,-0.42884086091022444,-0.4200610493442999
0.722351758032472,1.2374014797695114,1.2237834101668887
0.722351758032472,0.9490132409930558,0.9172157178369622
0.722351758032472,0.292868123261386,0.3029510260911368
-1.3843670883058157,-0.8024822605240564,-0.7438970106005971
0.722351758032472,0.2685175962701173,0.2687597996016027
0.722351758032472,0.5538655679661998,0.5961951994353436
-1.3843670883058157,-0.6873921322077632,-0.6395676928580872
0.722351758032472,0.09387720417608492,0.047903839387787306
-1.3843670883058157,-1.2526894230083219,-1.2229999567015706
-1.3843670883058157,-1.3894960501583973,-1.3828084817084487
0.722351758032472,-0.3801854712332964,-0.3777440126548053
0.722351758032472,0.9961401576523468,0.9787000128666054
0.722351758032472,0.6856423896644712,0.7049625609423732
0.722351758032472,-0.4106122867426181,-0.4102826654494896
0.722351758032472,1.1724312795250469,1.1169214242666197
0.722351758032472,0.45197810222943335,0.5418575106920369
-1.3843670883058157,-0.6750399700180747,-0.6044837095186965
-1.3843670883058157,-1.188060831851406,-1.081319468828049
0.722351758032472,-0.06816554365077587,-0.04210215934127021
-1.3843670883058157,-1.2580220835909792,-1.2486633209170848
0.722351758032472,0.6764500587222986,0.6647820890471476
0.722351758032472,0.8517907066532747,0.8430710604923625
-1.3843670883058157,-1.2463455143596462,-1.3185431517681936
-1.3843670883058157,-1.4401465734344712,-1.4532879734186708
-1.3843670883058157,-1.1834953547154505,-1.1679970355828941
0.722351758032472,0.48515750886494247,0.43817128208717093
0.722351758032472,0.5605301128683167,0.6009313972745689
0.722351758032472,1.277052087567486,1.2306738749870099
0.722351758032472,0.45214879727912427,0.41171324063352455
-1.3843670883058157,-0.7948428246730576,-0.7456972334100591
0.722351758032472,0.8756249347721521,0.8580912813203645
0.722351758032472,1.0104816940821935,0.9257744960249388
-1.3843670883058157,-0.8849054294253731,-0.9284268155580806
-1.3843670883058157,-1.0905237812429234,-1.1006859298281595
0.722351758032472,-0.5067551921648012,-0.49829818277818116
0.722351758032472,0.8815972579885942,0.8790504332154851
0.722351758032472,-0.44182545026516884,-0.4272533816440971
-1.3843670883058157,-1.2058739782984271,-1.2565334115572577
0.722351758032472,1.326058501256615,1.3054013569672842
-1.3843670883058157,-1.2000530146550572,-1.2096158862657447
0.722351758032472,1.2206488662126285,1.1803407303384414
0.722351758032472,0.9433447473688803,0.9283187556182845
0.722351758032472,1.1447771395694004,1.1271301906411646
0.722351758032472,0.6218216294190314,0.5795899944385169
-1.3843670883058157,-0.4064150154142745,-0.36909348211680404
0.722351758032472,0.5623779161711894,0.515096957180212
0.722351758032472,1.2359927013912353,1.2309931414423305
0.722351758032472,1.4803178937603345,1.402569783070056
0.722351758032472,0.721891345101991,0.7292213095854725
0.722351758032472,1.1261118950715074,1.1275744064159823
0.722351758032472,1.3254939859774817,1.2758339203127318
0.722351758032472,-0.607787001238528,-0.6135529363582986
0.722351758032472,0.575931275991636,0.5521714549554988
0.722351758032472,-0.7476760892103957,-0.7044953782063155
0.722351758032472,0.6331820432941971,0.5745552882201036
0.722351758032472,0.28306133409108936,0.27922879837704473
-1.3843670883058157,-0.981712214000829,-0.9333387814634911
0.722351758032472,0.6917564981908109,0.7180150884165268
0.722351758032472,0.7726210379900514,0.7993555611750645
0.722351758032472,0.4154952472969362,0.41958203477346606
-1.3843670883058157,-0.6645894261587055,-0.6018235994892661
0.722351758032472,0.550416466644878,0.4982519724511864
0.722351758032472,0.7949589228272078,0.7563156879674914
-1.3843670883058157,-0.9934645156345276,-1.040585694833236
-1.3843670883058157,-0.6140578703441986,-0.5673260551972447
-1.3843670883058157,-1.1082046266989494,-1.0907558265890618
0.722351758032472,1.1354200344765335,1.1176045611452419
0.722351758032472,0.04257840234009047,0.036695891068573516
-1.3843670883058157,-1.4841220299423281,-1.4882850684578468
0.722351758032472,-0.24102243602434736,-0.2795136227622158
0.722351758032472,0.5623578543894893,0.5405547076897931
0.722351758032472,0.794459270464291,0.8054149034916052
0.722351758032472,0.6268507969763615,0.5874008123175776
0.722351758032472,0.13961929581760057,0.10286291264365399
-1.3843670883058157,-1.3181071018371702,-1.3133795413761447
-1.3843670883058157,-0.8704520750577716,-0.9265839924971478
0.722351758032472,1.0581545081360524,1.0275380805042689
0.722351758032472,0.37719190636145516,0.3470682386342696
0.722351758032472,0.3450079673964981,0.3430569900684938
0.722351758032472,0.4181064472176288,0.38864719986432095
0.722351758032472,0.4074875209364107,0.3511350204823115
0.722351758032472,0.5979989620787057,0.6635999334053635
0.722351758032472,0.10250235195503288,0.08344660285248379
0.722351758032472,1.3561727692864698,1.335411644578345
-1.3843670883058157,-0.7062559793093148,-0.6963278613848443
0.722351758032472,0.21585583153059262,0.20230959802816406
-1.3843670883058157,-0.5670777526627389,-0.5185696984991182
0.722351758032472,0.33997541775842255,0.3556084242124643
-1.3843670883058157,-1.2451312152638188,-1.2558276154525136
0.722351758032472,0.40572552622355784,0.39111883449671403
-1.3843670883058157,-1.2869654133584842,-1.2469792854170711
0.722351758032472,1.4291161296359933,1.381115357951726
0.722351758032472,-0.34177339394747697,-0.32544461389094487
0.722351758032472,1.0723216080140494,1.041152193319481
-1.3843670883058157,-0.8045587228114223,-0.7320045522802937
0.722351758032472,-0.6178460534701053,-0.5873823151523849
-1.3843670883058157,-1.1753264842630002,-1.1517018253648184
-1.3843670883058157,-1.2263616344757862,-1.2075650416473613
-1.3843670883058157,-1.4970512982825062,-1.458615280018205
-1.3843670883058157,-1.3850485844827725,-1.3317739600833625
0.722351758032472,0.5206502924971372,0.47504586526652304
0.722351758032472,0.6950754649767648,0.6368730519907007
0.722351758032472,0.40043482576453404,0.44667024470675565
0.722351758032472,1.358641923318943,1.3026876183567304
0.722351758032472,0.7837416516023848,0.7244198347109578
0.722351758032472,0.6047066385952811,0.5355890590953577
0.722351758032472,0.7987659326552005,0.7859814356953514
0.722351758032472,0.8669754017531771,0.8468855189250621
-1.3843670883058157,-0.908846220747878,-0.9834958678155639
-1.3843670883058157,-1.2132341937001268,-1.1485513700750722
0.722351758032472,0.4013380710230585,0.3692795402776593
0.722351758032472,0.29273652643884707,0.2523313877196699
-1.3843670883058157,-0.9853754739108516,-0.9677988407677419
0.722351758032472,0.5797353057249668,0.5458502792166539
-1.3843670883058157,-1.4034132100283285,-1.2763898359009136
-1.3843670883058157,-1.459466892585319,-1.4604137956115815
0.722351758032472,0.3763757626404064,0.34892179751304736
-1.3843670883058157,-1.336765483723678,-1.301084155570183
-1.3843670883058157,-1.509507164895215,-1.467058699448653
0.722351758032472,0.45867451378741797,0.5273888263887578
-1.3843670883058157,-1.0126593652173161,-0.9767169854354905
-1.3843670883058157,-1.0798354090821114,-1.0755902102427162
0.722351758032472,0.97372557578031,0.9075942337018644
-1.3843670883058157,-1.204796685444591,-1.1593230100715413
0.722351758032472,1.2920849877882938,1.2834491089076203
-1.3843670883058157,-1.2262241047018045,-1.2187583000071216
-1.3843670883058157,-1.1028592452611397,-1.0754849675439584
0.722351758032472,0.2708193187980259,0.2536050771550735
0.722351758032472,0.3938553836282299,0.33950985816612234
0.722351758032472,0.26370565527567746,0.23340522523917773
0.722351758032472,1.2179135686777525,1.188021061408683
0.722351758032472,0.3150573026668603,0.36198592264783946
-1.3843670883058157,-1.2439364974123757,-1.163888148158129
0.722351758032472,0.4143660825811961,0.35329894853611926
0.722351758032472,1.1513925411999115,1.0864767561186326
0.722351758032472,0.9378262428448411,0.8842756980345047
0.722351758032472,0.6016490827652289,0.605477503493592
0.722351758032472,0.6085128187254064,0.6075394591984131
-1.3843670883058157,-1.6318371260501596,-1.59006217533961
-1.3843670883058157,-1.5158646608793596,-1.4723438048014268
-1.3843670883058157,-1.1400731561705153,-1.1033787152303618
-1.3843670883058157,-1.064036690687565,-1.0085079818504106
0.722351758032472,1.4386204184582811,1.4029106820786734
0.722351758032472,0.23626574867075556,0.307187731861305
0.722351758032472,0.5088256614934766,0.5721565652939519
0.722351758032472,1.2287269985930274,1.2205548937547623
0.722351758032472,-0.6377902452479196,-0.6088379898900704
0.722351758032472,0.38524641991233677,0.4511062721903596
-1.3843670883058157,-0.7763271954507893,-0.7845176733195479
0.722351758032472,0.576755097501519,0.556600405412966
-1.3843670883058157,-1.4091170556690817,-1.402222782900464
0.722351758032472,-0.3351324692547957,-0.34342959711358356
-1.3843670883058157,-0.6122822525052933,-0.5144777120802861
0.722351758032472,1.2932918660422792,1.2880181929319354
-1.3843670883058157,-1.2443947505640711,-1.2534452099468356
-1.3843670883058157,-0.6926983531795737,-0.5991601076285723
0.722351758032472,0.4924744613344313,0.46471166766960786
0.722351758032472,0.4858937412906914,0.5540119427467793
0.722351758032472,0.42012382039714324,0.39100962814572615
0.722351758032472,0.352688181361114,0.43667773509630403
0.722351758032472,-0.4252460498309979,-0.41269206515157986
0.722351758032472,0.9856478894175402,0.9281725244926409
0.722351758032472,0.49246083527240364,0.5138850813158597
0.722351758032472,0.8119646787822308,0.7753621196583094
0.722351758032472,0.3054513917061317,0.3036937760206765
0.722351758032472,0.89134945624503,0.8874365833821349
0.722351758032472,0.35856908157779116,0.3265112582967899
0.722351758032472,0.6613261058245388,0.700076100716854
-1.3843670883058157,-0.6989049030827359,-0.6312187911192226
0.722351758032472,0.3646994656795733,0.31950019842845684
0.722351758032472,0.7300516038173772,0.7406417690022469
0.722351758032472,0.42017947703489766,0.37707879724383697
0.722351758032472,1.3398358546529117,1.2963725409849394
0.722351758032472,1.2043272998004366,1.1872012302160004
0.722351758032472,0.7351024908149947,0.7414875075976053
0.722351758032472,0.45107708051757744,0.5402402823759636
-1.3843670883058157,-1.0893465219321676,-1.0880977409753305
0.722351758032472,1.1503999299837453,1.0647468598923444
0.722351758032472,0.3492334668513732,0.3397839021739124
-1.3843670883058157,-0.9801419888815629,-0.9071715743873323
0.722351758032472,1.362306527667274,1.3384765918492543
0.722351758032472,0.47418890384493256,0.4431461618474263
-1.3843670883058157,-1.5849612874454533,-1.5901325774585158
0.722351758032472,1.151522188633844,1.13706085543178
-1.3843670883058157,-0.9789215714894539,-0.9599308362165788
0.722351758032472,0.8757859900385276,0.8406512962505337
0.722351758032472,1.3507442998103816,1.315086111264241
0.722351758032472,1.2136184485181287,1.1749722925453643
0.722351758032472,-0.24584960866621353,-0.25041194572441694
0.722351758032472,0.3324143713391964,0.3179220887207497
0.722351758032472,0.5525518580727617,0.5928533002337695
0.722351758032472,0.5385665458106162,0.5656007512669285
0.722351758032472,1.007202719329118,0.9550583209499209
0.722351758032472,0.10572723259366235,0.11246810053153367
0.722351758032472,1.3253895866664243,1.2935590862143609
-1.3843670883058157,-1.0629691820874723,-1.0125033316182621
-1.3843670883058157,-1.1125777291218841,-1.1473651654755403
0.722351758032472,1.3903704429341568,1.3359025372942819
0.722351758032472,1.0961937129918384,1.096187117875322
-1.3843670883058157,-1.533095680868841,-1.5450324057104985
-1.3843670883058157,-1.1785485921451482,-1.2058553582018143
0.722351758032472,1.460170253044922,1.4009547799232083
0.722351758032472,0.713836824229857,0.7095385598704476
-1.3843670883058157,-1.0491877312541344,-1.0260300126018573
0.722351758032472,0.19749305440805698,0.20773297730812312
-1.3843670883058157,-1.516737792626197,-1.442919597583581
-1.3843670883058157,-1.0691790000982297,-1.1285617829462489
-1.3843670883058157,-0.7755937274853262,-0.7477402611551311
-1.3843670883058157,-1.3632500655342585,-1.3519585624740411
0.722351758032472,0.8502724365825727,0.7958832917568402
0.722351758032472,1.2608497060285735,1.2314096876239966
0.722351758032472,1.2834167839881419,1.2252459872273413
0.722351758032472,1.373377474496344,1.3290503315573658
0.722351758032472,1.246530867122912,1.2354103384454984
0.722351758032472,-0.328325746932858,-0.32671981979297704
0.722351758032472,0.4047224467504125,0.394040116933612
-1.3843670883058157,-1.076909533114549,-1.0877926940976883
-1.3843670883058157,-1.2450250421756088,-1.2324829403948525
-1.3843670883058157,-0.8820143763586511,-0.8411892893777952
0.722351758032472,0.2787946662029961,0.2564368438241722
-1.3843670883058157,-1.2929055792913324,-1.2879782468980712
-1.3843670883058157,-1.298780831679482,-1.2564286497874702
0.722351758032472,0.54080727912037,0.47347037444259543
0.722351758032472,0.3497446485551596,0.3682016323438577
0.722351758032472,0.3386076304779668,0.42284429809453183
-1.3843670883058157,-1.1113590358306122,-1.0197334099766733
-1.3843670883058157,-0.8720753636970853,-0.8112372357284008
0.722351758032472,0.867035687228134,0.7981145946305208
0.722351758032472,0.4738589258269275,0.44244505474283286
0.722351758032472,0.21073518880700504,0.21837132500349676
-1.3843670883058157,-0.9747304679671106,-0.9975587184517325
0.722351758032472,1.18371389041459,1.1791151852507245
0.722351758032472,-0.5882172455344024,-0.5534850871628049
0.722351758032472,1.2982221869070592,1.293391323352926
0.722351758032472,0.5083950668710422,0.4801502531567079
0.722351758032472,1.0879645707580279,1.074593351914848
-1.3843670883058157,-0.5741516994053231,-0.5346045764380892
-1.3843670883058157,-1.1383107052789887,-1.1428825989699
0.722351758032472,0.8529649613872068,0.8523368864646378
0.722351758032472,0.3389726256094482,0.31756734013264687
0.722351758032472,0.5652203515642018,0.5878620952482865
0.722351758032472,0.3037378980025133,0.28734908102128
0.722351758032472,1.0318240899417963,0.9306478225141612
-1.3843670883058157,-0.9345385569099607,-0.9029444669505451
0.722351758032472,-0.3265378239152297,-0.2827896474624292
0.722351758032472,0.6876350864618787,0.7457832839316332
-1.3843670883058157,-1.0986346378089746,-1.045337994095101
-1.3843670883058157,-1.3172598814929624,-1.277755193063468
0.722351758032472,0.6723012334377796,0.7204276607318164
0.722351758032472,-0.59709143843104,-0.6102509448402557
-1.3843670883058157,-1.3470372894705667,-1.3207837439414678
0.722351758032472,1.2196018510218531,1.212360914905931
0.722351758032472,1.1526056047269204,1.1532017812128814
0.722351758032472,0.7270124927508449,0.7249002605950967
-1.3843670883058157,-0.4488622240623251,-0.40499925944323045
-1.3843670883058157,-1.3525289245669816,-1.3628697546921638
0.722351758032472,0.4365587264741331,0.3874252266483891
-1.3843670883058157,-1.386143484662817,-1.3229630643191612
0.722351758032472,0.32012519445214405,0.3095155827062258
-1.3843670883058157,-1.2520429649719516,-1.2748383586848089
0.722351758032472,0.3385669487317422,0.329022070644454
0.722351758032472,0.40803151207412247,0.39170991885456374
-1.3843670883058157,-1.1918751116124422,-1.1897644675966912
0.722351758032472,0.7048918180701792,0.6351509540323547
0.722351758032472,0.44029145888566257,0.41807033592934095
0.722351758032472,0.9231419725483909,0.8635619297870298
0.722351758032472,-0.01804669665347125,0.01753350221433625
0.722351758032472,1.0366985706529914,0.9995473734188647
0.722351758032472,1.2432537361791263,1.236482271105166
-1.3843670883058157,-0.5649613609573767,-0.49427731140392167
0.722351758032472,0.49237952731423595,0.5140421990892119
0.722351758032472,0.1609629837268549,0.16112726907758135
0.722351758032472,1.1538759528907536,1.1001161670202262
-1.3843670883058157,-1.0380793171404084,-1.0428343626095573
-1.3843670883058157,-1.1587962801023237,-1.070131366346793
-1.3843670883058157,-1.359677308247019,-1.3734205841379563
0.722351758032472,1.2926542695922365,1.2505840940304818
0.722351758032472,0.39568644208112724,0.3780800833693964
0.722351758032472,0.3990723327045371,0.38219042074527276
0.722351758032472,0.42070177609483256,0.4031294603510164
0.722351758032472,0.3890817922223154,0.33928063022665955
-1.3843670883058157,-1.6787836851988902,-1.6043340144701266
0.722351758032472,0.6996363362255721,0.6922378148852941
0.722351758032472,1.104268787241765,1.1051456551502836
-1.3843670883058157,-1.3714980745751035,-1.3510779177575172
-1.3843670883058157,-1.2436310948787046,-1.2474721465572007
0.722351758032472,0.4860831778142216,0.5039035719344608
0.722351758032472,0.6732371371560805,0.6609450335526121
0.722351758032472,1.338313371170861,1.328975072643563
0.722351758032472,1.2762747316387202,1.2395449753687053
0.722351758032472,0.546711711221403,0.49702255762107883
0.722351758032472,0.6486425915800791,0.6747239682038492
0.722351758032472,1.3240042004832686,1.3161954837845107
0.722351758032472,0.7665529949113894,0.7557456337775266
0.722351758032472,1.3432406994364103,1.3383360816367464
0.722351758032472,0.15476901532249765,0.18225756735447518
0.722351758032472,0.18987011794770958,0.17978248016862786
-1.3843670883058157,-1.101510086913309,-1.0898488921237075
0.722351758032472,0.5561972523271672,0.6160387329731181
-1.3843670883058157,-1.4314389559471614,-1.4160760412403144
0.722351758032472,-0.4624384494850342,-0.4723826225597918
0.722351758032472,0.6489460817194229,0.6744787777578
-1.3843670883058157,-1.1335197337566074,-1.1015292512823398
0.722351758032472,0.6595241675397767,0.6957481959334201
0.722351758032472,0.710172954538256,0.6858882584243786
-1.3843670883058157,-1.3753540863720646,-1.4517775520008274
0.722351758032472,0.25957627508026904,0.24412348074692336
-1.3843670883058157,-1.2115900702827893,-1.182802542071773
-1.3843670883058157,-0.6896247883290719,-0.6034078521697883
0.722351758032472,1.0583624791973683,1.0441257286645669
-1.3843670883058157,-1.2259426523227914,-1.2947084485912455
0.722351758032472,-0.36075502733311215,-0.31568941435789244
0.722351758032472,0.6869846277462714,0.6538633136668511
0.722351758032472,0.42461006765540443,0.38565810246116006
-1.3843670883058157,-1.014866096456652,-0.972816154376343
-1.3843670883058157,-1.1895613006810617,-1.1019980213169873
0.722351758032472,0.775108024250587,0.795451622332231
-1.3843670883058157,-1.1433395662418149,-1.137397991312353
-1.3843670883058157,-1.3063937681538587,-1.240923357269143
-1.3843670883058157,-1.257679920498623,-1.2522705702903394
0.722351758032472,0.3287263555133053,0.2981897003322035
0.722351758032472,0.4152706854084228,0.3619407074808799
0.722351758032472,-0.21877493977899193,-0.1821797048342339
0.722351758032472,0.5549166341755789,0.5398117411258043
-1.3843670883058157,-1.1279752819655755,-1.0880777305496636
0.722351758032472,0.6529726866213426,0.5958976341024397
0.722351758032472,0.8823181700353928,0.8070714729869334
0.722351758032472,1.1986230388975816,1.1520835051172897
0.722351758032472,0.2631627909261933,0.26193351618660043
0.722351758032472,0.060423417025909365,0.10062663060845112
-1.3843670883058157,-1.2584050662142015,-1.2232266785374288
0.722351758032472,0.27341037702769566,0.37016282763566555
0.722351758032472,-0.38272872330379126,-0.37105028975663085
0.722351758032472,0.4575283135658593,0.5126797181741429
-1.3843670883058157,-1.3501406219616947,-1.3948835790808538
0.722351758032472,0.6032785674684934,0.6176188707838787
0.722351758032472,0.6413009935970444,0.5727241496359734
0.722351758032472,0.48119757139596997,0.49547411744429937
0.722351758032472,0.9054319753001334,0.8732290262744072
0.722351758032472,0.23223310854615886,0.22797854981983845
0.722351758032472,0.4495441062385038,0.51237719781635
0.722351758032472,1.230975729183522,1.2064186490392745
0.722351758032472,1.1690273891080187,1.187367807606608
0.722351758032472,0.09255703410213068,0.1231297331885608
-1.3843670883058157,-1.1503230711998893,-1.1744032336396026
-1.3843670883058157,-0.6449795442209506,-0.5739383695121225
0.722351758032472,0.5045967099142942,0.4699797195150225
0.722351758032472,1.0448983045415745,1.0164749430763786
-1.3843670883058157,-1.3302931458960074,-1.2374805330476262
0.722351758032472,0.5903705166730253,0.6074204047336305
0.722351758032472,1.2057767040539622,1.1653182774545576
0.722351758032472,0.3972268610394666,0.3215485115304151
-1.3843670883058157,-1.2798626450523565,-1.2934880942723588
0.722351758032472,0.5452815212218008,0.6474296728334443
0.722351758032472,0.5144225639694984,0.4942249487472423
-1.3843670883058157,-1.3811344720743655,-1.3768000365411983
0.722351758032472,1.4760151199207325,1.3940841027566435
0.722351758032472,0.9962418283193499,0.9819622265586991
0.722351758032472,1.2356653526056458,1.1652953816921876
0.722351758032472,0.7319629095578283,0.7127229313312539
0.722351758032472,0.5967205565446903,0.5762017174451686
-1.3843670883058157,-0.977747371614279,-0.9299140818798395
-1.3843670883058157,-1.4304888313030661,-1.4419576821198725
0.722351758032472,1.4855995276915976,1.455378824903139
0.722351758032472,1.0070872700806426,1.020021946652815
0.722351758032472,-0.6901836519961054,-0.6893891601636021
0.722351758032472,0.5785208051751725,0.5542424914732126
0.722351758032472,0.4017392780877922,0.3867366197763714
0.722351758032472,0.5578867751585843,0.5698273923672217
0.722351758032472,1.205349391502061,1.2123142934548878
0.722351758032472,0.6725696638608025,0.7288071182951213
-1.3843670883058157,-1.1922625991903941,-1.2338905101967848
-1.3843670883058157,-1.0862205461170547,-1.0893204887060748
0.722351758032472,0.7066739879417991,0.699938801974862
0.722351758032472,0.8701681861472673,0.8719866040165459
0.722351758032472,0.33903957161232323,0.34718453871972943
0.722351758032472,0.3306514290664119,0.30989583778542495
0.722351758032472,1.2773013062848064,1.280156900043084
0.722351758032472,1.0319970602083797,1.0099968694038828
0.722351758032472,0.8354910528128207,0.8513572219882949
-1.3843670883058157,-0.8648806179805824,-0.8717341003723885
0.722351758032472,0.7383769463826421,0.8056246709064593
-1.3843670883058157,-0.8618132150214362,-0.8520045899593993
-1.3843670883058157,-0.7083821254668573,-0.6888398816991385
0.722351758032472,0.4566272321252164,0.4587095057658598
0.722351758032472,0.40306444254039553,0.5020560348805895
-1.3843670883058157,-0.6938219118987415,-0.6745912189151178
0.722351758032472,1.3334323307213336,1.3313958547016234
-1.3843670883058157,-0.7743265389754914,-0.7483592494303787
0.722351758032472,1.4506680399431438,1.4100264164295455
-1.3843670883058157,-1.3271955862173623,-1.3246622057832926
0.722351758032472,0.2908943460970156,0.28316664717965756
-1.3843670883058157,-1.1030551708311285,-1.0425815156581433
0.722351758032472,0.6959598281640536,0.7188740943380976
-1.3843670883058157,-1.1226164498671423,-1.1546207723697217
-1.3843670883058157,-1.147726351755167,-1.0960805937263813
0.722351758032472,0.441980784763749,0.48303554212569855
0.722351758032472,0.4301343919326335,0.4182990259148805
0.722351758032472,0.29489789530245125,0.22537855034284227
-1.3843670883058157,-1.292575916802717,-1.2669040523233999
0.722351758032472,0.47808321486890226,0.5529301230618244
-1.3843670883058157,-1.9697836871475238,-1.7556895343950072
-1.3843670883058157,-0.8259231667995993,-0.7853857294051871
0.722351758032472,1.0356953827768383,0.9568587847520156
-1.3843670883058157,-0.9098740345868996,-0.8692568006729309
0.722351758032472,1.259449340814123,1.2669474318168092
0.722351758032472,0.48192791626308673,0.448724201338462
-1.3843670883058157,-0.9327305167493076,-0.8888043114429101
-1.3843670883058157,-1.0519876309284442,-1.043804550485881
-1.3843670883058157,-1.1171592251098104,-1.0355335063621245
0.722351758032472,0.48197129060086796,0.5121500358475917
0.722351758032472,0.4852980595966191,0.4788878624419013
-1.3843670883058157,-1.0343962924161578,-0.9920071480160585
0.722351758032472,0.23803821217213628,0.24234980285938124
-1.3843670883058157,-0.8663327307892877,-0.8438142993991183
-1.3843670883058157,-0.9225753945283334,-0.8907653399280789
0.722351758032472,0.20143749945990785,0.18415373685880543
0.722351758032472,0.5130600373750164,0.5787720064107212
0.722351758032472,0.42923124683863,0.44667046745079075
0.722351758032472,-0.18439215594098027,-0.1902920458987025
0.722351758032472,0.6955788196926871,0.752879631624178
0.722351758032472,0.6605237590464805,0.703261001156068
-1.3843670883058157,-1.0384595650415052,-0.963336414973258
-1.3843670883058157,-0.7845341276869056,-0.7569917165583592
0.722351758032472,1.0970343405629959,1.0496974701441226
0.722351758032472,0.36237613726212226,0.36322710570319516
-1.3843670883058157,-0.8560089130702992,-0.7860103253387444
0.722351758032472,0.2673412557948084,0.2684918042104403
0.722351758032472,0.5316959554649455,0.474141079652034
-1.3843670883058157,-1.0974326676980204,-1.0896360623724881
0.722351758032472,1.0960336873735477,1.0735224226686966
0.722351758032472,-0.1821434736183828,-0.15359075682231615
0.722351758032472,-0.4124738833778778,-0.389714427830647
0.722351758032472,0.6361074998713186,0.6468065863294702
0.722351758032472,0.45225527175807967,0.5251281739636003
-1.3843670883058157,-1.4259552466609386,-1.4415190771517943
0.722351758032472,0.051645341462301486,0.042692081112527425
0.722351758032472,0.8282616684379005,0.8566710273434335
0.722351758032472,0.4090070480653809,0.3217278459914204
0.722351758032472,-0.37623769749973174,-0.38541466136583763
-1.3843670883058157,-0.9452145199904942,-0.9248172642517596
-1.3843670883058157,-1.3087365072496806,-1.2372493677931062
0.722351758032472,-0.5372446720255051,-0.47536444945508627
0.722351758032472,1.1811036935338568,1.2073936541829828
-1.3843670883058157,-1.4032556886101248,-1.3883187402706751
-1.3843670883058157,-1.0109040231655464,-1.0614728672079892
0.722351758032472,1.051715525459927,0.9938689980054567
0.722351758032472,0.30317198808310164,0.3051332393541418
0.722351758032472,0.586071727929974,0.5646440665078434
0.722351758032472,0.5534782547096202,0.6045765589978465
0.722351758032472,0.8721029565235394,0.8102380687389547
0.722351758032472,0.559091603639433,0.5850745283429769
0.722351758032472,0.5630194694660725,0.6195995962640607
-1.3843670883058157,-1.0512020498383396,-1.0946607967206083
0.722351758032472,0.5321129769923725,0.510144796357121
0.722351758032472,1.2014651633323128,1.1713222713373215
0.722351758032472,0.8211654575943974,0.7827106878257105
0.722351758032472,0.5425950379464795,0.5741110370104183
-1.3843670883058157,-0.8214697560775928,-0.7935043919223947
0.722351758032472,1.0549958642991253,0.9945561800749256
0.722351758032472,0.6914294378476958,0.6844349946014919
-1.3843670883058157,-1.160945395457777,-1.155681309503357
0.722351758032472,0.5388134575211769,0.5968489058823003
-1.3843670883058157,-1.1515456798928823,-1.152913470915875
0.722351758032472,0.6186253390666127,0.6195009812614168
-1.3843670883058157,-0.9341557857691811,-0.8577321523322711
0.722351758032472,0.6128531777704433,0.535845121867021
-1.3843670883058157,-1.253366037740025,-1.21688611026062
0.722351758032472,1.1512285909540063,1.127206498448115
0.722351758032472,1.0308428940903935,1.0312364984999047
-1.3843670883058157,-0.938461075401836,-0.8866207931189234
0.722351758032472,0.48914259726297005,0.4359552536642632
0.722351758032472,0.4005867479786863,0.4469021343574421
-1.3843670883058157,-0.640419472669212,-0.5897001232061861
-1.3843670883058157,-1.1096274807781692,-1.1024788110692871
0.722351758032472,-0.06582766598490242,-0.057932120639177576
0.722351758032472,-0.09758196017712661,-0.06876221665852639
-1.3843670883058157,-0.6322827237446627,-0.6568047366292262
0.722351758032472,1.1157379414078048,1.0299510193822845
-1.3843670883058157,-1.3214081632292585,-1.2560850165495272
0.722351758032472,-0.09314063164381753,-0.1374631500434188
0.722351758032472,-0.5696107370607847,-0.5464181500424243
-1.3843670883058157,-0.8584800295957511,-0.8079809120296317
0.722351758032472,1.0751934831431254,1.0170063257513435
0.722351758032472,0.4183550781254618,0.36664454364414045
-1.3843670883058157,-0.9826216872872919,-1.0311949053332823
0.722351758032472,0.7648207583830691,0.765881008763509
-1.3843670883058157,-1.485663088286175,-1.50967889105561
0.722351758032472,-0.5331160659984784,-0.4955480325091979
0.722351758032472,0.27332007950571846,0.2927311825216372
-1.3843670883058157,-0.9702586680157104,-0.9767581051359964
0.722351758032472,-0.07338253012064694,-0.02322353796526705
0.722351758032472,0.7105050041418142,0.7131972216159281
0.722351758032472,0.8866398557956932,0.8709431786846961
-1.3843670883058157,-0.5711158414623297,-0.531823884848283
0.722351758032472,0.47086029518153216,0.468326312183494
-1.3843670883058157,-1.3054002855383833,-1.3053368603002622
0.722351758032472,0.4595697943864261,0.4274373680187028
0.722351758032472,0.6659119922577035,0.6578952162813603
-1.3843670883058157,-1.2509159018148535,-1.2298482704473048
0.722351758032472,-0.23929695373930068,-0.21402573736329045
-1.3843670883058157,-1.0596163937789593,-0.9881949273542059
0.722351758032472,-0.3901426298932489,-0.38728917011185493
0.722351758032472,0.6150758605201293,0.5588090041798077
0.722351758032472,0.4664142496117787,0.48269041258524814
0.722351758032472,0.924639360145693,0.8367769841137451
-1.3843670883058157,-1.495162079083767,-1.5100640439736734
0.722351758032472,0.866884454496566,0.8202697021129264
0.722351758032472,0.4884111274751948,0.47486575680866194
-1.3843670883058157,-1.2762883849441975,-1.2725329226843587
0.722351758032472,0.9230832727998121,0.9004661875916332
0.722351758032472,0.5010524376844826,0.5443031971865282
0.722351758032472,1.0685530627102822,1.0389271871200472
-1.3843670883058157,-1.256216003426644,-1.1998005064177806
-1.3843670883058157,-2.1941024736068213,-2.0144102811415774
0.722351758032472,1.0506319662254013,0.937105493830493
0.722351758032472,0.9194933010099973,0.9253555254867685
-1.3843670883058157,-1.3429386273662598,-1.289821644581849
0.722351758032472,0.4897004735174557,0.4573443945658029
0.722351758032472,-0.33793280470781106,-0.25679076235896026
0.722351758032472,-0.5284913330789709,-0.4925025882389414
0.722351758032472,-0.6055524782539928,-0.572741792057548
-1.3843670883058157,-1.2650873375170317,-1.1979813944365092
-1.3843670883058157,-1.0196422427569418,-0.9881040750403651
0.722351758032472,0.7006205230120249,0.7006109944494818
0.722351758032472,1.1255073973459535,1.1261614181542612
0.722351758032472,0.6987271883805786,0.7254454506376355
-1.3843670883058157,-1.1972660485643436,-1.2579212988673913
-1.3843670883058157,-1.6615076518521827,-1.6095234136169883
0.722351758032472,0.649734575208126,0.6816631452492872
0.722351758032472,0.8178923631562459,0.7900816959422666
0.722351758032472,0.5675516554901158,0.5289495262826507
-1.3843670883058157,-1.519718222242774,-1.4882284551316747
0.722351758032472,0.32734924035815766,0.40527301983830805
-1.3843670883058157,-1.1948379016518453,-1.11958474810121
0.722351758032472,0.3681758602238451,0.3353978175121989
-1.3843670883058157,-1.03614867002931,-0.9528536138267357
0.722351758032472,0.44221435898463723,0.47302705879140006
-1.3843670883058157,-1.02318847299158,-1.0235823627114824
0.722351758032472,0.5788888352681559,0.6045387144863106
-1.3843670883058157,-0.9368284335065779,-0.8563836467145651
0.722351758032472,0.7900286889046015,0.7753842350513003
-1.3843670883058157,-0.8484028872317373,-0.8795200350429622
-1.3843670883058157,-2.2100163625626315,-2.0460151383915646
0.722351758032472,0.9329535260729518,0.9286615538745178
0.722351758032472,0.4809487526110946,0.4530718824957457
-1.3843670883058157,-1.0052207253462124,-0.9749728782112056
0.722351758032472,0.9964466724638577,1.01909160890837
-1.3843670883058157,-0.7395412434366554,-0.7069421609069251
0.722351758032472,1.0742872677849546,1.0323831489930833
0.722351758032472,0.509165904920387,0.4563404830732153
-1.3843670883058157,-1.2388482365508726,-1.237366196185866
-1.3843670883058157,-0.9067182687769944,-0.9100459354943213
-1.3843670883058157,-1.5444503136979377,-1.5387334617130082
-1.3843670883058157,-1.0913348277064352,-1.0605435522907267
-1.3843670883058157,-1.0781202252201592,-1.046263298417868
0.722351758032472,0.44998905312998205,0.49991378507414663
0.722351758032472,0.5503425750287879,0.47649544363745494
-1.3843670883058157,-1.4738186117457404,-1.4186171984395015
0.722351758032472,-0.559612551290877,-0.49938245871237974
0.722351758032472,-0.4897903470378312,-0.47489071852849196
0.722351758032472,-0.45214568509487146,-0.4336594231894596
0.722351758032472,0.07849571867815597,0.0438655608586308
0.722351758032472,0.5679275788073778,0.5724040919681773
0.722351758032472,0.5987761246798865,0.6318245768940722
0.722351758032472,0.43618097790570515,0.4889555047489542
0.722351758032472,0.2714557686706911,0.2612401204961534
0.722351758032472,0.7198738143453879,0.698739452622934
0.722351758032472,0.5468066716922856,0.492028681013563
0.722351758032472,0.6228853012343613,0.609047125239267
0.722351758032472,1.3648625631234028,1.338898766780848
0.722351758032472,0.4607780153046739,0.4549952921722721
-1.3843670883058157,-1.0608507014898483,-1.0168267587867195
-1.3843670883058157,-0.9852615243360391,-0.912592461453056
-1.3843670883058157,-1.0337820321585505,-0.9912123947064516
0.722351758032472,0.696343863342385,0.7034445034375548
0.722351758032472,0.5974563014261225,0.6156402928487437
-1.3843670883058157,-1.3153428463206187,-1.2859656429420872
0.722351758032472,1.2846726731579268,1.2491317539602944
-1.3843670883058157,-0.6974822492723372,-0.6944909444225349
-1.3843670883058157,-1.276723563786458,-1.202789987353217
0.722351758032472,0.22644410100669965,0.2478716584076074
-1.3843670883058157,-1.2793128388554713,-1.2535774724293933
0.722351758032472,1.1351846666527572,1.1274261832193928
0.722351758032472,0.5862214757202688,0.6106676583039243
-1.3843670883058157,-1.096063507976482,-1.1757991782300916
0.722351758032472,0.7246462417478609,0.7019563608412412
0.722351758032472,0.4976855508033762,0.4596644126578524
-1.3843670883058157,-1.1431287731282718,-1.0725375209873071
-1.3843670883058157,-1.5634861668181927,-1.5366615604663765
0.722351758032472,0.8995314691511809,0.8149705215110385
-1.3843670883058157,-1.3278992400468859,-1.307725336656269
0.722351758032472,1.1752974071938063,1.1759991233522986
-1.3843670883058157,-0.5489039256909821,-0.4897554607538175
-1.3843670883058157,-0.9315550471000753,-0.9524815577971046
0.722351758032472,0.7260936131209119,0.7161977143806098
0.722351758032472,1.1289250939999642,1.0938543513001335
0.722351758032472,0.5910857752753693,0.5836104570330684
0.722351758032472,-0.6385201791032744,-0.6205978945511611
0.722351758032472,0.5352489847589694,0.48820550296398785
0.722351758032472,0.8137611381720201,0.7669532382055143
0.722351758032472,0.4714046871406651,0.410442260719327
0.722351758032472,0.4044831419240611,0.47802433097979946
0.722351758032472,0.5631722595795826,0.48500675661239945
0.722351758032472,0.4156611605306886,0.38628403417449997
-1.3843670883058157,-1.0555381856040755,-0.9721717801423624
0.722351758032472,0.378791598168288,0.44518508677637825
0.722351758032472,0.5562697492748716,0.5482560721138816
-1.3843670883058157,-1.1104982178597826,-0.9833001447665843
-1.3843670883058157,-1.041136624356456,-0.9784619346400131
0.722351758032472,0.6596484346094952,0.6872857339529567
0.722351758032472,-0.7206222174660737,-0.6832989611840303
0.722351758032472,1.1506126043676375,1.1335976392906637
0.722351758032472,0.7757464579326516,0.7002158403816396
0.722351758032472,0.7519988664285251,0.7582133091631685
0.722351758032472,0.3316254575309644,0.3791508672081514
0.722351758032472,-0.46584419789119413,-0.44021735374582993
0.722351758032472,0.7706343941448949,0.6794585531118418
0.722351758032472,0.48458119321848836,0.4873477715056004
-1.3843670883058157,-1.2772909642637627,-1.355506119452296
0.722351758032472,0.6007135466823494,0.5776530782301059
0.722351758032472,0.9578927563825501,0.939821643056721
-1.3843670883058157,-0.8922537852216841,-0.8547683877155386
0.722351758032472,0.7810605583512664,0.7536656734167534
0.722351758032472,1.2391625924353682,1.1892428154233046
0.722351758032472,0.5324821859127357,0.5531264121052045
0.722351758032472,0.5584256668725838,0.5152253832519031
0.722351758032472,0.47491856301196833,0.5228386434466081
0.722351758032472,1.325180433504966,1.2954656637365622
-1.3843670883058157,-1.4227922562109052,-1.3475941818184891
0.722351758032472,0.3929614571031802,0.4229275022309439
-1.3843670883058157,-1.2977542287767072,-1.2464944393474187
-1.3843670883058157,-1.1346870085398397,-1.1131031697608162
0.722351758032472,0.590243034336054,0.5950127057102663
0.722351758032472,-0.3983218485631536,-0.3648599298404207
-1.3843670883058157,-0.7456690206065734,-0.7489433100981747
0.722351758032472,0.5274350564282742,0.4961375872684271
0.722351758032472,0.5947514374054355,0.5497438852901586
0.722351758032472,-0.19804222648322414,-0.18078914062837595
-1.3843670883058157,-0.9519857432474558,-0.8977078164932094
0.722351758032472,0.35142673831998283,0.34440600210633787
-1.3843670883058157,-1.0065472585155382,-0.9725515831191799
-1.3843670883058157,-1.034725992826135,-1.1040311358522992
0.722351758032472,0.36191472077385967,0.362630853291642
0.722351758032472,-0.498969816035599,-0.48349758654184116
-1.3843670883058157,-1.355538198556364,-1.3303867291137197
0.722351758032472,0.3592446040287941,0.2959047147471566
0.722351758032472,0.7536421024014905,0.7211870824526466
-1.3843670883058157,-1.1904043386857799,-1.2145273501195033
0.722351758032472,-0.587985986613663,-0.5498170332633869
0.722351758032472,0.49985417158646683,0.418934338999546
0.722351758032472,0.3113603795865268,0.25841524315741426
0.722351758032472,0.5503612847232155,0.6301579184601795
0.722351758032472,0.6322093275908899,0.6645624406488715
-1.3843670883058157,-0.7874443759600134,-0.7659709313829489
0.722351758032472,-0.5004546470117642,-0.4475009593384596
-1.3843670883058157,-1.323606984345329,-1.3065051914369696
0.722351758032472,0.408539498369061,0.4122383603692923
0.722351758032472,1.232533257866839,1.1904533418365058
-1.3843670883058157,-0.5488569003754201,-0.4964696664300675
0.722351758032472,0.3064856907959096,0.30243734493482066
-1.3843670883058157,-0.7447118691661035,-0.6877631042324073
0.722351758032472,0.5877340986194076,0.5405280310025882
0.722351758032472,0.5566794566382407,0.5097386263753757
-1.3843670883058157,-0.8589510601414474,-0.7785781920109203
0.722351758032472,1.0371637364368502,0.9898910741620562
-1.3843670883058157,-0.7155478953954383,-0.637792440522243
0.722351758032472,0.8178316028165487,0.7772825326334482
-1.3843670883058157,-1.1745941846313257,-1.0864487099077402
0.722351758032472,0.11178966987486627,0.170748912617671
-1.3843670883058157,-1.4227363773863486,-1.429748689977019
0.722351758032472,0.5293303442098193,0.5824284989258038
0.722351758032472,0.47933959892370326,0.4281605877885488
-1.3843670883058157,-0.588838483641884,-0.5408018587352705
0.722351758032472,0.8950753271083102,0.7998456021843818
0.722351758032472,0.48049904482404354,0.5077167473183996
-1.3843670883058157,-1.1808453615961443,-1.117662439640588
-1.3843670883058157,-0.5988524001872482,-0.5361991192575017
0.722351758032472,0.2918425275159452,0.3652556857705018
-1.3843670883058157,-1.3889421720375899,-1.412298357276564
0.722351758032472,-0.5310330895656444,-0.4905665873042516
0.722351758032472,1.1694413815473759,1.124469843671786
0.722351758032472,1.3923161155661234,1.3338000688116898
0.722351758032472,0.5044728910879469,0.5565709569237941
0.722351758032472,0.4038046388204862,0.3781602478506198
-1.3843670883058157,-1.3359263545182007,-1.3182215531008736
0.722351758032472,0.27909156814679814,0.26424893973002
0.722351758032472,0.535371898228489,0.5848709007371901
-1.3843670883058157,-1.2594714334597539,-1.2492466754814109
0.722351758032472,1.3247777326619685,1.3221973708791808
0.722351758032472,0.6013167054899744,0.5790896172989587
-1.3843670883058157,-1.3418959125871317,-1.3883104207953574
-1.3843670883058157,-1.0762181429904045,-1.0592167288503813
0.722351758032472,0.3559774289092492,0.29878362747630116
0.722351758032472,0.551380681682607,0.5394487387815591
0.722351758032472,0.3407577617269807,0.2939905436521042
0.722351758032472,0.5371931582421852,0.5649419176703818
-1.3843670883058157,-1.9124147486878105,-1.7014500404614519
-1.3843670883058157,-1.1212026631454277,-1.0873172041043042
-1.3843670883058157,-1.0754802422392213,-1.0308618578742084
-1.3843670883058157,-1.0703973079345146,-1.023061935893712
0.722351758032472,1.1839549401648342,1.1328483486903238
0.722351758032472,1.410660117752736,1.3873295682376159
0.722351758032472,1.283511735780977,1.2612131716070523
-1.3843670883058157,-1.151083514955513,-1.1438107736778618
-1.3843670883058157,-1.0638774499849315,-1.0541454859541812
0.722351758032472,0.5596565972541326,0.511706207338548
-1.3843670883058157,-0.8744252761909787,-0.8532453498024843
-1.3843670883058157,-1.2531765008376823,-1.2083923093180935
0.722351758032472,0.4215472186533223,0.4079966780795694
-1.3843670883058157,-0.6990156167507457,-0.6442428482169077
0.722351758032472,1.354782470022806,1.3007581899387164
-1.3843670883058157,-0.7232178395303872,-0.6886159218856064
-1.3843670883058157,-1.133318251949352,-1.0603966834365983
0.722351758032472,0.8806128000769544,0.8081569990018873
-1.3843670883058157,-1.1567951585959462,-1.0994807336661014
0.722351758032472,0.37954921771609,0.33568644403578873
0.722351758032472,0.40102037979855104,0.36507190472668893
-1.3843670883058157,-0.6509001318108687,-0.6015017342882594
0.722351758032472,1.1287330700382205,1.0736121716210647
0.722351758032472,0.44560893126103873,0.41520341178440834
0.722351758032472,0.5442881998811675,0.5479393018272485
0.722351758032472,0.3802211032401106,0.36725269322649645
-1.3843670883058157,-0.8976596672638933,-0.8869532067414498
0.722351758032472,1.4377025351556925,1.3833023460791822
-1.3843670883058157,-1.3473978781219977,-1.3147199513354584
-1.3843670883058157,-1.2950166276830368,-1.3730970860708596
-1.3843670883058157,-1.2284094796493061,-1.1912763881295652
0.722351758032472,-0.4256001478061868,-0.46797870246018347
-1.3843670883058157,-1.1942409413532307,-1.1948043225380456
0.722351758032472,1.262721267603848,1.1881235964390755
-1.3843670883058157,-0.8188595187012497,-0.8460226304446555
0.722351758032472,1.0210721396869005,0.9657902142918446
-1.3843670883058157,-0.776664803631395,-0.769514873632854
0.722351758032472,0.3021210809065977,0.2772771956711856
0.722351758032472,0.4099189502734128,0.34284922075965096
-1.3843670883058157,-1.2004606016292232,-1.158342087718493
0.722351758032472,-0.25402487668770707,-0.17053585200892027
0.722351758032472,0.45067564294649565,0.43524472794278224
0.722351758032472,0.6281462932546242,0.6310720873410425
0.722351758032472,1.1782512704640566,1.1609087453081801
-1.3843670883058157,-1.2575031374974512,-1.2062952145340806
0.722351758032472,0.4076665531026249,0.35577402811985986
0.722351758032472,0.6084249176398955,0.6783367289039421
-1.3843670883058157,-1.3575029145678097,-1.4037090577708167
0.722351758032472,0.704384776052891,0.6783949449160936
-1.3843670883058157,-0.8377503587448529,-0.8173782855672089
-1.3843670883058157,-0.9622334759996076,-0.92875009746362
0.722351758032472,0.37908516751195953,0.37038602246351526
-1.3843670883058157,-0.8731432880962666,-0.8881363931227002
0.722351758032472,0.6279286435048101,0.5642488952904241
0.722351758032472,0.8860174224620756,0.8190929722607944
0.722351758032472,1.0498983922429952,1.0074122418099716
0.722351758032472,0.3412878241827306,0.3555791191036657
0.722351758032472,1.2649157449935238,1.2801913208800928
-1.3843670883058157,-1.1741814467726988,-1.1278487810562525
0.722351758032472,0.19479218624120442,0.241040719680655
0.722351758032472,0.6706552532312844,0.6173367494285632
-1.3843670883058157,-1.043782512169827,-1.019930259710055
0.722351758032472,0.3665268146883238,0.3567746178094155
0.722351758032472,0.6122603783186645,0.5498687992862319
0.722351758032472,1.4066138286380399,1.3739652632954824
-1.3843670883058157,-0.9623733293915293,-0.888274417236619
-1.3843670883058157,-1.1771694656691143,-1.278617135444092
0.722351758032472,0.58317190458897,0.5316668580919994
0.722351758032472,0.42929737919653355,0.38557116275155023
-1.3843670883058157,-1.1450492044629719,-1.1353915313025575
-1.3843670883058157,-1.251466541927472,-1.2645699379645878
-1.3843670883058157,-0.9706105282542823,-0.8715036159145876
0.722351758032472,0.9798753338002086,0.9500511330535153
0.722351758032472,1.3351659305340902,1.33224489942299
0.722351758032472,0.3753853569122195,0.32871221309951326
0.722351758032472,1.0301053383525245,0.9285385715693517
0.722351758032472,0.6479088291368394,0.6755046802645746
-1.3843670883058157,-0.6947700182769407,-0.6504346818741596
-1.3843670883058157,-1.3026859637884913,-1.3221192933084014
0.722351758032472,1.2491631370542426,1.1819029807127304
-1.3843670883058157,-0.752431414872627,-0.7322065028681003
0.722351758032472,-0.48498243302573635,-0.45606689105996473
0.722351758032472,0.9431080203043946,0.8671040051360711
0.722351758032472,0.6266743358609901,0.6509017883342332
0.722351758032472,0.8081515383030524,0.7803728056983805
0.722351758032472,-0.7038169688285971,-0.6492303818033772
-1.3843670883058157,-1.1567634625191834,-1.118623519078243
0.722351758032472,0.4516488440245394,0.452557578309013
0.722351758032472,0.43738899674168097,0.47310014657140187
0.722351758032472,0.8952384565922533,0.8726206742922612
0.722351758032472,0.5306749572759588,0.5973579088886701
-1.3843670883058157,-1.316112649220461,-1.2720830810779502
0.722351758032472,0.37032788183917736,0.3305787567143519
0.722351758032472,0.5593172377145718,0.6164602057274777
0.722351758032472,0.4045171938972527,0.3791111822771229
-1.3843670883058157,-0.8951800305727693,-0.8825745586142956
0.722351758032472,-0.5790175739253178,-0.553857847252432
0.722351758032472,0.39823707762966776,0.4254582853349108
-1.3843670883058157,-1.0366146527959943,-1.0545023277533894
-1.3843670883058157,-1.594746980703462,-1.5770858014767328
0.722351758032472,0.40388985966641194,0.3602044723846493
0.722351758032472,0.9378464388471199,0.9129671643429118
0.722351758032472,0.43723408100665684,0.3834230964697586
0.722351758032472,0.5359923475818655,0.5391766845437235
0.722351758032472,1.029912278985492,1.002122512973152
0.722351758032472,1.2324973131122694,1.2223528811872382
-1.3843670883058157,-1.400442234005488,-1.4712321541235758
0.722351758032472,1.0042452908516606,0.9197250138077875
0.722351758032472,0.6856836807480423,0.6691575578151222
0.722351758032472,1.0734296283834377,1.0618686922321539
0.722351758032472,0.3246206615777046,0.2882257518877217
-1.3843670883058157,-1.4989159139337076,-1.4967668174938193
0.722351758032472,0.2756327979835714,0.2419803279521735
0.722351758032472,0.08442673958752867,0.04988157271471555
-1.3843670883058157,-0.789225833423332,-0.7476642172048016
0.722351758032472,1.2995332752849889,1.2844422138997076
0.722351758032472,0.5224906499907893,0.523379507354553
0.722351758032472,-0.4834985495201285,-0.48188028634939534
0.722351758032472,-0.541971681356765,-0.526204758124173
0.722351758032472,0.3855444753119649,0.3626762484651006
0.722351758032472,1.024604514272716,1.0136319186071518
0.722351758032472,0.6179121091094713,0.5650569624614117
-1.3843670883058157,-0.6278478687935312,-0.576612249487705
-1.3843670883058157,-0.7983754034368878,-0.7553119296526409
-1.3843670883058157,-0.98682977355508,-0.9613743945528828
0.722351758032472,0.5429094834938497,0.5698215357794368
0.722351758032472,0.60231213402456,0.652268489915454
0.722351758032472,1.607350888506786,1.5424374935824052
0.722351758032472,0.6144533433215983,0.5796325748251113
-1.3843670883058157,-1.0766686442861417,-1.0845164643166978
-1.3843670883058157,-0.7005428603607409,-0.6686809307177082
0.722351758032472,0.41282252266719277,0.35668481164019106
-1.3843670883058157,-1.3457622361893544,-1.312674761813858
-1.3843670883058157,-1.0394163714381084,-1.0339710692171642
0.722351758032472,0.4528978928222358,0.41167608233969333
-1.3843670883058157,-1.4345400073254142,-1.3963846956403183
0.722351758032472,0.43078216558334836,0.3770069838346353
-1.3843670883058157,-1.6222607131212612,-1.5739244320733687
0.722351758032472,0.40641031276028805,0.3988918335475926
0.722351758032472,0.7461468626168126,0.7731329975996646
-1.3843670883058157,-1.2796150694415818,-1.2425277177932064
0.722351758032472,-0.273130465654441,-0.21662372778865494
0.722351758032472,0.9304099165487824,0.8790095705288887
0.722351758032472,0.029456204559061394,0.01552949405403481
-1.3843670883058157,-2.134619819485745,-1.9289983179927437
0.722351758032472,0.3021074905059049,0.3169349163294345
0.722351758032472,0.4222718033336779,0.3872356782573239
-1.3843670883058157,-0.8669698535664335,-0.8573746574917726
0.722351758032472,0.4411805014979363,0.40334127015423893
0.722351758032472,0.6370416369805765,0.6231986622650061
-1.3843670883058157,-1.3848564281498315,-1.308679422869434
0.722351758032472,0.6609350284043635,0.6731018523626494
-1.3843670883058157,-1.595448193717986,-1.5663811688613598
-1.3843670883058157,-1.1420154646425638,-1.0780665256752402
0.722351758032472,0.8404556462661601,0.8079686215982738
-1.3843670883058157,-0.6061890803822477,-0.550660148564598
0.722351758032472,0.2071691601878567,0.2191882063039684
-1.3843670883058157,-1.383416831985595,-1.3748744011626264
-1.3843670883058157,-1.2075264923575233,-1.222937826286525
-1.3843670883058157,-1.2369805995661112,-1.1965046927694687
0.722351758032472,0.5590972643784622,0.5078619155198377
-1.3843670883058157,-1.2346500136879248,-1.2268084363139977
-1.3843670883058157,-0.6985302901206748,-0.6865484510620355
0.722351758032472,0.7308202276557909,0.7292501869664164
0.722351758032472,1.040703914795802,1.0361720151303797
0.722351758032472,0.38716571730057703,0.40420957415603387
0.722351758032472,1.1218837066479348,1.0975939738633163
0.722351758032472,0.7836935692231334,0.7934533473044961
-1.3843670883058157,-1.3242419500375262,-1.3651306034466404
-1.3843670883058157,-1.2412135833866735,-1.1738264899827264
0.722351758032472,0.5942914363511305,0.538780873171639
0.722351758032472,0.07184600776334615,0.03166666938457541
0.722351758032472,0.5665209246543155,0.5046518072321977
0.722351758032472,0.4311726256345715,0.4761177644506053
0.722351758032472,1.3342950084275638,1.3092082103462033
-1.3843670883058157,-0.995977772450421,-0.9519311407588985
0.722351758032472,0.6241168522935275,0.610172617972557
-1.3843670883058157,-1.3502689273574355,-1.303020696017887
-1.3843670883058157,-1.0692676408035613,-1.1029988230631098
0.722351758032472,1.3111385331794552,1.2902742434262773
-1.3843670883058157,-1.473033413461795,-1.3948847313948567
0.722351758032472,1.2834066435014324,1.2729144825977574
-1.3843670883058157,-1.2489618958952466,-1.198794906811083
0.722351758032472,0.5049884222035517,0.45248961591170694
-1.3843670883058157,-0.8837598358160768,-0.9216361525690129
0.722351758032472,0.5076295839335392,0.4857703284228023
-1.3843670883058157,-0.8964420589024334,-0.8242463945371967
-1.3843670883058157,-1.4455631707258962,-1.4747907086524459
0.722351758032472,-0.49720370729517493,-0.46377340548809787
0.722351758032472,0.7409961413774414,0.7312517188457479
0.722351758032472,0.4642586958638204,0.38102235415150715
0.722351758032472,0.5100358136300225,0.4525355585270834
0.722351758032472,0.6512484977219363,0.5864135084508622
-1.3843670883058157,-1.2513181873652632,-1.2240066352061703
-1.3843670883058157,-0.9923584610006366,-1.033925402120428
0.722351758032472,-0.06791619559398357,-0.0501917550657221
0.722351758032472,1.2012121685168258,1.1780432607634554
0.722351758032472,1.1969784829917658,1.2003932762116307
-1.3843670883058157,-1.2010911576190568,-1.2815988256344546
0.722351758032472,0.5901166796826605,0.6311203626652759
0.722351758032472,0.8291249534108205,0.7575937475367897
-1.3843670883058157,-1.2095665443602672,-1.1730370355943973
0.722351758032472,0.5924541305209367,0.5580818364238602
-1.3843670883058157,-1.139434312207364,-1.1014037893105493
0.722351758032472,0.5593898539032055,0.5861895544652513
-1.3843670883058157,-1.2422775268895858,-1.2514443452711541
0.722351758032472,0.4080960573237122,0.3513795931589371
-1.3843670883058157,-0.5938981134745962,-0.5370432027752174
-1.3843670883058157,-1.1136783577790417,-1.1148781436800694
0.722351758032472,0.5300739694779228,0.4811946171297496
-1.3843670883058157,-0.594733444222582,-0.588674096867928
-1.3843670883058157,-1.494870093189713,-1.4202855626528321
0.722351758032472,0.45330695328506787,0.4124576389261937
0.722351758032472,0.19258134847018,0.18367345961171616
0.722351758032472,0.4638876920875541,0.43147481887367656
-1.3843670883058157,-1.1146041466185705,-1.1508948923208195
0.722351758032472,0.7236819666240286,0.6959245687107576
-1.3843670883058157,-1.3929770465679137,-1.4003054907227992
0.722351758032472,0.14303087084833366,0.14239146109124218
-1.3843670883058157,-1.250570760184707,-1.2213854455859512
0.722351758032472,-0.27300562425724106,-0.2664562893039769
0.722351758032472,0.3417594877642951,0.32597984497035704
0.722351758032472,0.17632508150151183,0.1754022876846364
-1.3843670883058157,-1.1783733923091513,-1.186286296213008
0.722351758032472,0.5602177955352701,0.6340784903150662
0.722351758032472,0.6790992723935427,0.6786112448683979
0.722351758032472,-0.3756272109911122,-0.39673583815375507
-1.3843670883058157,-1.514187781876514,-1.4734284835290048
-1.3843670883058157,-1.3198286737793772,-1.3618713333883954
0.722351758032472,0.6220147118108955,0.5515464068239693
0.722351758032472,1.1640410625639566,1.127334387222923
-1.3843670883058157,-0.944299662486169,-0.898529989574747
-1.3843670883058157,-0.5670478910859159,-0.5162571248475544
0.722351758032472,0.45919265302220924,0.396489406943978
-1.3843670883058157,-1.4691183716337588,-1.4823205903077958
0.722351758032472,0.49092503898583806,0.5527737157991167
0.722351758032472,0.3901394191679406,0.3615894728723412
-1.3843670883058157,-1.0031375186912872,-0.9604417916095166
0.722351758032472,0.6186886016054522,0.6207534978685879
0.722351758032472,0.14433507509731847,0.12898741006867054
0.722351758032472,0.4762628871299954,0.5375625368997616
0.722351758032472,0.45854826110006686,0.40157330115599754
-1.3843670883058157,-0.8435805055973233,-0.7968684057930046
0.722351758032472,0.5313274296193198,0.49550251270168605
0.722351758032472,0.4484183086542224,0.433541989238569
-1.3843670883058157,-1.2361825546744152,-1.1680893156833152
-1.3843670883058157,-1.3352901163234447,-1.2965382196096027
0.722351758032472,0.2469710970013057,0.21372867491006653
0.722351758032472,-0.1809874322419578,-0.19673072744560058
-1.3843670883058157,-1.2908843120292806,-1.3013154979884254
0.722351758032472,0.5097872663826584,0.5714654677886541
0.722351758032472,0.24959864504991403,0.24548229288733725
0.722351758032472,0.47483282706757113,0.5109167360558104
0.722351758032472,1.2932913183063017,1.2673199757048348
0.722351758032472,0.9596204394686172,0.948497421750378
0.722351758032472,0.5284481976021165,0.4631720634045613
-1.3843670883058157,-1.237863030408507,-1.214242656078276
0.722351758032472,0.7938498959292051,0.8098146401032531
-1.3843670883058157,-1.0032510020854044,-0.9548211452110864
0.722351758032472,0.27098382826975864,0.23950260972784398
0.722351758032472,-0.22486663692925069,-0.2334545439337492
0.722351758032472,0.35423726854282445,0.28404549389718803
0.722351758032472,0.1024991510057649,0.13442931640294964
0.722351758032472,0.26469059605838674,0.2525686780389661
0.722351758032472,-0.37845292753374565,-0.33944376498956486
-1.3843670883058157,-0.9063974580775911,-0.8376272892158563
0.722351758032472,0.5284183351118088,0.5647510763279231
0.722351758032472,0.48462136475523465,0.45173716191390934
0.722351758032472,-0.6429522527816629,-0.638312892422938
0.722351758032472,0.6176756019462507,0.6200610892172049
-1.3843670883058157,-1.2658150172059912,-1.1787835586564315
-1.3843670883058157,-1.3103660464344367,-1.2836429454135285
-1.3843670883058157,-0.533985109151493,-0.4938630478619226
0.722351758032472,0.4256935247289301,0.4071620528904326
0.722351758032472,0.37110966823854885,0.3680275740202891
0.722351758032472,0.6856400440143944,0.6134271484879811
0.722351758032472,0.5940787163926929,0.5472425393383178
0.722351758032472,0.529240971438374,0.49083103249514093
0.722351758032472,0.6652428760611023,0.6435572611209477
-1.3843670883058157,-1.1749220949501704,-1.1974684269489837
0.722351758032472,0.8227378725169185,0.7986155014915488
0.722351758032472,0.7541040400637512,0.6763369311588788
0.722351758032472,-0.45704166251377215,-0.46731130905487184
0.722351758032472,-0.5875653673518314,-0.5682868884439904
-1.3843670883058157,-0.9603447460860883,-0.9008317626916167
-1.3843670883058157,-1.3687628723047442,-1.3944882808800836
0.722351758032472,0.5950398524470292,0.49634624761251944
-1.3843670883058157,-0.7893566187901879,-0.745225197060979
-1.3843670883058157,-1.539199227041246,-1.4956891106259078
0.722351758032472,0.41835131353791233,0.40517289911638765
-1.3843670883058157,-0.8477357549807022,-0.803722017015802
0.722351758032472,1.1128330528815382,1.0241947072685587
0.722351758032472,0.7634174802596488,0.7123381910075808
0.722351758032472,0.33912064001479925,0.32076047027346233
0.722351758032472,0.73994382920766,0.7029027901938314
-1.3843670883058157,-1.1579529178213848,-1.0769110868510605
0.722351758032472,0.45348904886005825,0.436895826601406
0.722351758032472,0.4322168976990177,0.4279827057578033
0.722351758032472,0.14772363234088143,0.08941903464109835
0.722351758032472,0.4555215030963489,0.4411957949305492
-1.3843670883058157,-1.0763825437365635,-1.0075521379059302
0.722351758032472,1.3639703045532139,1.3584326702583243
0.722351758032472,0.5312111657636225,0.490616743426435
0.722351758032472,0.5699409106713571,0.6323331835834409
0.722351758032472,1.2045757331412803,1.166780065795041
-1.3843670883058157,-1.3343753431819605,-1.249381420298564
0.722351758032472,1.3640005724015152,1.3396622416522461
0.722351758032472,0.7400650593879706,0.6883860926932557
0.722351758032472,1.0977195513590559,1.0750990310551725
0.722351758032472,1.1664695637559321,1.1684346829722498
-1.3843670883058157,-1.2106045331263515,-1.184994719956023
-1.3843670883058157,-0.7196310245342653,-0.7089832249976854
0.722351758032472,1.0979939872459166,1.065846644848718
0.722351758032472,0.37558351010463087,0.3669774483803664
0.722351758032472,0.5517155531535207,0.5190760394291043
0.722351758032472,-0.06843004889640059,-0.02320737432238351
0.722351758032472,0.6295737345461789,0.6308415601290349
0.722351758032472,0.6807634047727669,0.7155790723920122
0.722351758032472,0.591997165420137,0.6619498529528715
-1.3843670883058157,-1.2568223719557683,-1.2292192926736722
0.722351758032472,0.44738135034171367,0.46775219139585833
-1.3843670883058157,-1.1871089238292454,-1.2270313551218106
0.722351758032472,0.48598017313220604,0.4623886480177731
0.722351758032472,0.2224023743488211,0.18629772649957826
0.722351758032472,0.43609847265515755,0.4016619700404402
0.722351758032472,0.36654743257049516,0.45263722774091064
-1.3843670883058157,-0.744374385324574,-0.7003165951072308
-1.3843670883058157,-1.1548982706885287,-1.1455905936408064
0.722351758032472,0.7841667531033021,0.7712762997274918
-1.3843670883058157,-1.0922349932337763,-1.0988261779632
0.722351758032472,-0.5722569621174387,-0.571888949573272
-1.3843670883058157,-1.0487353042862875,-1.0738543144643424
0.722351758032472,0.20098611781721665,0.2239692849161189
0.722351758032472,0.4076062908010267,0.40886114432360765
0.722351758032472,1.3316420506089175,1.3313466646081338
0.722351758032472,0.22376382590011012,0.2230442781208577
0.722351758032472,-0.4059972575814016,-0.3782472835416538
0.722351758032472,0.9996415647147889,0.9682964246562965
0.722351758032472,0.37150758361048264,0.35620291383815983
0.722351758032472,0.533129620983227,0.5583605230338569
0.722351758032472,0.9241493280390837,0.9347336304505813
0.722351758032472,-0.5463676022499588,-0.45394254420299973
0.722351758032472,1.222926742452103,1.239962128827197
0.722351758032472,-0.41279414406001375,-0.4075489633423577
-1.3843670883058157,-0.8667008444466388,-0.8017288147494708
0.722351758032472,0.5679274915936589,0.5275110498267876
0.722351758032472,0.3785508328655339,0.3598815829054016
0.722351758032472,0.5998118513940428,0.6261035397696644
0.722351758032472,0.5298048940687575,0.518444868968025
0.722351758032472,1.1887811961307473,1.1918725572797761
-1.3843670883058157,-1.0610330716105951,-1.010211557900272
0.722351758032472,0.22307597351402542,0.1945584071233336
-1.3843670883058157,-0.7525653214928332,-0.714559885559492
0.722351758032472,-0.5963906829495843,-0.5989481820123728
0.722351758032472,0.5171703900677004,0.5867764355055641
-1.3843670883058157,-0.8245157554005637,-0.7217231308438852
0.722351758032472,0.2937263651216888,0.26433921493753354
0.722351758032472,-0.5311471537839768,-0.5287159032057835
-1.3843670883058157,-0.9864570098053931,-0.9520666000372104
0.722351758032472,1.0199990090905582,0.9747624426080829
0.722351758032472,0.5745015923720812,0.48944486868759546
0.722351758032472,0.3165450316267724,0.39578969813892284
0.722351758032472,0.6581293638287457,0.6461415026063941
0.722351758032472,0.5677013781532454,0.5486750638294389
0.722351758032472,0.390758370342565,0.3466506623595098
-1.3843670883058157,-1.2383618094916138,-1.2305770793381972
0.722351758032472,1.0306014643823613,0.9562596776009139
0.722351758032472,0.565754763171053,0.5220258105301478
-1.3843670883058157,-1.145352557496321,-1.225257411536778
0.722351758032472,0.5240372517850498,0.5158794167205606
-1.3843670883058157,-1.054679156193414,-1.1277871518880522
-1.3843670883058157,-1.1649306102045411,-1.1407753868061956
0.722351758032472,0.356828360277038,0.3427083323730561
0.722351758032472,0.6038552358011489,0.5476632235635064
0.722351758032472,1.4622286112651373,1.416230534813649
0.722351758032472,1.1566049740284374,1.1146408386907907
-1.3843670883058157,-0.9346294512105183,-0.8842633097167385
-1.3843670883058157,-1.1242511876780898,-1.1304505467940127
-1.3843670883058157,-1.1939159656867484,-1.1791651504526626
0.722351758032472,0.47509959788134215,0.4573609538815765
0.722351758032472,-0.3180304924222297,-0.29865528068262015
0.722351758032472,0.6259497230090447,0.5775835668075537
-1.3843670883058157,-1.287341723738085,-1.2429961176496787
0.722351758032472,1.3638060355532668,1.3234112964429512
0.722351758032472,0.37153845655883777,0.36622758313103887
-1.3843670883058157,-1.3318791625034339,-1.2592396399969716
0.722351758032472,1.3062932791517698,1.2796783502510203
0.722351758032472,0.8000791292750246,0.7810366255633464
-1.3843670883058157,-1.070906436073988,-1.0962127899572192
-1.3843670883058157,-1.0045362005594867,-0.8746677102555612
0.722351758032472,0.5248431233055149,0.44303277875543845
0.722351758032472,0.8741565746752755,0.8621077766402467
0.722351758032472,0.2178180335477784,0.21094276724286665
0.722351758032472,0.39367056500156805,0.329719433654264
-1.3843670883058157,-0.6127843772448015,-0.5659311677692763
0.722351758032472,0.6994305059599792,0.6947593679076904
0.722351758032472,-0.2895783048167847,-0.2662030503462528
0.722351758032472,0.3305509852015575,0.26692317776868146
0.722351758032472,1.4502132803311962,1.38887622698079
0.722351758032472,1.3834841414716026,1.3576379090485498
-1.3843670883058157,-1.5619175308061748,-1.567672976652701
0.722351758032472,-0.557992822602843,-0.5389704512947301
0.722351758032472,0.3404766202367226,0.33338784607288163
0.722351758032472,0.33233127209946633,0.3054771723637639
0.722351758032472,0.44959895678883566,0.3986093885782209
-1.3843670883058157,-1.4759794059281932,-1.4942282117979426
-1.3843670883058157,-1.3871847393501642,-1.3416820085735746
0.722351758032472,0.5008435197276867,0.46464783823854594
0.722351758032472,0.25900522930654346,0.3316325474727413
-1.3843670883058157,-0.7814098684199523,-0.6879546587689609
-1.3843670883058157,-0.8346888521501905,-0.8331197582826557
-1.3843670883058157,-1.2068866507326126,-1.1879984851491088
0.722351758032472,1.260105850977315,1.2494397091567955
0.722351758032472,0.4319002070439113,0.5191561677151573
0.722351758032472,0.2229146039223514,0.2165409260073481
0.722351758032472,0.5681093083745986,0.574059001840819
0.722351758032472,0.38947712675710866,0.3833271373096976
0.722351758032472,0.523474845893064,0.5309017970582797
0.722351758032472,0.3377713858147278,0.33882434543052087
-1.3843670883058157,-1.2072177053095996,-1.183147669206391
0.722351758032472,0.4489514543917176,0.4860643021160841
-1.3843670883058157,-1.5309383861931427,-1.4958399102821294
-1.3843670883058157,-0.8681284233194304,-0.827603580511199
-1.3843670883058157,-1.3402982068983484,-1.2993656091048569
0.722351758032472,-0.07431360230324924,-0.04398932303684239
-1.3843670883058157,-1.1680346311754028,-1.0853978392142167
0.722351758032472,0.2683642083350727,0.25597832182202795
0.722351758032472,0.6904639759002382,0.6266980971437635
-1.3843670883058157,-1.0188119515311977,-0.9571308423133987
0.722351758032472,0.6266327727627985,0.6246131545432714
0.722351758032472,1.0255389454329378,1.0137890099123599
0.722351758032472,0.48092587655477037,0.42380999348181303
-1.3843670883058157,-1.1572947186639653,-1.1722932970717868
0.722351758032472,0.574193479490028,0.5516936924217576
0.722351758032472,0.1020647631024767,0.07291230283714678
0.722351758032472,-0.12477604506605022,-0.1244726095755943
0.722351758032472,0.47293221350810966,0.45586277620929205
-1.3843670883058157,-1.1922006741022524,-1.1433028907581542
-1.3843670883058157,-1.107989158048712,-1.1109290222502326
0.722351758032472,0.44921088553676125,0.45291271511797004
0.722351758032472,0.7437575339170099,0.7304875953664365
-1.3843670883058157,-0.9646499054847923,-0.9150452063816605
-1.3843670883058157,-1.0976275200017394,-0.99119992052122
0.722351758032472,1.2902855722577975,1.3011280906677518
0.722351758032472,1.3297210320923845,1.3171857702684444
0.722351758032472,-0.5264000519387286,-0.4845194689150568
-1.3843670883058157,-1.1484763574818855,-1.1309060877137953
-1.3843670883058157,-1.245532759080804,-1.3173147318568044
-1.3843670883058157,-1.4022256532929287,-1.4204882088568913
0.722351758032472,-0.17989890799710578,-0.21435062859463147
0.722351758032472,0.1654409779205187,0.13479115547422366
-1.3843670883058157,-1.1618575884623579,-1.0729539028518367
0.722351758032472,0.5912438370614101,0.6453476770375665
0.722351758032472,1.3906621633501794,1.3627414740857073
0.722351758032472,0.3716273334377255,0.33501053929260616
-1.3843670883058157,-1.0219183667189768,-1.0572208706017314
0.722351758032472,0.5692114750055317,0.5589128564858528
0.722351758032472,0.49313507731019146,0.43574517115663336
-1.3843670883058157,-1.0050419166135087,-0.9756359299239619
0.722351758032472,0.5444949388004746,0.5811530400322752
0.722351758032472,0.2562623590510401,0.21563342268483354
0.722351758032472,0.06273172245392211,0.029787879048469024
0.722351758032472,0.5820051627597163,0.5297625582597852
0.722351758032472,1.306858712077218,1.273700121996933
0.722351758032472,0.8278415678574991,0.8347678488011695
0.722351758032472,0.1749248000815916,0.13314621907650015
-1.3843670883058157,-0.8139771547438491,-0.7563879943379489
-1.3843670883058157,-1.210120256941904,-1.1495490587940607
-1.3843670883058157,-1.1869603461280158,-1.1117563009159568
-1.3843670883058157,-1.1891058199131486,-1.1998146943951526
0.722351758032472,0.5092522481371385,0.506216442555163
-1.3843670883058157,-0.6122742986578772,-0.5546170029466231
0.722351758032472,0.6112924542487169,0.6090353020155634
0.722351758032472,1.1964144529500804,1.174822584804458
0.722351758032472,-0.22245133157767039,-0.22920943779728725
0.722351758032472,1.0905996270335034,1.0589423621524683
0.722351758032472,0.753871333420461,0.7328507873575388
0.722351758032472,0.3969316391759906,0.37521676181562624
-1.3843670883058157,-1.624576991089417,-1.5835271948365417
0.722351758032472,0.18537728896882677,0.19648245933443653
0.722351758032472,0.4323571200330867,0.39774440928984284
0.722351758032472,0.3504911142832003,0.32216685864048367
0.722351758032472,1.015275564487133,1.020783031872054
0.722351758032472,-0.08681943439402268,-0.08639062377391599
-1.3843670883058157,-1.3584708935982044,-1.3336648173541832
0.722351758032472,1.1538064175497253,1.0449704999602487
0.722351758032472,0.3637913382205045,0.3362945181605361
-1.3843670883058157,-0.6200390268521642,-0.5831232382503861
-1.3843670883058157,-1.2788723160954927,-1.2271810579156643
0.722351758032472,0.6826188629404732,0.7238436460700516
0.722351758032472,0.43830500060186284,0.469255923473754
0.722351758032472,0.4914184848011144,0.44879183183797244
0.722351758032472,0.35258743752182864,0.31463453176717004
-1.3843670883058157,-0.9051059696784318,-0.885594553071802
0.722351758032472,0.5291796382726301,0.49151202620723033
0.722351758032472,-0.5161872030427712,-0.47802260376075495
-1.3843670883058157,-1.335877424629986,-1.2982741072647193
0.722351758032472,0.29712705467909906,0.27562413787907136
-1.3843670883058157,-1.6065574349804792,-1.5316426526000755
-1.3843670883058157,-0.9388861733425479,-0.9318021890919364
-1.3843670883058157,-1.0862074284906222,-1.0053237467096967
0.722351758032472,0.3485595654695195,0.3124026291515907
0.722351758032472,0.520504028557925,0.501650179737144
-1.3843670883058157,-0.6709488875968423,-0.6119115124968557
-1.3843670883058157,-0.825607522919348,-0.7730287416913422
-1.3843670883058157,-0.9863234049500209,-0.9841287664374389
0.722351758032472,-0.4642763984608229,-0.45393807392371055
0.722351758032472,0.199314242404511,0.22311197195062182
0.722351758032472,0.5877889994034006,0.643961031881024
0.722351758032472,0.6673559503489735,0.7064804051934734
0.722351758032472,0.6065650335086935,0.5800259804596055
0.722351758032472,-0.18501475633638476,-0.12665593588715152
-1.3843670883058157,-1.312881895665042,-1.353114128161387
0.722351758032472,0.3502206766533389,0.3549481135589491
-1.3843670883058157,-1.0920185074064506,-1.121120976549709
-1.3843670883058157,-1.1162829694946326,-1.1463202866396038
-1.3843670883058157,-1.2512676618370182,-1.1691840818305574
0.722351758032472,0.35616473011032934,0.3514497758402698
0.722351758032472,1.3318311672065954,1.3309250272413442
0.722351758032472,1.3634515425332654,1.3334493101199452
0.722351758032472,1.206213606460714,1.2008582587355803
0.722351758032472,0.42826753289209096,0.4048439352787945
0.722351758032472,0.38267144532162234,0.44327746070404217
0.722351758032472,0.6130003959860364,0.5952717136669321
0.722351758032472,0.4761289567898391,0.4461225304314324
0.722351758032472,0.9525558821176953,0.904112116458859
-1.3843670883058157,-1.4680452111742137,-1.4454824611775914
0.722351758032472,1.03255716572939,0.9944245214745387
0.722351758032472,0.36555576857235006,0.3601728235166679
0.722351758032472,1.0341828200927496,1.0133548403867154
0.722351758032472,0.8464444194223785,0.817341530065529
-1.3843670883058157,-1.0668087173304055,-1.0296194345960434
-1.3843670883058157,-1.1121213292312253,-1.0214751995557603
0.722351758032472,0.44782461065138457,0.5174234426869124
0.722351758032472,-0.5464815876273107,-0.5443895755757242
0.722351758032472,0.4264041534576617,0.4085357440568933
-1.3843670883058157,-1.2371358085019295,-1.2468583558737036
0.722351758032472,0.6830630596860656,0.6846194191641127
0.722351758032472,0.8070591490016485,0.7096907962917546
-1.3843670883058157,-1.323028394413897,-1.3601581974422243
-1.3843670883058157,-1.208369136506883,-1.2894403346499992
0.722351758032472,0.35445258351150943,0.3562114037556321
0.722351758032472,0.633573656821609,0.5721936751938602
0.722351758032472,-0.6861053089694304,-0.620755125091727
-1.3843670883058157,-1.1061371970011524,-1.1206601660728677
-1.3843670883058157,-1.0737846081443332,-1.1154014507181025
-1.3843670883058157,-0.9567986805968822,-0.9303829170963338
0.722351758032472,0.25595051953087744,0.24038822020752837
0.722351758032472,0.20645261186900843,0.16690077333412767
0.722351758032472,0.5743696008512332,0.614408134365291
0.722351758032472,1.3593100487511505,1.3584890429307206
0.722351758032472,0.25912136048530066,0.26129605151830815
0.722351758032472,0.6317179410270654,0.5627246788515949
-1.3843670883058157,-1.0010853870634042,-0.9580995839464709
0.722351758032472,0.8622591093644185,0.8022269580669311
0.722351758032472,0.05325510068661471,-0.013641239475417344
-1.3843670883058157,-0.9374946266796786,-0.8807150358097144
0.722351758032472,0.7962116842754209,0.7043134684082756
-1.3843670883058157,-1.2119298486402825,-1.178416773424512
-1.3843670883058157,-1.2878875573585307,-1.2170304268054928
0.722351758032472,1.1119054778975594,1.120838739997959
0.722351758032472,-0.47431640391796626,-0.48412265733263316
0.722351758032472,0.2127863802035034,0.19123609970097763
0.722351758032472,0.7908165539085372,0.7738974972258655
-1.3843670883058157,-1.2573052889680647,-1.2370446767124978
-1.3843670883058157,-1.006989911718669,-0.9801106001661984
-1.3843670883058157,-1.3709809450807453,-1.3289957473864489
-1.3843670883058157,-1.4851875875837086,-1.46760869734972
0.722351758032472,1.3257701011073442,1.276996629527132
0.722351758032472,-0.49556055273794875,-0.49196815354049306
0.722351758032472,0.46836027498820043,0.5348518708161307
0.722351758032472,0.6027692596445046,0.5584752448124208
-1.3843670883058157,-1.1864091694643149,-1.1444032091795941
-1.3843670883058157,-1.1951226801187242,-1.210592680435834
0.722351758032472,1.152886137275242,1.1075738234706092
-1.3843670883058157,-0.6740438517493349,-0.5874427933124087
0.722351758032472,-0.6190787525105987,-0.5500337836932854
-1.3843670883058157,-1.5575013146675254,-1.5311983040606711
0.722351758032472,0.3980019170907744,0.4189531183547195
0.722351758032472,0.5936409032646923,0.633188789066925
0.722351758032472,0.8272483913727477,0.8050650715172332
0.722351758032472,0.7939946734073554,0.777587584654457
0.722351758032472,0.5816348579766571,0.5066851476155229
0.722351758032472,0.9383068727807047,0.8609178243613649
0.722351758032472,0.5981599334403831,0.5515223639516255
0.722351758032472,0.46334028044330455,0.4285124718074633
0.722351758032472,0.5978996898851409,0.5569530019585629
0.722351758032472,-0.38652255730345675,-0.38083056914388025
-1.3843670883058157,-1.2060587177804483,-1.256127980133197
-1.3843670883058157,-1.2570528873723161,-1.2663896445396974
-1.3843670883058157,-1.083390894211917,-0.9962999427521819
0.722351758032472,0.5848955782395799,0.5279999351320068
0.722351758032472,0.497698777501142,0.46704471002721604
0.722351758032472,0.6050934331714607,0.5525521648988803
0.722351758032472,1.318329776293679,1.2900831526423697
0.722351758032472,0.46236509319709596,0.483949008688745
-1.3843670883058157,-1.181901605068413,-1.132533526420977
0.722351758032472,0.373400929318222,0.33974502361485526
-1.3843670883058157,-1.148740227461449,-1.1368177199895109
0.722351758032472,1.2372875113184727,1.2048092112950717
-1.3843670883058157,-1.2620578785418883,-1.239848369410474
-1.3843670883058157,-0.7049554016023791,-0.6646341871947957
-1.3843670883058157,-1.3501488582187788,-1.3630359271924415
0.722351758032472,-0.6278853916153534,-0.5964779899029898
-1.3843670883058157,-1.2196904347272142,-1.2639707864237844
0.722351758032472,1.2701244065233992,1.2924114416412178
-1.3843670883058157,-0.9811205898504755,-0.9622598257563794
-1.3843670883058157,-0.8262062397369616,-0.7741455219928726
0.722351758032472,-0.2811109292625153,-0.28433324180258773
0.722351758032472,1.1951228718678273,1.2153608739046404
0.722351758032472,0.3708030266807998,0.36054908739072733
-1.3843670883058157,-1.4932787943793724,-1.4883282279634935
0.722351758032472,1.2910291594598968,1.3028469740847448
-1.3843670883058157,-1.0818740384156615,-1.0240478966788418
0.722351758032472,0.375101413524403,0.34959557473757813
0.722351758032472,0.6958202698076686,0.7214500848332704
0.722351758032472,1.1042909686327107,1.0578766694105972
-1.3843670883058157,-0.9462286644144675,-0.930356650140574
0.722351758032472,0.9543621187927394,0.8827148136124084
0.722351758032472,0.47284487413489995,0.4265981267470317
-1.3843670883058157,-1.2460186143421348,-1.24562948132289
0.722351758032472,0.6986709283102566,0.6721436850445852
0.722351758032472,-0.3081433661532594,-0.32394858940548765
0.722351758032472,0.2468429748772235,0.1912426146027809
0.722351758032472,0.6216162480763273,0.641937270148284
0.722351758032472,0.557505079472837,0.5084018094329521
0.722351758032472,0.5270010599335038,0.4631360413307904
-1.3843670883058157,-0.997964977198659,-1.047420532358542
0.722351758032472,0.6915762599164227,0.7011621560844612
0.722351758032472,0.29396776457889207,0.2765444864257284
0.722351758032472,0.989835478419085,0.9806951448860056
0.722351758032472,-0.4998922657344027,-0.4778499297148154
0.722351758032472,0.3503354523883272,0.2503467778535767
0.722351758032472,0.9328772164652379,0.8883472716012155
-1.3843670883058157,-1.2825458515965837,-1.3435141352697415
0.722351758032472,0.33481665130168037,0.30809156219024914
-1.3843670883058157,-1.0509831298148673,-1.071591953622561
-1.3843670883058157,-0.9545636594964342,-0.8866338128231145
0.722351758032472,1.1845787774515593,1.2026731356458622
-1.3843670883058157,-1.2625008508474724,-1.3025363965603436
0.722351758032472,0.5330886446548646,0.5618983825754864
0.722351758032472,0.4085295436911406,0.3917572925200066
0.722351758032472,0.7033047660796146,0.721363050567758
-1.3843670883058157,-1.4708437786932478,-1.4309946865746226
-1.3843670883058157,-1.4354600449016972,-1.4572011561859268
-1.3843670883058157,-1.0505001535254725,-0.9793661153439506
0.722351758032472,1.1791904561057984,1.1731799524397888
0.722351758032472,1.3718505143396533,1.3126039330337882
0.722351758032472,0.29437583171627624,0.2761956505580563
-1.3843670883058157,-1.104623782692986,-1.1775460738245482
0.722351758032472,-0.46903202890733714,-0.4622427870614109
-1.3843670883058157,-1.3926007060976051,-1.4041752137676586
0.722351758032472,1.3946656888645985,1.3394922903364983
-1.3843670883058157,-1.2839224042065873,-1.2650430966678319
0.722351758032472,-0.48339685485852746,-0.4701581112808877
0.722351758032472,1.1345531193610106,1.0955769470444714
0.722351758032472,1.299872717453796,1.2868704029769322
0.722351758032472,0.9943631963874369,0.9821616770766897
0.722351758032472,0.28029410296724955,0.27338937485626835
0.722351758032472,0.46100401016152825,0.4217465465334088
0.722351758032472,0.3748121718368834,0.30414607470835453
0.722351758032472,0.21038565681489818,0.26568070685545997
0.722351758032472,0.20145501904447666,0.18658783920671357
0.722351758032472,0.20516714672044123,0.20762978180097547
0.722351758032472,0.9881200847557248,0.9547750954180358
0.722351758032472,1.113364960089764,1.0639107176170097
0.722351758032472,0.4429242796234817,0.4008109979277288
-1.3843670883058157,-1.2056383134186903,-1.1163523790952148
0.722351758032472,0.5666099205188628,0.5846713907065768
0.722351758032472,0.8498811693488102,0.751984240180003
0.722351758032472,0.12393629573998474,0.12129787333614528
0.722351758032472,-0.35445217112210387,-0.3306187210235558
-1.3843670883058157,-1.0881581242179599,-1.0954679358794948
-1.3843670883058157,-1.2082025835459018,-1.2563774230303213
0.722351758032472,0.6055851653309251,0.6207823261454792
0.722351758032472,0.9154462134258068,0.9244020904696686
0.722351758032472,0.5175036000030743,0.4690096345958896
-1.3843670883058157,-1.114258192742145,-1.0677505518257662
0.722351758032472,1.157606572408483,1.094686111959398
-1.3843670883058157,-0.818367623520375,-0.8043924549375849
-1.3843670883058157,-1.291923702429983,-1.3171146214952247
-1.3843670883058157,-1.2098880950367155,-1.2422141667355544
-1.3843670883058157,-1.6019602925775183,-1.5726114374959106
0.722351758032472,0.47784468233144217,0.5424996227883208
-1.3843670883058157,-0.976704145290137,-0.9714509276212008
0.722351758032472,0.5304453213166052,0.4608927194934695
0.722351758032472,1.1209283293184997,1.018029945537582
0.722351758032472,-0.3853353505322839,-0.35981527545269837
0.722351758032472,0.5611973202743952,0.4901155252694356
0.722351758032472,1.3333969030746315,1.3391087017644783
-1.3843670883058157,-1.4205096520189195,-1.4125459643120568
0.722351758032472,0.6040111435395261,0.5963553483560049
0.722351758032472,0.9016530729807515,0.8600569572003658
0.722351758032472,-0.20448708115372,-0.16331012643840154
-1.3843670883058157,-1.5149076167375681,-1.4168927869295074
0.722351758032472,-0.59553949672429,-0.6111469131076613
-1.3843670883058157,-0.8572687241014492,-0.8244984201929599
0.722351758032472,0.4559367352870705,0.36165757179663816
0.722351758032472,0.5577126638246209,0.5112419452947152
0.722351758032472,0.761041315136953,0.764674246876265
0.722351758032472,0.3767984963051597,0.47033219591117026
-1.3843670883058157,-1.4544527390933841,-1.403741714974033
-1.3843670883058157,-1.1816198446861566,-1.1397593159317787
-1.3843670883058157,-1.354417325026793,-1.4003564595359288
0.722351758032472,0.5707182008133775,0.5460662231936502
-1.3843670883058157,-1.0662550697895983,-1.0729639191157352
-1.3843670883058157,-1.3782702204807267,-1.34176065650676
0.722351758032472,0.5682092985365752,0.5297724658251326
0.722351758032472,0.268986294950181,0.26461075645794363
-1.3843670883058157,-0.8194035419626788,-0.7906773225860464
-1.3843670883058157,-1.3576524781889228,-1.3748653849902712
-1.3843670883058157,-1.0583526851549672,-1.097657979827071
0.722351758032472,0.46664178773188936,0.5164106310455197
0.722351758032472,-0.24192925352895622,-0.20000041805973906
0.722351758032472,1.1677575065320873,1.183737929380587
-1.3843670883058157,-1.2661436050356427,-1.2138231516460332
-1.3843670883058157,-1.1091238435642548,-1.0391421953775795
0.722351758032472,1.0059330398664157,0.9706741987678572
0.722351758032472,1.3323522455883725,1.276603651885683
0.722351758032472,1.4181782082979764,1.394346581726495
0.722351758032472,0.2638992113662084,0.20832680700703698
0.722351758032472,0.60648770501001,0.5665765654560135
0.722351758032472,0.3638948895878723,0.3700543296507567
0.722351758032472,0.4092249791977548,0.37755601620869284
0.722351758032472,0.36086208433744404,0.3817482041286875
0.722351758032472,0.33949770502190757,0.3166195550246947
0.722351758032472,1.345993072043536,1.3110533151772072
0.722351758032472,0.3638023025856747,0.35682744853459636
0.722351758032472,0.5560251126674255,0.5423484736504292
0.722351758032472,0.7931859456678142,0.7372741011244376
0.722351758032472,0.7434518142481598,0.7170753862977358
-1.3843670883058157,-1.4490115119576197,-1.475806834569723
0.722351758032472,0.510895340397546,0.5821991058699696
0.722351758032472,0.18844259882152936,0.19431596593272976
-1.3843670883058157,-0.8056782173439608,-0.6924832971137638
-1.3843670883058157,-1.144131754883707,-1.1231597459303917
-1.3843670883058157,-1.330790499911821,-1.3735053249106253
0.722351758032472,1.0597096852548198,1.0206217061013043
0.722351758032472,0.6874242292097799,0.64761047228578
-1.3843670883058157,-1.01398267241952,-1.0038269334272851
-1.3843670883058157,-0.6739984683837822,-0.5737288107824282
-1.3843670883058157,-1.2785110511593982,-1.2279828426488393
-1.3843670883058157,-0.9724572048785584,-0.9452932820721182
0.722351758032472,0.5087631842844492,0.4710646362715246
0.722351758032472,0.430313173035265,0.3795957754544813
0.722351758032472,0.4236958229964214,0.38419482814357087
0.722351758032472,-0.4213415723995021,-0.42539435964281114
0.722351758032472,0.5015643246893592,0.4889223608530686
-1.3843670883058157,-1.069943992750479,-0.9598063364508314
-1.3843670883058157,-0.5196878235649672,-0.4713737703220694
0.722351758032472,0.4174337341236253,0.5033237648628609
0.722351758032472,-0.019138408639881394,0.0221513738812332
0.722351758032472,-0.42658273403128166,-0.41365668282179147
0.722351758032472,0.0012421255741531523,0.037265639215844804
0.722351758032472,0.39830807522268064,0.3116032056476522
-1.3843670883058157,-1.2659502876353015,-1.2423807304573071
-1.3843670883058157,-0.8458470932613977,-0.8364311252857355
-1.3843670883058157,-1.1081424005495555,-1.0724443694265775
-1.3843670883058157,-1.2917994809632456,-1.2978657968385434
0.722351758032472,0.515792395097744,0.4597225510609817
-1.3843670883058157,-1.378931450208059,-1.3592974041502723
0.722351758032472,-0.31681673587882153,-0.33711016795125576
-1.3843670883058157,-1.5080908375794602,-1.5124720392019642
0.722351758032472,0.5799859367992719,0.5584527978913849
-1.3843670883058157,-1.0785552046373361,-1.0054608971357257
0.722351758032472,-0.4972750006071406,-0.5082733133185476
0.722351758032472,0.43726617286227354,0.403881292786083
0.722351758032472,0.27834190594112895,0.28129222893802164
0.722351758032472,0.7076616000467805,0.7494285027432394
0.722351758032472,0.7515883359228659,0.6657889011645631
0.722351758032472,0.3695483945361717,0.3445149634584056
0.722351758032472,1.0830101169923072,1.0503735224139472
0.722351758032472,0.5237231609946774,0.5894948468651333
0.722351758032472,0.6381048123238404,0.5850809778925716
0.722351758032472,0.2958201372946399,0.21976377740460562
-1.3843670883058157,-1.1467848906758573,-1.1923092712836656
0.722351758032472,0.6038606305903138,0.5447891093786895
0.722351758032472,0.6232194644137539,0.6290159385593542
0.722351758032472,1.029604636669876,0.9966243016729166
0.722351758032472,0.8948356482993822,0.8226606701428218
-1.3843670883058157,-0.6005269590578951,-0.5266250362080158
0.722351758032472,0.4733305251275173,0.48011566729033794
0.722351758032472,0.7318084161781633,0.7155447556932055
0.722351758032472,0.5930796315892388,0.6675097804872914
0.722351758032472,1.4971243658713522,1.48048753973582
-1.3843670883058157,-0.8168193749705307,-0.8360059670959625
0.722351758032472,0.7343462147015177,0.7429052279087847
0.722351758032472,0.11085567682935238,0.07747654819656347
0.722351758032472,1.3322470587468511,1.3190293182400101
0.722351758032472,0.5422528000121989,0.5235449061573547
-1.3843670883058157,-0.9689470631390547,-0.9118614116639752
0.722351758032472,0.956802938769171,0.9498891288845666
0.722351758032472,-0.2733172132445969,-0.2761380201081832
0.722351758032472,1.2121920260565489,1.1533750495517956
0.722351758032472,1.1181866381896826,1.081569896027968
0.722351758032472,1.1323369228593898,1.1129714771933255
-1.3843670883058157,-0.9898690785117393,-0.8900352294943797
0.722351758032472,0.5820215584086731,0.633282785930634
0.722351758032472,0.5987772256198456,0.6364182526166449
0.722351758032472,0.5383623270248447,0.4663811641538369
0.722351758032472,-0.16605702976478312,-0.11271271554304887
0.722351758032472,-0.20601672853184783,-0.2239972395558668
0.722351758032472,1.2361668273087636,1.1593036317056467
-1.3843670883058157,-1.5307785413684618,-1.485582214812365
0.722351758032472,0.4408995458287783,0.401627139512974
0.722351758032472,0.3896998252001975,0.3728752205349346
0.722351758032472,0.7986014790845735,0.7878039395169404
0.722351758032472,0.44015681376116433,0.44456875204579016
0.722351758032472,0.8325281920180704,0.8091032939880365
0.722351758032472,0.3689972554307342,0.3475647760044731
0.722351758032472,-0.34767570486823807,-0.3538047494727763
0.722351758032472,0.6336908816467084,0.661927640960924
0.722351758032472,0.38578935930963576,0.49140693772428024
0.722351758032472,0.6724710917062712,0.6772173618772711
-1.3843670883058157,-1.2235592218170719,-1.2443021303744122
0.722351758032472,0.7090475927058443,0.647677244921391
-1.3843670883058157,-0.7846308207470496,-0.7686690070317624
-1.3843670883058157,-1.0522312725121514,-1.0455435881748025
0.722351758032472,0.25772440334094004,0.1949089859827119
-1.3843670883058157,-1.2908090890342039,-1.3186589785900364
-1.3843670883058157,-1.017091572422793,-1.0467707576236358
-1.3843670883058157,-1.3647701518713276,-1.2850796775123157
-1.3843670883058157,-1.206811192789434,-1.215620104321703
0.722351758032472,0.454793418992127,0.41175602076251794
0.722351758032472,1.2830789214104221,1.252538914974197
0.722351758032472,1.2728285680672276,1.274723814771594
0.722351758032472,0.693892124142535,0.6952370434101987
-1.3843670883058157,-1.1679745700950834,-1.0765285758907672
0.722351758032472,0.7068851203792671,0.7188092537588674
0.722351758032472,0.6332305782237826,0.6832257360228402
0.722351758032472,0.5486705866144821,0.4601749720370637
0.722351758032472,0.515771822328678,0.5536292070832906
0.722351758032472,0.3596842791668745,0.3330974293711581
0.722351758032472,0.9215001059365606,0.8922765614979087
0.722351758032472,0.2948058207598002,0.2862746267534739
-1.3843670883058157,-0.4560192315631667,-0.4340123481133047
-1.3843670883058157,-1.007310654357179,-1.0695654658944642
0.722351758032472,1.2657505153189867,1.2257248219064605
-1.3843670883058157,-0.8092717403183314,-0.8066448602212843
-1.3843670883058157,-0.8023179150895975,-0.7961673643122393
0.722351758032472,1.3371373326826377,1.2751511897357455
-1.3843670883058157,-0.8352653318702968,-0.7921448126128781
0.722351758032472,1.2038086231658083,1.1506815336971645
0.722351758032472,0.9774589631326727,0.9596604862831294
-1.3843670883058157,-0.56834861578035,-0.5434402058270513
-1.3843670883058157,-1.4827436417088309,-1.4056947474952015
0.722351758032472,0.5382231954690169,0.5918814829733552
0.722351758032472,0.5508535816475041,0.604554739085975
0.722351758032472,0.2700494113018225,0.2473947018909446
0.722351758032472,0.24219489696340868,0.2872666193124638
0.722351758032472,0.42366326679423577,0.3654482996913188
0.722351758032472,0.6071217423809018,0.6421883405472893
0.722351758032472,0.1862182821374101,0.19254683038063214
-1.3843670883058157,-1.4518774220836872,-1.4415604851259145
-1.3843670883058157,-0.9149846604732919,-0.8458007360189633
-1.3843670883058157,-1.1561805011866868,-1.185419442996953
-1.3843670883058157,-1.1250402033328937,-1.0351307537358205
-1.3843670883058157,-1.400638033081495,-1.342967365656741
0.722351758032472,0.3677433767122992,0.33521219838268834
-1.3843670883058157,-1.249377651942434,-1.275013162347521
0.722351758032472,0.6031977650613162,0.5257438441076343
-1.3843670883058157,-1.304455602119748,-1.3016174693626437
-1.3843670883058157,-1.0799963788647466,-0.9905360758834384
0.722351758032472,-0.11340891880075205,-0.10357623398305499
-1.3843670883058157,-0.8132063801104628,-0.7860952630402671
0.722351758032472,1.3222642324571,1.2542869150277982
0.722351758032472,-0.29786469107190805,-0.31725133350576534
0.722351758032472,1.4612138110254487,1.4149593487517649
0.722351758032472,0.25188688085456645,0.24581937126265085
-1.3843670883058157,-0.8458833534619321,-0.8151017657775042
0.722351758032472,0.8814519276480497,0.7979606198094936
0.722351758032472,0.620385799595741,0.5726681625479678
0.722351758032472,1.2224186882897334,1.156507299991735
-1.3843670883058157,-1.4480110659901908,-1.4412367662311734
0.722351758032472,0.31347231546896837,0.38396824010605324
0.722351758032472,0.5494921588651562,0.4867127000769307
-1.3843670883058157,-0.7390333971421169,-0.6609108510282959
-1.3843670883058157,-0.6362601125227388,-0.540009377590133
0.722351758032472,-0.4576328568988691,-0.4236672958091814
0.722351758032472,-0.19033806647323187,-0.12133920375363474
-1.3843670883058157,-1.202184062653708,-1.1126630502551893
0.722351758032472,0.6283953256894463,0.549370107257341
0.722351758032472,0.24323880738072268,0.2477607279429851
-1.3843670883058157,-1.47724358587203,-1.431562841284503
-1.3843670883058157,-2.251013046325691,-2.007809524826356
-1.3843670883058157,-1.217942341897817,-1.1833577899083947
-1.3843670883058157,-0.7426338464870108,-0.6845167481953423
0.722351758032472,0.364481008624458,0.32532414119219827
0.722351758032472,1.3607273449132866,1.334322861908204
-1.3843670883058157,-1.369567232786447,-1.3705912333079304
-1.3843670883058157,-1.0351192715726087,-0.9692836459905788
-1.3843670883058157,-2.049731997802649,-1.8673690087555266
0.722351758032472,0.42133398823472973,0.41751907043357683
0.722351758032472,1.28227621138193,1.253091412157216
0.722351758032472,0.6958503089197727,0.6541066824893581
0.722351758032472,0.6435293117875954,0.6215123222279806
-1.3843670883058157,-1.3036841218813826,-1.2819343089108632
0.722351758032472,0.5371813998987109,0.47498399455777296
0.722351758032472,0.7431803869838874,0.7464067720117608
-1.3843670883058157,-0.8647400614956116,-0.8560048766548369
-1.3843670883058157,-1.143578386857606,-1.1504704262280239
0.722351758032472,0.853282496521751,0.7792495773226183
-1.3843670883058157,-1.0982384420678604,-1.1110254289264394
0.722351758032472,0.49140964534782816,0.5177081317814323
0.722351758032472,0.6274763359197784,0.5745396383291026
0.722351758032472,0.7519850491964504,0.6979899842254582
-1.3843670883058157,-1.3743047297704085,-1.3433453545029346
0.722351758032472,0.9660897246982522,0.9000662248260876
-1.3843670883058157,-0.8373496215377687,-0.7648753429350708
-1.3843670883058157,-1.0197670047683873,-0.9659912557492373
0.722351758032472,0.5262320942264349,0.45415727720579674
0.722351758032472,0.4458565381454867,0.45019835326533947
0.722351758032472,0.5336581215482958,0.5388740862627425
0.722351758032472,-0.5141795867295424,-0.4956633968580577
0.722351758032472,0.9951835229813086,0.9861266868723734
0.722351758032472,0.8445165290531486,0.8117839195473026
0.722351758032472,0.5001049321253868,0.55025286352529
0.722351758032472,1.061586691326649,1.035683521805514
0.722351758032472,0.7391750387424469,0.7236622186273015
0.722351758032472,-0.1351368687189919,-0.11746928348164963
0.722351758032472,0.7045834670261113,0.7017566271068449
-1.3843670883058157,-1.1246819137454542,-1.1507308440101167
0.722351758032472,0.49599032661264586,0.4780219832791711
0.722351758032472,0.7604714922867193,0.7392404059108875
-1.3843670883058157,-0.9701601309167185,-0.9415941348297635
0.722351758032472,0.3273603038771902,0.2786623197333975
0.722351758032472,0.8269726619347146,0.871291261008456
0.722351758032472,-0.13898584874245284,-0.11940180721239019
0.722351758032472,1.3811434558604043,1.3912842413130315
0.722351758032472,0.8780638362999165,0.8803952920383398
0.722351758032472,1.213581735195172,1.1929403896606154
0.722351758032472,0.33853173580214757,0.329938953765355
0.722351758032472,0.4255121195941085,0.48913025043765423
-1.3843670883058157,-1.151328714469706,-1.06989294209707
0.722351758032472,-0.5868652576990254,-0.5607216402569677
0.722351758032472,0.4240374856864647,0.49004132639139153
0.722351758032472,-0.051551239001412535,-0.016641732449977548
0.722351758032472,0.7148992454925003,0.7512553837263144
0.722351758032472,1.2352099119439306,1.1170707407512732
-1.3843670883058157,-0.6944517067072533,-0.6263029850921508
-1.3843670883058157,-0.49086853975837574,-0.4394282397903465
0.722351758032472,0.7867016074743558,0.7693471688500617
0.722351758032472,0.2518136615995732,0.2865382470973401
0.722351758032472,0.677930176322963,0.6672820292475342
0.722351758032472,0.5254912171527577,0.5867883737884284
-1.3843670883058157,-1.1512675396300271,-1.1185939514564998
0.722351758032472,0.6313116108762037,0.6363395615446028
0.722351758032472,0.7007031901221908,0.7063486421313452
0.722351758032472,0.5451061768959995,0.6259854833181779
-1.3843670883058157,-0.8865208204951894,-0.8338801548795438
0.722351758032472,0.40042436092130207,0.35750375978588594
-1.3843670883058157,-0.8232754668422306,-0.8029634175259812
0.722351758032472,0.5594649545401211,0.6352455436332302
0.722351758032472,0.5142932404181029,0.4820742421474381
-1.3843670883058157,-0.803065923046236,-0.7605840374888622
-1.3843670883058157,-1.2179156098453325,-1.2057629270255845
0.722351758032472,0.4521212276646348,0.44189759093143754
-1.3843670883058157,-0.8851361105572942,-0.9160757641149674
0.722351758032472,0.5205857828805884,0.48067260425151814
0.722351758032472,0.35128499086080317,0.30222065496898254
0.722351758032472,0.06329823133933843,0.06023705373813815
0.722351758032472,0.6494689768458882,0.6862321781386562
0.722351758032472,0.5142338151575881,0.4813485157956909
0.722351758032472,0.6992537957442961,0.7059636819972295
0.722351758032472,1.1742712389317351,1.1686034858918908
-1.3843670883058157,-0.8031755743879424,-0.7097971614174559
0.722351758032472,0.5810909642267376,0.5995750156700845
0.722351758032472,0.6732305959722192,0.6403347345135926
0.722351758032472,-0.47981946137566894,-0.4758023383521522
-1.3843670883058157,-0.9212590953839132,-0.8342712869291613
0.722351758032472,0.5057171281068934,0.4470343323146404
-1.3843670883058157,-1.3090460881762032,-1.3121898932708085
-1.3843670883058157,-1.5963435505493282,-1.580800969872006
0.722351758032472,0.5167669612538883,0.5293409933035581
-1.3843670883058157,-1.091795580687844,-1.1085693450566048
0.722351758032472,1.0419603787431995,1.0386434776274565
0.722351758032472,0.2693136158028717,0.3296545071364082
0.722351758032472,0.5405491719414606,0.5001636464008111
0.722351758032472,1.0837355799217265,1.0840917314474898
0.722351758032472,1.067847528366193,1.0088858952891848
0.722351758032472,0.4917203665144375,0.453421740821656
-1.3843670883058157,-0.6418710608248546,-0.5460048568390637
0.722351758032472,1.3395008571467728,1.3103493695575246
0.722351758032472,1.33438495617993,1.2122563535034014
0.722351758032472,0.645341478034008,0.5842587736386315
0.722351758032472,0.10581090968237139,0.0695254812468491
0.722351758032472,0.589297134397077,0.6017619651269419
-1.3843670883058157,-1.2087014736711235,-1.217398348350583
0.722351758032472,0.4066394377571463,0.4087806121915319
0.722351758032472,0.6133927838983156,0.6805521000665691
-1.3843670883058157,-1.1754260442875566,-1.0977925355825637
0.722351758032472,1.1242217150155445,1.0833049749656891
-1.3843670883058157,-0.9111948358102293,-0.8751954147562333
0.722351758032472,0.5356516216245164,0.5445404779151197
-1.3843670883058157,-0.9996942849689081,-0.9498683233791807
0.722351758032472,0.4422314619160239,0.41611542811666336
-1.3843670883058157,-1.5565300748344004,-1.5285698265726992
-1.3843670883058157,-1.0770086152772795,-1.12339454495874
0.722351758032472,0.5362115591661851,0.6185827317841683
0.722351758032472,0.650937192556052,0.6513648065571933
-1.3843670883058157,-1.0622672397173303,-0.9836934586231189
0.722351758032472,0.4594103201755134,0.5400911052629344
-1.3843670883058157,-0.656980498173291,-0.596512977666537
0.722351758032472,0.7114336177189358,0.7034896907840031
0.722351758032472,0.3312002761271524,0.3094104055412313
0.722351758032472,0.23412951036836127,0.246471758369587
0.722351758032472,0.36464632311351974,0.33018007424441964
0.722351758032472,0.5149115412123392,0.5596094597055947
0.722351758032472,0.3618477844655215,0.3442604338876438
-1.3843670883058157,-0.7291531571096108,-0.7232307372081171
0.722351758032472,1.1479841934996915,1.0970880270729135
0.722351758032472,0.6256634404775425,0.5630366743550449
0.722351758032472,-0.48944595117953127,-0.44266656047355823
0.722351758032472,0.35863491809017034,0.328405154398399
0.722351758032472,-0.2939246030722509,-0.31680679087044394
0.722351758032472,0.64923797914118,0.6310369361827144
0.722351758032472,0.46453228415478554,0.5130453775879947
0.722351758032472,0.6683650129269679,0.7445434692095468
0.722351758032472,1.178371925600155,1.1409897234552577
0.722351758032472,0.4384695861265332,0.45362396045696496
-1.3843670883058157,-0.36918355901838773,-0.33288623382844496
0.722351758032472,-0.38044166057574624,-0.37840006918128144
0.722351758032472,0.5935305062468916,0.5311935983293626
-1.3843670883058157,-1.1578880716601652,-1.0564990750173135
0.722351758032472,0.31546001597791384,0.2873987987011039
0.722351758032472,1.387832418491413,1.3520284768394606
0.722351758032472,0.6209291512358509,0.6390739187125009
-1.3843670883058157,-0.5172288085584746,-0.4873410253837557
-1.3843670883058157,-1.3270938552169702,-1.373054476200666
0.722351758032472,0.6073547951445586,0.6254449780226793
0.722351758032472,0.4118834036040471,0.4116429317214436
0.722351758032472,0.5770011286348088,0.5357323861045287
0.722351758032472,0.5948997314181679,0.5453090374012128
0.722351758032472,1.3299531755562386,1.2888541322516924
-1.3843670883058157,-1.5419680893385708,-1.5039035414187765
-1.3843670883058157,-1.0459634379613627,-1.109636161510228
0.722351758032472,1.0681999347591966,1.0214196045155692
-1.3843670883058157,-1.185517159580239,-1.181201427845866
0.722351758032472,1.2149690167963159,1.1797180503112357
-1.3843670883058157,-1.078750252475586,-1.093689384672876
0.722351758032472,0.4368324240775634,0.38923245409900464
0.722351758032472,0.7571003578185299,0.7121575640207474
0.722351758032472,1.194125851066292,1.206140467913189
0.722351758032472,0.7215452702209719,0.7028346718443315
-1.3843670883058157,-1.2436201902608137,-1.2493179788275315
0.722351758032472,0.23446549101797953,0.3076597676662789
0.722351758032472,0.49341262421151033,0.4529259233114768
-1.3843670883058157,-1.323015821298989,-1.2687412460334393
-1.3843670883058157,-1.0579482220584968,-1.0968687331243392
-1.3843670883058157,-1.3151612161731476,-1.234904617307543
-1.3843670883058157,-0.38593568662105704,-0.3453142602819347
0.722351758032472,0.667632333146672,0.6601532726305015
0.722351758032472,0.5967292107568487,0.5349745275873218
-1.3843670883058157,-0.4615359263194012,-0.3996819416831855
0.722351758032472,0.5458494651398348,0.6036590229704957
0.722351758032472,-0.2902446681489543,-0.29923860331331564
-1.3843670883058157,-1.12332795584307,-1.1024439684784186
-1.3843670883058157,-0.5520232375558236,-0.5404584439366875
0.722351758032472,1.2850966490977385,1.282208512328964
-1.3843670883058157,-1.1939797836675832,-1.0997092321816644
-1.3843670883058157,-1.1249790124414711,-1.0321766767849136
0.722351758032472,0.7374183067728001,0.7325928988129269
0.722351758032472,0.32396156154548716,0.29384705949364287
0.722351758032472,0.18171467799916557,0.14491976669010576
0.722351758032472,0.30718308500423563,0.3159267901747049
-1.3843670883058157,-1.2572238883317368,-1.223179430049299
0.722351758032472,0.8633387109500694,0.8725700147521344
0.722351758032472,1.01908743284296,0.9965060534829275
0.722351758032472,0.4889677535403869,0.45000334226448835
-1.3843670883058157,-0.7586722680692162,-0.700436499775779
0.722351758032472,0.30620687363065136,0.32921663745155305
0.722351758032472,-0.2934051225956487,-0.25192506763520095
-1.3843670883058157,-1.3671857881708358,-1.3661936721481105
0.722351758032472,-0.09827235377151072,-0.06062057437444193
0.722351758032472,1.4315797860429025,1.4239154732003483
-1.3843670883058157,-1.4727867267953434,-1.4236338532118198
0.722351758032472,0.7196429834551188,0.6772532101477448
0.722351758032472,1.2609604495291284,1.2422761870952028
0.722351758032472,0.4413516971721777,0.44111631731607814
0.722351758032472,1.3402269295764129,1.33994550122685
-1.3843670883058157,-0.9420238589601012,-1.0127052226241358
0.722351758032472,0.12872112479354003,0.09006013853545125
0.722351758032472,0.5562438722598898,0.583987686969837
0.722351758032472,1.3646403267984621,1.3076029517581074
-1.3843670883058157,-0.6749341838867774,-0.5930239373212636
0.722351758032472,1.1702608032702484,1.156240814580371
0.722351758032472,0.14043955777417294,0.12037785183707117
0.722351758032472,0.26952323782711596,0.26725853980579783
0.722351758032472,0.4595118302528006,0.4640755097533393
0.722351758032472,1.0682071941833264,0.8943728094482097
-1.3843670883058157,-1.1985160553517478,-1.1375854770494866
0.722351758032472,0.5604590179605933,0.5816176280631294
0.722351758032472,1.284350870643152,1.2343197792694391
0.722351758032472,0.48541655450205257,0.4580617318414617
0.722351758032472,1.1508689520001356,1.1505531391585946
-1.3843670883058157,-0.9016246479813002,-0.8299053616812405
0.722351758032472,1.211649671125544,1.177038187952879
-1.3843670883058157,-1.2886795740590786,-1.2760870720684327
-1.3843670883058157,-1.191667562631867,-1.2175872767023046
-1.3843670883058157,-1.4795011988141913,-1.5116321577447185
0.722351758032472,1.410428785411784,1.3983073693204853
-1.3843670883058157,-0.5467892405744327,-0.4822575265729008
0.722351758032472,0.5443258732666293,0.6141946524734282
0.722351758032472,0.897260171579287,0.8106996405669977
-1.3843670883058157,-1.472487110261757,-1.4396773306323183
0.722351758032472,0.3297210533089865,0.35252015201319997
-1.3843670883058157,-0.7796953625077582,-0.7412855985327155
-1.3843670883058157,-1.0615939107530585,-1.0169098147151499
0.722351758032472,0.5421279020884263,0.5167393657802586
-1.3843670883058157,-1.279771673712458,-1.2693165148274261
-1.3843670883058157,-0.48669872629786437,-0.42108531440096786
0.722351758032472,-0.26937872202277285,-0.29944273908646135
-1.3843670883058157,-1.6667011688819267,-1.6261525413658908
-1.3843670883058157,-1.1756734698817222,-1.1605595625107663
0.722351758032472,0.6951360805938991,0.7468947872546534
0.722351758032472,1.1376024820046005,1.1426104338441023
0.722351758032472,0.686691069665859,0.6811560737177917
0.722351758032472,0.36559978174273616,0.3710078292300353
0.722351758032472,1.3058666537014387,1.2655851626792896
0.722351758032472,1.0643941416401685,1.0457827425041457
-1.3843670883058157,-0.5460593581441653,-0.4842214703033251
-1.3843670883058157,-1.2736727598076611,-1.2433766046894277
0.722351758032472,0.47382471181057817,0.45942948552598356
0.722351758032472,0.5513101490465446,0.5120829314262542
0.722351758032472,0.43439721319145314,0.40137819352162535
-1.3843670883058157,-0.7786514505448487,-0.7132025227932406
0.722351758032472,1.3898575514668932,1.3611762127496325
0.722351758032472,0.5223536129029364,0.4900616353329092
0.722351758032472,-0.4787941132700282,-0.4555585117729297
0.722351758032472,0.6178323032071621,0.6717675349570289
0.722351758032472,0.45494567321451995,0.48149703977649805
0.722351758032472,0.7409955951654409,0.6484854778977942
-1.3843670883058157,-1.6151779650952083,-1.586563770710905
0.722351758032472,-0.5039808611833757,-0.480104173197234
-1.3843670883058157,-1.3203708690806382,-1.301798679070224
-1.3843670883058157,-1.0744278307482495,-1.090070078424398
0.722351758032472,0.5403960797929697,0.5872593225718196
-1.3843670883058157,-1.3320585592069545,-1.2759889996465439
0.722351758032472,0.5954993360459795,0.5653516852331261
-1.3843670883058157,-1.306100129462787,-1.2456715405493188
0.722351758032472,0.19816055891876927,0.19730642117965472
0.722351758032472,0.4575097082431146,0.4136296670917331
0.722351758032472,0.1747816003659992,0.2711959528670358
0.722351758032472,0.9985270731535674,0.974100789570987
0.722351758032472,0.608738620421321,0.6741075455732214
0.722351758032472,0.5652484232299217,0.5555787122443332
0.722351758032472,0.5015508799112796,0.43485555804202813
0.722351758032472,0.6517063552728344,0.6557223309207014
-1.3843670883058157,-0.8955853467798248,-0.8493195578076667
0.722351758032472,0.5782539908721341,0.5484224209035985
-1.3843670883058157,-1.3054197314431113,-1.3214774888713785
-1.3843670883058157,-0.9101154054270093,-0.8905275547484843
0.722351758032472,1.3628656886637385,1.3460703165463985
0.722351758032472,0.28162875368603524,0.2826253660988851
0.722351758032472,1.5317165042778345,1.5153440554392645
0.722351758032472,0.819596749962469,0.7985872322163335
0.722351758032472,1.2374163801427778,1.1704455424308828
0.722351758032472,1.3620461337413445,1.3420057124474725
-1.3843670883058157,-1.1807718997268417,-1.0635878644692223
0.722351758032472,0.42514530685739893,0.3721578693189959
-1.3843670883058157,-1.1549398548540029,-1.2181366726960188
-1.3843670883058157,-1.3792875149173995,-1.3406099342301738
0.722351758032472,0.6873939104345826,0.6293690406783357
0.722351758032472,0.5154620545950607,0.4595011633660262
-1.3843670883058157,-0.8806047210009356,-0.829071703110576
0.722351758032472,1.3709686408239263,1.3309783555254253
0.722351758032472,0.7808756501714181,0.7911569075845878
0.722351758032472,0.7291527810071735,0.6671615280143782
-1.3843670883058157,-1.2292402072916657,-1.2767190575576453
-1.3843670883058157,-1.1123778010932694,-1.1069065607263002
0.722351758032472,1.455394390889226,1.4403217932560661
-1.3843670883058157,-1.1555462112774706,-1.1565829152656621
0.722351758032472,1.3327507874170927,1.3053401362796837
0.722351758032472,-0.46872606611414136,-0.4539919736735023
0.722351758032472,0.9253003222102492,0.9273363860403016
0.722351758032472,0.357633792946225,0.3423920047378507
0.722351758032472,0.49583829611477126,0.4883865725078539
0.722351758032472,-0.3605395065243799,-0.3008241731852863
-1.3843670883058157,-1.023772579513509,-0.9876894577091674
0.722351758032472,1.0695183399095196,0.9648307018237869
0.722351758032472,1.3299904903829547,1.3429572791443136
0.722351758032472,0.8733383545946187,0.8830625718430737
0.722351758032472,0.7688002221995488,0.6853142987932981
0.722351758032472,0.28843892453466013,0.22512272575778547
-1.3843670883058157,-1.6502798949192345,-1.6129438681829704
0.722351758032472,0.7890775679194408,0.796227940340791
-1.3843670883058157,-1.1822511484575218,-1.1813875651258219
0.722351758032472,0.40163225333326147,0.40049277482026835
-1.3843670883058157,-1.393295294970136,-1.3302478024113604
0.722351758032472,0.6891510139505608,0.5676535677622381
0.722351758032472,1.2752273081028624,1.2919286279796656
0.722351758032472,1.2603768079241537,1.2651655029922713
0.722351758032472,0.5133303572206659,0.5101522205972729
-1.3843670883058157,-1.4837298349401529,-1.4674658295574592
0.722351758032472,0.5359800627486534,0.5728119201203333
0.722351758032472,0.3407628645037484,0.4105670083075712
0.722351758032472,0.8475756776148282,0.8336757972423767
0.722351758032472,0.6720443186940648,0.6874850268509477
-1.3843670883058157,-0.725769465436061,-0.6928623256955612
-1.3843670883058157,-1.1123510563036965,-1.037970545885773
0.722351758032472,0.7635887858609901,0.7567876820291467
0.722351758032472,0.47658186957893245,0.5546951770216408
0.722351758032472,1.1656596741113676,1.1069202871171797
0.722351758032472,0.6485827677079938,0.6841336997466715
-1.3843670883058157,-1.1823977472662277,-1.2108952392778214
0.722351758032472,-0.36129639364845567,-0.3516465460362187
0.722351758032472,0.43779204308766806,0.38352576235680425
0.722351758032472,0.5627271607210482,0.6249370740388793
0.722351758032472,0.6542583817504758,0.6342939387408226
-1.3843670883058157,-1.510060918898931,-1.4772901588332006
0.722351758032472,1.3659782107023264,1.3435478149567377
-1.3843670883058157,-1.4618935438182499,-1.4924466784368076
0.722351758032472,0.9799150772586841,0.8970697558732206
0.722351758032472,0.49043045832601667,0.4636992218535673
0.722351758032472,1.1508444264439386,1.162750145636688
0.722351758032472,0.5585132866231424,0.4864175284086415
-1.3843670883058157,-0.6661564745159197,-0.6336715219836183
0.722351758032472,0.3474222609930532,0.40238315856446116
-1.3843670883058157,-1.2098237401323515,-1.1965914948283296
-1.3843670883058157,-1.0621492061441065,-1.0349430780528588
-1.3843670883058157,-0.9092225218015304,-0.846810698366689
0.722351758032472,0.4896042806311141,0.45224638824395613
0.722351758032472,0.9827155740340932,0.9103958895219588
-1.3843670883058157,-0.8646220021117862,-0.826736108094355
0.722351758032472,0.815877690374004,0.7780649161717801
0.722351758032472,0.5456461621644365,0.5492099308533995
0.722351758032472,-0.541918523778219,-0.4534768202227221
0.722351758032472,0.5434951857199107,0.6057006997674402
0.722351758032472,1.3812062666832785,1.373582034650179
0.722351758032472,0.7070982808489626,0.7035755735734809
0.722351758032472,-0.049123690247052876,-0.02699730198150785
0.722351758032472,0.6185471328335186,0.615382633319811
-1.3843670883058157,-0.9144655529304964,-0.85457058577509
0.722351758032472,0.5154478444698544,0.5027009310200459
0.722351758032472,0.35959454507740407,0.345147585149484
0.722351758032472,0.5638181644110632,0.5218483422645498
0.722351758032472,1.2334779922225885,1.2344966783741662
0.722351758032472,-0.7297242360617144,-0.688649646258737
-1.3843670883058157,-1.2205348605133013,-1.1695365733329082
-1.3843670883058157,-1.3265922408853272,-1.3654565480207081
-1.3843670883058157,-1.2003431103969204,-1.2001737343219108
0.722351758032472,0.297157586040335,0.27308097406364173
-1.3843670883058157,-1.3242427494258786,-1.3687195089468718
0.722351758032472,0.5178765033252459,0.4794240793872271
0.722351758032472,0.628401922739274,0.6442131314942003
-1.3843670883058157,-1.0123388030403457,-0.9709970340418667
-1.3843670883058157,-1.196062388305815,-1.1627780998547836
-1.3843670883058157,-1.4469966914946473,-1.4406773196923786
0.722351758032472,0.8098678880196548,0.7550669607894342
0.722351758032472,0.26652463916878094,0.2647889206801856
-1.3843670883058157,-0.9707102009106183,-0.8845532013089059
0.722351758032472,0.5684085808283543,0.5057444342669472
0.722351758032472,1.1677629071833988,1.15966172296642
0.722351758032472,-0.43971463550475093,-0.4172707838499906
0.722351758032472,-0.3384612058624976,-0.37275637317143
0.722351758032472,0.7763176033828465,0.7639391985715357
-1.3843670883058157,-1.3928618943174282,-1.379240121819671
-1.3843670883058157,-1.0342061890724006,-1.0300705255804465
0.722351758032472,0.43372608192609374,0.5225235518268924
0.722351758032472,0.9959190784481872,0.9511161252162221
-1.3843670883058157,-0.9376202384948358,-0.9150955660424857
0.722351758032472,0.46414480091927507,0.4099399491406446
-1.3843670883058157,-1.0260080526795092,-1.0158177354286144
0.722351758032472,0.6235563038398607,0.5964172233398757
0.722351758032472,-0.670811514273084,-0.6339505165221923
0.722351758032472,1.2680299748348705,1.2881151996041311
-1.3843670883058157,-1.0643242231444485,-1.001280868744222
0.722351758032472,1.1229807595719998,1.0254675086419578
0.722351758032472,-0.2630589864709287,-0.2971913508010244
0.722351758032472,1.312073044150218,1.2865911177338438
0.722351758032472,0.9581538126642521,0.827103675127353
-1.3843670883058157,-1.3762824354783272,-1.429756109427521
0.722351758032472,0.44985709744924296,0.43790732666799065
-1.3843670883058157,-0.7885030132728603,-0.7945466119645315
-1.3843670883058157,-1.3935954935088772,-1.381335660029628
-1.3843670883058157,-1.3354599733394459,-1.3723443653796406
0.722351758032472,-0.6278104345176887,-0.6053628397037266
0.722351758032472,0.3774283466377044,0.3649709635452132
-1.3843670883058157,-1.257056318495624,-1.2338773254264954
-1.3843670883058157,-1.0560876571832316,-0.9702505586004756
0.722351758032472,0.8705298053642944,0.832437461760124
0.722351758032472,-0.5950584518256742,-0.5701498528041704
0.722351758032472,0.7476861210949918,0.7244975996410349
0.722351758032472,-0.20880039504826048,-0.15002764731029722
-1.3843670883058157,-1.156692098661272,-1.1241411072401317
-1.3843670883058157,-0.5269729469924385,-0.4903341275558716
-1.3843670883058157,-0.6620988868548795,-0.5884344983407145
-1.3843670883058157,-0.9532715871669508,-0.9996080093397937
-1.3843670883058157,-1.0350527788876023,-0.9786601025484768
0.722351758032472,1.257673274783523,1.2822946982181627
-1.3843670883058157,-0.8174611683507557,-0.7843773117548475
0.722351758032472,0.6984842113496069,0.7159110931205164
0.722351758032472,0.7177150707784551,0.722738716395377
0.722351758032472,0.741987937062059,0.7382335386237722
-1.3843670883058157,-1.18692802762061,-1.1890780587718583
-1.3843670883058157,-0.8321699634456492,-0.7339615703735198
0.722351758032472,0.28843449476311345,0.26295387927907576
0.722351758032472,0.9544514409716971,0.8307284367064218
0.722351758032472,0.6272382344389422,0.6082236232660992
0.722351758032472,0.9983368342289112,0.9501777706495937
0.722351758032472,1.1957532526015013,1.1810341025823958
-1.3843670883058157,-1.0443343743181823,-1.0115337625447096
-1.3843670883058157,-0.5906789925795853,-0.5718042693580633
0.722351758032472,-0.176677195744182,-0.13087610734997102
0.722351758032472,0.7687726118782887,0.7326873970097673
-1.3843670883058157,-1.2983360321612012,-1.276556516593373
-1.3843670883058157,0.20192908684248323,0.18030325355039223
0.722351758032472,0.6806003910414007,0.6000651179276131
0.722351758032472,0.22798904457917335,0.17688533014680002
-1.3843670883058157,-1.262548533261949,-1.2679085565570447
0.722351758032472,0.6161037693701106,0.604234045694563
0.722351758032472,0.7116190838261645,0.6894037139929384
0.722351758032472,-0.254876095130335,-0.2754198363406124
-1.3843670883058157,-1.1671058536809156,-1.1477735147086567
0.722351758032472,0.6990588025280459,0.6707132625762197
-1.3843670883058157,-1.4210372859189668,-1.427179542952597
-1.3843670883058157,-1.0711120516186816,-1.09641364552489
0.722351758032472,1.1597217376695372,1.1168048892152016
0.722351758032472,0.7440000955173472,0.7658476282996443
-1.3843670883058157,-0.8161712525534416,-0.8133679784415941
-1.3843670883058157,-1.0027323762189664,-0.9655745002885843
0.722351758032472,0.9354019460134805,0.9319693279796473
-1.3843670883058157,-1.224436509325213,-1.2114850176853442
-1.3843670883058157,-1.4810512295993639,-1.475798959328412
-1.3843670883058157,-1.1080565156876674,-1.115183230534085
0.722351758032472,1.3116345241544032,1.268689434529795
-1.3843670883058157,-1.0384602821482087,-1.018962428991681
0.722351758032472,-0.5006856146712013,-0.4157214815361011
0.722351758032472,0.6205598256385996,0.5994977799302978
-1.3843670883058157,-1.3345809575532905,-1.2821998845157812
0.722351758032472,1.045843803447561,1.0193078772222441
0.722351758032472,0.3434015925607432,0.30363184528340126
0.722351758032472,0.580149519323135,0.6273190924397367
0.722351758032472,0.6803982002258553,0.6055225706944525
0.722351758032472,0.8676823044506067,0.8261243166104525
-1.3843670883058157,-1.0550433281687177,-1.1204051660119456
0.722351758032472,0.08165070806679209,0.02821687575202425
-1.3843670883058157,-1.4243506248097009,-1.4374491833245335
-1.3843670883058157,-1.02735972795922,-0.9750262355724475
0.722351758032472,0.8915106540617255,0.8992032717071597
0.722351758032472,-0.38365898249041935,-0.3548535454451981
-1.3843670883058157,-1.0474529046555778,-1.112776837328803
0.722351758032472,0.8327158997257675,0.8282435706567348
0.722351758032472,1.3049242274729171,1.303733693578911
0.722351758032472,0.710370298782506,0.6796535178323748
0.722351758032472,0.18383445507257018,0.17172781125271364
0.722351758032472,0.23991600000632274,0.21826328800081418
0.722351758032472,1.2724558428493589,1.2218767155948127
0.722351758032472,0.3259222879190794,0.36880441152951415
0.722351758032472,1.3349508035151247,1.3185101047677705
0.722351758032472,0.5629764114499001,0.4818548720160034
-1.3843670883058157,-1.2724880464411625,-1.254899602145015
0.722351758032472,0.4468442682233123,0.43731535227156443
-1.3843670883058157,-1.49610892524547,-1.4398869393059301
0.722351758032472,0.20004535738900509,0.19426801357904033
-1.3843670883058157,-0.9469144316975121,-0.9439743411386969
-1.3843670883058157,-1.2614916840448636,-1.1763853381426608
-1.3843670883058157,-1.4367562398121685,-1.4571601161242176
0.722351758032472,0.47659902417530964,0.4636917500713451
0.722351758032472,-0.4474875979146531,-0.4344324458079249
0.722351758032472,0.904690830281065,0.8070965528226727
-1.3843670883058157,-1.0399433636150053,-1.0952056984899023
0.722351758032472,0.3094882155435231,0.30587113078913203
-1.3843670883058157,-1.1065147850225867,-1.1232432435083464
-1.3843670883058157,-0.7463722107908525,-0.6196159791611936
0.722351758032472,0.44167558140211527,0.3906617859741117
0.722351758032472,0.4535811075707403,0.48452545207406994
0.722351758032472,0.2499440518606894,0.20538112474817083
0.722351758032472,-0.13163676787532355,-0.11534258457833935
0.722351758032472,0.5673833471630297,0.5704482285927552
0.722351758032472,1.0690370007033412,1.0509682777935967
0.722351758032472,1.216011048894909,1.1899997137201745
0.722351758032472,-0.4627485526917823,-0.45572025535592164
0.722351758032472,0.5043553700556118,0.44612024767465064
0.722351758032472,1.0579134006637405,1.0168429460574662
0.722351758032472,0.5040311809662417,0.5599839441013373
0.722351758032472,0.2564716440567578,0.30488872686894597
0.722351758032472,0.23968771664875183,0.2587952878660289
0.722351758032472,0.5483355161203594,0.49387809595540644
0.722351758032472,1.1780264591449359,1.1720824119981095
-1.3843670883058157,-1.3635343594703213,-1.3991557392553662
-1.3843670883058157,-0.8386007169269266,-0.7643431217593275
0.722351758032472,-0.24829445781717002,-0.26163408227230023
0.722351758032472,0.6305955483351691,0.5733935413837719
-1.3843670883058157,-0.7489321519008725,-0.7328962570592932
-1.3843670883058157,-0.9165812980826442,-0.8662228036083286
-1.3843670883058157,-1.0427876279189854,-0.9571815119775977
0.722351758032472,1.3828749431460234,1.3298226322506115
0.722351758032472,-0.25341443026166977,-0.20182618008893843
0.722351758032472,0.6930391721885272,0.7070058568445114
0.722351758032472,0.43699796710614314,0.3912500721773443
-1.3843670883058157,-1.568347048080806,-1.5476002402158109
0.722351758032472,0.6672752642961757,0.7166892543510216
0.722351758032472,1.1441195449480577,1.1004908651843033
0.722351758032472,0.4246184217771301,0.41979012212225936
0.722351758032472,0.6363755031289378,0.6812834292475523
-1.3843670883058157,-1.1227965545840035,-1.0523222639479857
0.722351758032472,0.9267435183329045,0.9186765982562661
-1.3843670883058157,-0.5550019835576316,-0.516281150405288
0.722351758032472,0.47928508429746214,0.41462253387508385
-1.3843670883058157,-1.179852930421422,-1.1722468737285883
0.722351758032472,0.5685447526447168,0.5403625551087371
0.722351758032472,1.3106178798307728,1.2836630232856647
0.722351758032472,-0.5586184051398942,-0.5371369240969026
0.722351758032472,0.9538275477789072,0.890009197220728
0.722351758032472,0.7563534072125829,0.7120300584915052
-1.3843670883058157,-1.5063186109785396,-1.4742686720308347
0.722351758032472,1.0609075519298425,1.044356037265004
0.722351758032472,0.4309218665582282,0.3940149352588642
0.722351758032472,0.3938985225367424,0.4104172819183879
0.722351758032472,0.43302435524193383,0.457430258568184
0.722351758032472,0.1524736187718777,0.22847977592958357
0.722351758032472,0.8204776453897299,0.826364275732751
-1.3843670883058157,-0.843121326669781,-0.7442667635422069
0.722351758032472,0.45528972714008187,0.5591197131573405
0.722351758032472,0.4157104656587617,0.40669984295396033
0.722351758032472,0.7675781286982205,0.7478322798350634
0.722351758032472,0.5248784211427935,0.44891999731529386
0.722351758032472,-0.2787347904036502,-0.2534587045061216
-1.3843670883058157,-1.3446035267121001,-1.3991127013597913
0.722351758032472,0.6705947220400124,0.6558221876497061
0.722351758032472,0.38889792409495405,0.35171290373896424
0.722351758032472,0.22185577875793372,0.2142625016753129
0.722351758032472,-0.5204016309947066,-0.48245003461401126
0.722351758032472,1.3412090041070506,1.3217837844359845
0.722351758032472,1.1264082063543126,1.1124185020088317
0.722351758032472,-0.4341224920122579,-0.4379362039742928
-1.3843670883058157,-1.2024106845288927,-1.146225193240848
-1.3843670883058157,-1.417575202599505,-1.416861720095804
-1.3843670883058157,-1.3771722829281383,-1.3955389391875244
-1.3843670883058157,-0.5739656058048986,-0.5661596799163132
-1.3843670883058157,-1.2753989685999452,-1.3292733198032012
-1.3843670883058157,-1.1924254998794364,-1.1255958026265174
0.722351758032472,0.6666444916693192,0.6897426907862257
-1.3843670883058157,-1.26821171998167,-1.209962249448064
-1.3843670883058157,-0.9249838308642633,-0.9148380678129868
0.722351758032472,0.4161552036541305,0.4489111523965784
0.722351758032472,0.5510330436655261,0.4951562140751915
0.722351758032472,1.1655118040974413,1.1272093533594472
-1.3843670883058157,-1.3743893360624932,-1.3161545184934478
0.722351758032472,-0.5164881557718967,-0.5047664755098377
-1.3843670883058157,-1.5631954668347225,-1.5630057522983665
-1.3843670883058157,-1.0809044667350294,-1.0663768729901015
-1.3843670883058157,-0.7673411331232534,-0.74032898789204
0.722351758032472,0.6958169266683196,0.7472082593548858
-1.3843670883058157,-0.7029407044562923,-0.7104594357948273
0.722351758032472,0.8011248711988783,0.8171849740864399
0.722351758032472,0.4473747047342344,0.3900273570959155
-1.3843670883058157,-1.0634995533996452,-1.0960314806237936
-1.3843670883058157,-1.5019138893392792,-1.5131750981174321
0.722351758032472,0.6681747398799175,0.6601376264121588
0.722351758032472,0.7205215781013998,0.7147141482295931
0.722351758032472,0.5456150075608652,0.5986421427039437
0.722351758032472,0.8335208057828731,0.7369495373465581
-1.3843670883058157,-1.3313849863896927,-1.3158867790944166
0.722351758032472,0.027569816214592535,0.05892758328807207
0.722351758032472,0.5741524671931475,0.5746778221520779
0.722351758032472,-0.29161118256329277,-0.26324393289892645
-1.3843670883058157,-1.0266828738102314,-0.9534341735012868
0.722351758032472,0.3638041040547447,0.36389102903666587
0.722351758032472,0.765864678318068,0.7344773152807333
-1.3843670883058157,-0.4513497538528668,-0.3860813441574542
-1.3843670883058157,-0.5758065328744708,-0.5490756651045814
-1.3843670883058157,-1.429238325928785,-1.3818397597850969
0.722351758032472,0.8392748565746617,0.7773441139248732
-1.3843670883058157,-1.1925954220703272,-1.1092343794154742
0.722351758032472,0.6829227922036204,0.6270888006840458
-1.3843670883058157,-1.389984767321517,-1.330577906848206
0.722351758032472,0.47202562149878613,0.46499489430253194
0.722351758032472,0.5422045252613183,0.6271958312190187
0.722351758032472,-0.36923764521070784,-0.3888055257357155
0.722351758032472,1.5713646740802498,1.545160393058107
0.722351758032472,1.3299745448758833,1.3374582319134063
0.722351758032472,-0.5153696786995112,-0.5037536747016964
0.722351758032472,0.6071709688433193,0.597613389395601
0.722351758032472,-0.5620480518757291,-0.5216270795493823
0.722351758032472,1.0982489210613502,1.0174328396682006
0.722351758032472,0.6689523670612114,0.6491847274726699
-1.3843670883058157,-1.4209819476667849,-1.4435115388897755
0.722351758032472,1.036611019864655,0.9726839575366554
-1.3843670883058157,-0.46417109564707526,-0.4354723341799752
0.722351758032472,0.4472194583264575,0.4968294857385417
-1.3843670883058157,-1.062323912469758,-1.0566240138779457
0.722351758032472,0.3436121353782029,0.3281163108129471
0.722351758032472,0.4568503459363219,0.47455974611518636
-1.3843670883058157,-1.3284546782837077,-1.2967943863003786
0.722351758032472,0.523072347642048,0.5616254195599495
0.722351758032472,0.6123114602047786,0.5715162056281579
0.722351758032472,0.40845230449263903,0.5093012222226436
0.722351758032472,0.977443497848268,0.9642173921349757
-1.3843670883058157,-1.1578049625433147,-1.192505487513782
-1.3843670883058157,-0.7986931287382173,-0.7284704818434955
0.722351758032472,0.4164510408764901,0.4014261759553487
0.722351758032472,0.7571640496670997,0.727154429867829
-1.3843670883058157,-0.9972752343436794,-0.9899801181589537
0.722351758032472,1.2536492953730356,1.2314364962689655
0.722351758032472,1.0902115249431157,1.059123495280057
0.722351758032472,-0.2922018833589519,-0.29587031444456324
0.722351758032472,0.7718724298703313,0.6811853368188632
0.722351758032472,0.9693692511602373,0.9441968507441035
0.722351758032472,0.6920594334028328,0.7077361225127093
-1.3843670883058157,-0.9530025467597185,-0.9182303251156414
-1.3843670883058157,-1.5691577968530734,-1.5500887220839168
-1.3843670883058157,-1.399960044765658,-1.3758687787429478
0.722351758032472,0.704909933115692,0.7338609672344383
0.722351758032472,0.2977139809076207,0.2611671315662325
-1.3843670883058157,-0.5902331492216885,-0.5351988697369197
0.722351758032472,0.657845759869372,0.6917919771859197
0.722351758032472,-0.1315558316031421,-0.16587551120901411
0.722351758032472,1.272246754130066,1.2201908014587828
0.722351758032472,0.5920057995269297,0.5790728000713834
0.722351758032472,0.6992784608641116,0.6867790208419954
-1.3843670883058157,-1.4239982719574882,-1.4370580947695768
0.722351758032472,-0.33879478125878565,-0.32543243271050226
0.722351758032472,0.48939938519284354,0.5004801486130583
0.722351758032472,0.913204661376762,0.8326444239178021
-1.3843670883058157,-0.4284629967508822,-0.37081320142815344
0.722351758032472,1.0819406171407484,1.0577884406168385
-1.3843670883058157,-0.6267395406469694,-0.5735975906561536
0.722351758032472,1.3443183764771522,1.3165737914794446
0.722351758032472,0.4068712816489197,0.38942671953076796
-1.3843670883058157,-1.2005930265979652,-1.247275027153236
0.722351758032472,1.3035722565284713,1.2902785536118078
0.722351758032472,0.6867420591330864,0.6907129767191067
0.722351758032472,0.7812592856177025,0.8130809110784454
0.722351758032472,-0.4931827602222981,-0.45817834723031436
0.722351758032472,1.0921451939326403,1.039863939028619
0.722351758032472,0.4022276848170535,0.45222437542999083
-1.3843670883058157,-1.2557983442702452,-1.2179933306868524
0.722351758032472,0.5006595231657455,0.5496961822619726
0.722351758032472,0.7582558308374168,0.7225970637864743
0.722351758032472,0.7023340106328555,0.6529210165743933
-1.3843670883058157,-1.3177857394396177,-1.3195435187969358
-1.3843670883058157,-1.2177841368596594,-1.2359732237558956
-1.3843670883058157,-1.1760009409987475,-1.2172308028091776
-1.3843670883058157,-1.236976135277434,-1.2784725708895108
-1.3843670883058157,-0.6170069023393199,-0.5289906192525698
-1.3843670883058157,-0.8896763054883103,-0.9391870858928507
0.722351758032472,0.6524883392231121,0.6193434939203908
0.722351758032472,0.6744788352346553,0.6844649817142118
0.722351758032472,-0.629763352265968,-0.5800660192422252
-1.3843670883058157,-1.2917531390379853,-1.2485690663524578
-1.3843670883058157,-1.3232669525665373,-1.3020378998168978
0.722351758032472,0.7599655702014909,0.7819274915613852
-1.3843670883058157,-1.366686684127931,-1.3216745364920222
0.722351758032472,-0.22858454998455083,-0.17691213184938495
-1.3843670883058157,-1.1873103557831484,-1.169475822986934
-1.3843670883058157,-0.910300739098101,-0.8667926187976385
0.722351758032472,-0.331644018698119,-0.31039880155006644
0.722351758032472,0.5753918748249534,0.5432286211996493
0.722351758032472,0.4443822924541777,0.46847835755413714
0.722351758032472,0.5428909081898806,0.580873319723992
0.722351758032472,0.950250145576996,0.9180092158933061
-1.3843670883058157,-1.177608416178567,-1.1314693966127907
0.722351758032472,0.535589596939971,0.5398819856223595
0.722351758032472,0.5443280076705388,0.5386492845711478
-1.3843670883058157,-1.0084481424836707,-0.9382571167293574
-1.3843670883058157,-1.4511910857651202,-1.4702250889083688
0.722351758032472,0.459773908124137,0.4214880711463651
0.722351758032472,0.3762052517489849,0.37172780109569215
0.722351758032472,1.0461925090961395,0.9661734121941312
-1.3843670883058157,-0.9991016488756166,-1.0527387912448627
0.722351758032472,0.9079432101589633,0.8276547995483514
-1.3843670883058157,-1.5239105666962398,-1.5073734359201425
0.722351758032472,0.37886959664534525,0.350332296055317
0.722351758032472,0.6040464202203601,0.5599705242545641
0.722351758032472,1.4751373409766049,1.4342941801501472
-1.3843670883058157,-1.0264773544974097,-0.9699097513649834
-1.3843670883058157,-1.1678284715837874,-1.1952038660459559
0.722351758032472,0.7262322690465804,0.7013268392534467
-1.3843670883058157,-0.9698822319717418,-0.9202652013757296
-1.3843670883058157,-1.2793340023337767,-1.3103614384076283
-1.3843670883058157,-1.1727493760936547,-1.2054235980225483
-1.3843670883058157,-0.9110591925761439,-0.841133131627399
0.722351758032472,-0.703769351292015,-0.6673433482587413
0.722351758032472,0.4868336486702345,0.519439945501903
0.722351758032472,0.3659579256199408,0.3004996690551767
-1.3843670883058157,-1.1198145553967056,-1.034915894877457
0.722351758032472,-0.3661459382916672,-0.3708232882294077
0.722351758032472,0.49690197126380775,0.4756118824291192
0.722351758032472,0.7284655203446667,0.6784340754185444
0.722351758032472,-0.5273602717602642,-0.5484033971077411
0.722351758032472,0.5597219821940909,0.6088757698778462
0.722351758032472,-0.30414173313379317,-0.2832924932520053
-1.3843670883058157,-1.5740967548324347,-1.529036035274499
-1.3843670883058157,-1.314602532616824,-1.3053458416831125
0.722351758032472,-0.1272529328074855,-0.07529398724572872
-1.3843670883058157,-1.1712472830340421,-1.1048439357724447
0.722351758032472,1.5152405888782259,1.4590415010914173
0.722351758032472,0.6187157618551818,0.6307982773927399
0.722351758032472,0.5963666456505797,0.5469730718498044
0.722351758032472,1.038711323985052,1.0086403974804898
-1.3843670883058157,-1.0887723677680432,-0.999536263180119
0.722351758032472,0.48512470207589686,0.42199166366568813
0.722351758032472,-0.43342514073346383,-0.44886251745452854
0.722351758032472,0.3924363495384301,0.4559359511692307
0.722351758032472,0.28174158211531264,0.3056650082845538
-1.3843670883058157,-0.9409565979706882,-0.9038955175421648
-1.3843670883058157,-0.945947790641429,-0.9240075788668731
0.722351758032472,0.5857653016325531,0.5470207688126157
-1.3843670883058157,-0.7713209286361479,-0.7911909187730979
0.722351758032472,0.9796550884868963,0.957210407926401
0.722351758032472,0.49804691815484214,0.47023543851789273
-1.3843670883058157,-0.7724314794070523,-0.7447740044920903
0.722351758032472,0.13355051153119013,0.20047623905654932
-1.3843670883058157,-1.2386129886263508,-1.2219855556244068
0.722351758032472,1.0775166027677536,1.0228197888122754
-1.3843670883058157,-1.1909095860467436,-1.1743782050997675
-1.3843670883058157,-1.1927385134695203,-1.0982766504570314
0.722351758032472,0.5705756849963786,0.5233149778807955
0.722351758032472,0.36699507360412,0.3281014863017553
0.722351758032472,1.0154327964955643,0.9718923262686305
0.722351758032472,1.3735976059956028,1.3389896874854272
0.722351758032472,0.46836333341761827,0.5243887703038073
0.722351758032472,-0.04438781232188749,-0.05981557872342036
0.722351758032472,-0.5186689648889795,-0.5128305425924492
-1.3843670883058157,-1.2399812342586558,-1.2679399705791632
0.722351758032472,0.5061052544343597,0.46168251805721516
0.722351758032472,0.6033356717524594,0.5727643847483105
0.722351758032472,0.9951777408687843,0.9958048536380643
-1.3843670883058157,-0.8299335534456073,-0.7777531055651193
0.722351758032472,0.7881346594238443,0.7567519409991142
0.722351758032472,-0.26386851688898827,-0.2939694475975387
-1.3843670883058157,-1.1118506692256405,-1.1855434347720144
0.722351758032472,-0.5137603755319499,-0.509222572097595
-1.3843670883058157,-0.8299824878655495,-0.8148944496330603
-1.3843670883058157,-0.698922718868872,-0.603020620582807
0.722351758032472,-0.19533570746293627,-0.19056239828949925
0.722351758032472,0.6104495028705098,0.6397639935455742
0.722351758032472,0.2574636534619165,0.22931132459198478
0.722351758032472,-0.43204044054458546,-0.38481050420000784
0.722351758032472,0.6609570835072966,0.6496147872152107
0.722351758032472,0.529307887643133,0.4777324501876807
-1.3843670883058157,-0.9614928734885962,-0.8918048581768095
0.722351758032472,0.24866146151934654,0.21593073106196692
0.722351758032472,1.2406410609759817,1.2414623332962478
-1.3843670883058157,-1.2801405772026138,-1.2963766119962414
0.722351758032472,0.6278258552459796,0.5370652534660645
0.722351758032472,-0.4242986487812106,-0.3858415735314106
-1.3843670883058157,-1.289097665204293,-1.2447518776328481
0.722351758032472,0.2607415121737351,0.3349767261917356
0.722351758032472,0.4613763451119414,0.4310462441266205
-1.3843670883058157,-1.6073155427074355,-1.637462109404687
-1.3843670883058157,-1.1367858333032157,-1.13653493303254
0.722351758032472,1.293941962585666,1.2322276677041573
0.722351758032472,-0.15109911594489955,-0.101869199214975
0.722351758032472,1.4122932594664073,1.3910039345466767
0.722351758032472,0.8288016534248718,0.7817938719538506
0.722351758032472,0.7203306064889834,0.6292365410564666
0.722351758032472,0.7297386754244051,0.7267096378692453
0.722351758032472,0.5206971295806921,0.5457104983407141
0.722351758032472,-0.3587500486148828,-0.3054534196682876
-1.3843670883058157,-0.7816139015727516,-0.7136510039512756
-1.3843670883058157,-1.2778668603588355,-1.2656927309334889
0.722351758032472,1.2415589901293171,1.2031938103254234
0.722351758032472,0.4269553766306218,0.3915383747121556
0.722351758032472,0.487963689158345,0.5729501850169206
0.722351758032472,1.0806299262308132,1.022831172804921
-1.3843670883058157,-1.3445316295483767,-1.2823144264418755
-1.3843670883058157,-1.1157800829710776,-1.0916644608750854
0.722351758032472,0.9073732811211175,0.8270116301073629
0.722351758032472,-0.5466719823676114,-0.5336051846384303
0.722351758032472,1.196428248236568,1.1465870729640995
-1.3843670883058157,-1.1723242785072638,-1.2091122697134657
0.722351758032472,0.6635804531175918,0.5709474144905051
0.722351758032472,0.720794566195862,0.7312063891572675
0.722351758032472,0.5283521420542668,0.47479983167065065
0.722351758032472,-0.4866590997098078,-0.482705143367814
0.722351758032472,0.41555633868492214,0.3859321531668338
0.722351758032472,0.47227540115331357,0.4468443843183868
0.722351758032472,0.5033384337623678,0.4591749201038538
0.722351758032472,0.3885193272563294,0.3710693295694272
-1.3843670883058157,-0.8098149302470916,-0.7744982695152693
0.722351758032472,0.36742747060154085,0.32866750796787203
-1.3843670883058157,-0.9723547302512009,-0.9801605083286804
0.722351758032472,0.8618641970319458,0.7755662608331119
0.722351758032472,0.9688018547287773,0.9410942490602638
